  0
SECTION
  2
HEADER
  9
$ACADVER
  1
AC1027
  9
$ACADMAINTVER
 70
105
  9
$DWGCODEPAGE
  3
ANSI_1252
  9
$LASTSAVEDBY
  1
ezdxf
  9
$REQUIREDVERSIONS
160
0
  9
$INSBASE
 10
0.0
 20
0.0
 30
0.0
  9
$EXTMIN
 10
1e+20
 20
1e+20
 30
1e+20
  9
$EXTMAX
 10
-1e+20
 20
-1e+20
 30
-1e+20
  9
$LIMMIN
 10
0.0
 20
0.0
  9
$LIMMAX
 10
420.0
 20
297.0
  9
$ORTHOMODE
 70
0
  9
$REGENMODE
 70
1
  9
$FILLMODE
 70
1
  9
$QTEXTMODE
 70
0
  9
$MIRRTEXT
 70
1
  9
$LTSCALE
 40
1.0
  9
$ATTMODE
 70
1
  9
$TEXTSIZE
 40
2.5
  9
$TRACEWID
 40
1.0
  9
$TEXTSTYLE
  7
OpenSans
  9
$CLAYER
  8
0
  9
$CELTYPE
  6
ByLayer
  9
$CECOLOR
 62
256
  9
$CELTSCALE
 40
1.0
  9
$DISPSILH
 70
0
  9
$DIMSCALE
 40
1.0
  9
$DIMASZ
 40
0.175
  9
$DIMEXO
 40
0.125
  9
$DIMDLI
 40
3.75
  9
$DIMRND
 40
0.0
  9
$DIMDLE
 40
0.0
  9
$DIMEXE
 40
0.375
  9
$DIMTP
 40
0.0
  9
$DIMTM
 40
0.0
  9
$DIMTXT
 40
0.25
  9
$DIMCEN
 40
2.5
  9
$DIMTSZ
 40
0.0
  9
$DIMTOL
 70
0
  9
$DIMLIM
 70
0
  9
$DIMTIH
 70
0
  9
$DIMTOH
 70
0
  9
$DIMSE1
 70
0
  9
$DIMSE2
 70
0
  9
$DIMTAD
 70
1
  9
$DIMZIN
 70
12
  9
$DIMBLK
  1
ARCHTICK
  9
$DIMASO
 70
1
  9
$DIMSHO
 70
1
  9
$DIMPOST
  1

  9
$DIMAPOST
  1

  9
$DIMALT
 70
0
  9
$DIMALTD
 70
3
  9
$DIMALTF
 40
0.03937007874
  9
$DIMLFAC
 40
100.0
  9
$DIMTOFL
 70
1
  9
$DIMTVP
 40
0.0
  9
$DIMTIX
 70
0
  9
$DIMSOXD
 70
0
  9
$DIMSAH
 70
0
  9
$DIMBLK1
  1

  9
$DIMBLK2
  1

  9
$DIMSTYLE
  2
EZDXF
  9
$DIMCLRD
 70
0
  9
$DIMCLRE
 70
0
  9
$DIMCLRT
 70
0
  9
$DIMTFAC
 40
0.5
  9
$DIMGAP
 40
0.1
  9
$DIMJUST
 70
0
  9
$DIMSD1
 70
0
  9
$DIMSD2
 70
0
  9
$DIMTOLJ
 70
0
  9
$DIMTZIN
 70
8
  9
$DIMALTZ
 70
0
  9
$DIMALTTZ
 70
0
  9
$DIMUPT
 70
1
  9
$DIMDEC
 70
2
  9
$DIMTDEC
 70
2
  9
$DIMALTU
 70
2
  9
$DIMALTTD
 70
3
  9
$DIMTXSTY
  7
OpenSansCondensed-Light
  9
$DIMAUNIT
 70
0
  9
$DIMADEC
 70
2
  9
$DIMALTRND
 40
0.0
  9
$DIMAZIN
 70
3
  9
$DIMDSEP
 70
46
  9
$DIMATFIT
 70
3
  9
$DIMFRAC
 70
0
  9
$DIMLDRBLK
  1

  9
$DIMLUNIT
 70
2
  9
$DIMLWD
 70
-2
  9
$DIMLWE
 70
-2
  9
$DIMTMOVE
 70
2
  9
$DIMFXL
 40
1.0
  9
$DIMFXLON
 70
0
  9
$DIMJOGANG
 40
0.785398163397
  9
$DIMTFILL
 70
0
  9
$DIMTFILLCLR
 70
0
  9
$DIMARCSYM
 70
0
  9
$DIMLTYPE
  6

  9
$DIMLTEX1
  6

  9
$DIMLTEX2
  6

  9
$DIMTXTDIRECTION
 70
0
  9
$LUNITS
 70
2
  9
$LUPREC
 70
4
  9
$SKETCHINC
 40
1.0
  9
$FILLETRAD
 40
10.0
  9
$AUNITS
 70
0
  9
$AUPREC
 70
2
  9
$MENU
  1
.
  9
$ELEVATION
 40
0.0
  9
$PELEVATION
 40
0.0
  9
$THICKNESS
 40
0.0
  9
$LIMCHECK
 70
0
  9
$CHAMFERA
 40
0.0
  9
$CHAMFERB
 40
0.0
  9
$CHAMFERC
 40
0.0
  9
$CHAMFERD
 40
0.0
  9
$SKPOLY
 70
0
  9
$TDCREATE
 40
2461289.547777778
  9
$TDUCREATE
 40
2458532.153996898
  9
$TDUPDATE
 40
2461289.547777778
  9
$TDUUPDATE
 40
2458532.1544311
  9
$TDINDWG
 40
0.0
  9
$TDUSRTIMER
 40
0.0
  9
$USRTIMER
 70
1
  9
$ANGBASE
 50
0.0
  9
$ANGDIR
 70
0
  9
$PDMODE
 70
0
  9
$PDSIZE
 40
0.0
  9
$PLINEWID
 40
0.0
  9
$SPLFRAME
 70
0
  9
$SPLINETYPE
 70
6
  9
$SPLINESEGS
 70
8
  9
$HANDSEED
  5
C6C
  9
$SURFTAB1
 70
6
  9
$SURFTAB2
 70
6
  9
$SURFTYPE
 70
6
  9
$SURFU
 70
6
  9
$SURFV
 70
6
  9
$UCSBASE
  2

  9
$UCSNAME
  2

  9
$UCSORG
 10
0.0
 20
0.0
 30
0.0
  9
$UCSXDIR
 10
1.0
 20
0.0
 30
0.0
  9
$UCSYDIR
 10
0.0
 20
1.0
 30
0.0
  9
$UCSORTHOREF
  2

  9
$UCSORTHOVIEW
 70
0
  9
$UCSORGTOP
 10
0.0
 20
0.0
 30
0.0
  9
$UCSORGBOTTOM
 10
0.0
 20
0.0
 30
0.0
  9
$UCSORGLEFT
 10
0.0
 20
0.0
 30
0.0
  9
$UCSORGRIGHT
 10
0.0
 20
0.0
 30
0.0
  9
$UCSORGFRONT
 10
0.0
 20
0.0
 30
0.0
  9
$UCSORGBACK
 10
0.0
 20
0.0
 30
0.0
  9
$PUCSBASE
  2

  9
$PUCSNAME
  2

  9
$PUCSORG
 10
0.0
 20
0.0
 30
0.0
  9
$PUCSXDIR
 10
1.0
 20
0.0
 30
0.0
  9
$PUCSYDIR
 10
0.0
 20
1.0
 30
0.0
  9
$PUCSORTHOREF
  2

  9
$PUCSORTHOVIEW
 70
0
  9
$PUCSORGTOP
 10
0.0
 20
0.0
 30
0.0
  9
$PUCSORGBOTTOM
 10
0.0
 20
0.0
 30
0.0
  9
$PUCSORGLEFT
 10
0.0
 20
0.0
 30
0.0
  9
$PUCSORGRIGHT
 10
0.0
 20
0.0
 30
0.0
  9
$PUCSORGFRONT
 10
0.0
 20
0.0
 30
0.0
  9
$PUCSORGBACK
 10
0.0
 20
0.0
 30
0.0
  9
$USERI1
 70
0
  9
$USERI2
 70
0
  9
$USERI3
 70
0
  9
$USERI4
 70
0
  9
$USERI5
 70
0
  9
$USERR1
 40
0.0
  9
$USERR2
 40
0.0
  9
$USERR3
 40
0.0
  9
$USERR4
 40
0.0
  9
$USERR5
 40
0.0
  9
$WORLDVIEW
 70
1
  9
$SHADEDGE
 70
3
  9
$SHADEDIF
 70
70
  9
$TILEMODE
 70
1
  9
$MAXACTVP
 70
64
  9
$PINSBASE
 10
0.0
 20
0.0
 30
0.0
  9
$PLIMCHECK
 70
0
  9
$PEXTMIN
 10
1e+20
 20
1e+20
 30
1e+20
  9
$PEXTMAX
 10
-1e+20
 20
-1e+20
 30
-1e+20
  9
$PLIMMIN
 10
0.0
 20
0.0
  9
$PLIMMAX
 10
420.0
 20
297.0
  9
$UNITMODE
 70
0
  9
$VISRETAIN
 70
1
  9
$PLINEGEN
 70
0
  9
$PSLTSCALE
 70
1
  9
$TREEDEPTH
 70
3020
  9
$CMLSTYLE
  2
Standard
  9
$CMLJUST
 70
0
  9
$CMLSCALE
 40
20.0
  9
$PROXYGRAPHICS
 70
1
  9
$MEASUREMENT
 70
1
  9
$CELWEIGHT
370
-1
  9
$ENDCAPS
280
0
  9
$JOINSTYLE
280
0
  9
$LWDISPLAY
290
0
  9
$INSUNITS
 70
4
  9
$HYPERLINKBASE
  1

  9
$STYLESHEET
  1

  9
$XEDIT
290
1
  9
$CEPSNTYPE
380
0
  9
$PSTYLEMODE
290
1
  9
$FINGERPRINTGUID
  2
{9242ABE7-CF58-4F2C-8114-1CA018C7A4A5}
  9
$VERSIONGUID
  2
{6E41758A-4BD1-484B-991E-7B589944F495}
  9
$EXTNAMES
290
1
  9
$PSVPSCALE
 40
0.0
  9
$OLESTARTUP
290
0
  9
$SORTENTS
280
127
  9
$INDEXCTL
280
0
  9
$HIDETEXT
280
1
  9
$XCLIPFRAME
280
1
  9
$HALOGAP
280
0
  9
$OBSCOLOR
 70
257
  9
$OBSLTYPE
280
0
  9
$INTERSECTIONDISPLAY
280
0
  9
$INTERSECTIONCOLOR
 70
257
  9
$DIMASSOC
280
2
  9
$PROJECTNAME
  1

  9
$CAMERADISPLAY
290
0
  9
$LENSLENGTH
 40
50.0
  9
$CAMERAHEIGHT
 40
0.0
  9
$STEPSPERSEC
 40
24.0
  9
$STEPSIZE
 40
100.0
  9
$3DDWFPREC
 40
2.0
  9
$PSOLWIDTH
 40
0.005
  9
$PSOLHEIGHT
 40
0.08
  9
$LOFTANG1
 40
1.570796326795
  9
$LOFTANG2
 40
1.570796326795
  9
$LOFTMAG1
 40
0.0
  9
$LOFTMAG2
 40
0.0
  9
$LOFTPARAM
 70
7
  9
$LOFTNORMALS
280
1
  9
$LATITUDE
 40
37.795
  9
$LONGITUDE
 40
-122.394
  9
$NORTHDIRECTION
 40
0.0
  9
$TIMEZONE
 70
-8000
  9
$LIGHTGLYPHDISPLAY
280
1
  9
$TILEMODELIGHTSYNCH
280
1
  9
$CMATERIAL
347
20
  9
$SOLIDHIST
280
0
  9
$SHOWHIST
280
1
  9
$DWFFRAME
280
2
  9
$DGNFRAME
280
2
  9
$REALWORLDSCALE
290
1
  9
$INTERFERECOLOR
 62
256
  9
$CSHADOW
280
0
  9
$SHADOWPLANELOCATION
 40
0.0
  0
ENDSEC
  0
SECTION
  2
CLASSES
  0
CLASS
  1
ACDBDICTIONARYWDFLT
  2
AcDbDictionaryWithDefault
  3
ObjectDBX Classes
 90
0
 91
0
280
0
281
0
  0
CLASS
  1
SUN
  2
AcDbSun
  3
SCENEOE
 90
1153
 91
0
280
0
281
0
  0
CLASS
  1
VISUALSTYLE
  2
AcDbVisualStyle
  3
ObjectDBX Classes
 90
4095
 91
0
280
0
281
0
  0
CLASS
  1
MATERIAL
  2
AcDbMaterial
  3
ObjectDBX Classes
 90
1153
 91
0
280
0
281
0
  0
CLASS
  1
SCALE
  2
AcDbScale
  3
ObjectDBX Classes
 90
1153
 91
0
280
0
281
0
  0
CLASS
  1
TABLESTYLE
  2
AcDbTableStyle
  3
ObjectDBX Classes
 90
4095
 91
0
280
0
281
0
  0
CLASS
  1
MLEADERSTYLE
  2
AcDbMLeaderStyle
  3
ACDB_MLEADERSTYLE_CLASS
 90
4095
 91
0
280
0
281
0
  0
CLASS
  1
DICTIONARYVAR
  2
AcDbDictionaryVar
  3
ObjectDBX Classes
 90
0
 91
0
280
0
281
0
  0
CLASS
  1
CELLSTYLEMAP
  2
AcDbCellStyleMap
  3
ObjectDBX Classes
 90
1152
 91
0
280
0
281
0
  0
CLASS
  1
MENTALRAYRENDERSETTINGS
  2
AcDbMentalRayRenderSettings
  3
SCENEOE
 90
1024
 91
0
280
0
281
0
  0
CLASS
  1
ACDBDETAILVIEWSTYLE
  2
AcDbDetailViewStyle
  3
ObjectDBX Classes
 90
1025
 91
0
280
0
281
0
  0
CLASS
  1
ACDBSECTIONVIEWSTYLE
  2
AcDbSectionViewStyle
  3
ObjectDBX Classes
 90
1025
 91
0
280
0
281
0
  0
CLASS
  1
RASTERVARIABLES
  2
AcDbRasterVariables
  3
ISM
 90
0
 91
0
280
0
281
0
  0
CLASS
  1
LAYOUT
  2
AcDbLayout
  3
ObjectDBX Classes
 90
0
 91
0
280
0
281
0
  0
CLASS
  1
ACDBPLACEHOLDER
  2
AcDbPlaceHolder
  3
ObjectDBX Classes
 90
0
 91
0
280
0
281
0
  0
ENDSEC
  0
SECTION
  2
TABLES
  0
TABLE
  2
VPORT
  5
8
330
0
100
AcDbSymbolTable
 70
1
  0
VPORT
  5
23
330
8
100
AcDbSymbolTableRecord
100
AcDbViewportTableRecord
  2
*Active
 70
0
 10
0.0
 20
0.0
 11
1.0
 21
1.0
 12
0.0
 22
0.0
 13
0.0
 23
0.0
 14
0.5
 24
0.5
 15
0.5
 25
0.5
 16
0.0
 26
0.0
 36
1.0
 17
0.0
 27
0.0
 37
0.0
 40
1000.0
 41
1.34
 42
50.0
 43
0.0
 44
0.0
 50
0.0
 51
0.0
 71
0
 72
1000
 73
1
 74
3
 75
0
 76
0
 77
0
 78
0
281
0
 65
0
146
0.0
  0
ENDTAB
  0
TABLE
  2
LTYPE
  5
2
330
0
100
AcDbSymbolTable
 70
21
  0
LTYPE
  5
24
330
2
100
AcDbSymbolTableRecord
100
AcDbLinetypeTableRecord
  2
ByBlock
 70
0
  3

 72
65
 73
0
 40
0.0
  0
LTYPE
  5
25
330
2
100
AcDbSymbolTableRecord
100
AcDbLinetypeTableRecord
  2
ByLayer
 70
0
  3

 72
65
 73
0
 40
0.0
  0
LTYPE
  5
26
330
2
100
AcDbSymbolTableRecord
100
AcDbLinetypeTableRecord
  2
Continuous
 70
0
  3

 72
65
 73
0
 40
0.0
  0
LTYPE
  5
2F
330
2
100
AcDbSymbolTableRecord
100
AcDbLinetypeTableRecord
  2
CENTER
 70
0
  3
Center ____ _ ____ _ ____ _ ____ _ ____ _ ____
 72
65
 73
4
 40
5.08
 49
3.175
 74
0
 49
-0.635
 74
0
 49
0.635
 74
0
 49
-0.635
 74
0
  0
LTYPE
  5
30
330
2
100
AcDbSymbolTableRecord
100
AcDbLinetypeTableRecord
  2
CENTERX2
 70
0
  3
Center (2x) ________  __  ________  __  ________
 72
65
 73
4
 40
8.89
 49
6.35
 74
0
 49
-0.635
 74
0
 49
1.27
 74
0
 49
-0.635
 74
0
  0
LTYPE
  5
31
330
2
100
AcDbSymbolTableRecord
100
AcDbLinetypeTableRecord
  2
CENTER2
 70
0
  3
Center (.5x) ____ _ ____ _ ____ _ ____ _ ____
 72
65
 73
4
 40
2.54
 49
1.587
 74
0
 49
-0.318
 74
0
 49
0.318
 74
0
 49
-0.318
 74
0
  0
LTYPE
  5
32
330
2
100
AcDbSymbolTableRecord
100
AcDbLinetypeTableRecord
  2
DASHED
 70
0
  3
Dashed __ __ __ __ __ __ __ __ __ __ __ __ __ _
 72
65
 73
2
 40
1.524
 49
1.27
 74
0
 49
-0.254
 74
0
  0
LTYPE
  5
33
330
2
100
AcDbSymbolTableRecord
100
AcDbLinetypeTableRecord
  2
DASHEDX2
 70
0
  3
Dashed (2x) ____  ____  ____  ____  ____  ____
 72
65
 73
2
 40
3.048
 49
2.54
 74
0
 49
-0.508
 74
0
  0
LTYPE
  5
34
330
2
100
AcDbSymbolTableRecord
100
AcDbLinetypeTableRecord
  2
DASHED2
 70
0
  3
Dashed (.5x) _ _ _ _ _ _ _ _ _ _ _ _ _ _
 72
65
 73
2
 40
0.762
 49
0.635
 74
0
 49
-0.127
 74
0
  0
LTYPE
  5
35
330
2
100
AcDbSymbolTableRecord
100
AcDbLinetypeTableRecord
  2
PHANTOM
 70
0
  3
Phantom ______  __  __  ______  __  __  ______
 72
65
 73
6
 40
6.35
 49
3.175
 74
0
 49
-0.635
 74
0
 49
0.635
 74
0
 49
-0.635
 74
0
 49
0.635
 74
0
 49
-0.635
 74
0
  0
LTYPE
  5
36
330
2
100
AcDbSymbolTableRecord
100
AcDbLinetypeTableRecord
  2
PHANTOMX2
 70
0
  3
Phantom (2x)____________    ____    ____    ____________
 72
65
 73
6
 40
10.795
 49
6.35
 74
0
 49
-0.635
 74
0
 49
1.27
 74
0
 49
-0.635
 74
0
 49
1.27
 74
0
 49
-0.635
 74
0
  0
LTYPE
  5
37
330
2
100
AcDbSymbolTableRecord
100
AcDbLinetypeTableRecord
  2
PHANTOM2
 70
0
  3
Phantom (.5x) ___ _ _ ___ _ _ ___ _ _ ___ _ _ ___
 72
65
 73
6
 40
3.175
 49
1.587
 74
0
 49
-0.318
 74
0
 49
0.318
 74
0
 49
-0.318
 74
0
 49
0.318
 74
0
 49
-0.318
 74
0
  0
LTYPE
  5
38
330
2
100
AcDbSymbolTableRecord
100
AcDbLinetypeTableRecord
  2
DASHDOT
 70
0
  3
Dash dot __ . __ . __ . __ . __ . __ . __ . __
 72
65
 73
4
 40
3.556
 49
2.54
 74
0
 49
-0.508
 74
0
 49
0.0
 74
0
 49
-0.508
 74
0
  0
LTYPE
  5
39
330
2
100
AcDbSymbolTableRecord
100
AcDbLinetypeTableRecord
  2
DASHDOTX2
 70
0
  3
Dash dot (2x) ____  .  ____  .  ____  .  ____
 72
65
 73
4
 40
6.096
 49
5.08
 74
0
 49
-0.508
 74
0
 49
0.0
 74
0
 49
-0.508
 74
0
  0
LTYPE
  5
3A
330
2
100
AcDbSymbolTableRecord
100
AcDbLinetypeTableRecord
  2
DASHDOT2
 70
0
  3
Dash dot (.5x) _ . _ . _ . _ . _ . _ . _ . _
 72
65
 73
4
 40
1.778
 49
1.27
 74
0
 49
-0.254
 74
0
 49
0.0
 74
0
 49
-0.254
 74
0
  0
LTYPE
  5
3B
330
2
100
AcDbSymbolTableRecord
100
AcDbLinetypeTableRecord
  2
DOT
 70
0
  3
Dot .  .  .  .  .  .  .  .  .  .  .  .  .  .  .  .
 72
65
 73
2
 40
0.508
 49
0.0
 74
0
 49
-0.508
 74
0
  0
LTYPE
  5
3C
330
2
100
AcDbSymbolTableRecord
100
AcDbLinetypeTableRecord
  2
DOTX2
 70
0
  3
Dot (2x) .    .    .    .    .    .    .    . 
 72
65
 73
2
 40
1.016
 49
0.0
 74
0
 49
-1.016
 74
0
  0
LTYPE
  5
3D
330
2
100
AcDbSymbolTableRecord
100
AcDbLinetypeTableRecord
  2
DOT2
 70
0
  3
Dot (.5) . . . . . . . . . . . . . . . . . . . 
 72
65
 73
2
 40
0.254
 49
0.0
 74
0
 49
-0.254
 74
0
  0
LTYPE
  5
3E
330
2
100
AcDbSymbolTableRecord
100
AcDbLinetypeTableRecord
  2
DIVIDE
 70
0
  3
Divide __ . . __ . . __ . . __ . . __ . . __
 72
65
 73
6
 40
4.064
 49
2.54
 74
0
 49
-0.508
 74
0
 49
0.0
 74
0
 49
-0.508
 74
0
 49
0.0
 74
0
 49
-0.508
 74
0
  0
LTYPE
  5
3F
330
2
100
AcDbSymbolTableRecord
100
AcDbLinetypeTableRecord
  2
DIVIDEX2
 70
0
  3
Divide (2x) ____  . .  ____  . .  ____  . .  ____
 72
65
 73
6
 40
6.604
 49
5.08
 74
0
 49
-0.508
 74
0
 49
0.0
 74
0
 49
-0.508
 74
0
 49
0.0
 74
0
 49
-0.508
 74
0
  0
LTYPE
  5
40
330
2
100
AcDbSymbolTableRecord
100
AcDbLinetypeTableRecord
  2
DIVIDE2
 70
0
  3
Divide(.5x) _ . _ . _ . _ . _ . _ . _ . _
 72
65
 73
6
 40
2.032
 49
1.27
 74
0
 49
-0.254
 74
0
 49
0.0
 74
0
 49
-0.254
 74
0
 49
0.0
 74
0
 49
-0.254
 74
0
  0
ENDTAB
  0
TABLE
  2
LAYER
  5
1
330
0
100
AcDbSymbolTable
 70
15
  0
LAYER
  5
27
330
1
100
AcDbSymbolTableRecord
100
AcDbLayerTableRecord
  2
0
 70
0
 62
7
  6
Continuous
370
-3
390
13
347
21
  0
LAYER
  5
28
330
1
100
AcDbSymbolTableRecord
100
AcDbLayerTableRecord
  2
Defpoints
 70
0
 62
7
  6
Continuous
290
0
370
-3
390
13
347
21
  0
LAYER
  5
8A
330
1
100
AcDbSymbolTableRecord
100
AcDbLayerTableRecord
  2
TRUNK
 70
0
 62
5
  6
Continuous
370
-3
390
13
347
21
  0
LAYER
  5
8B
330
1
100
AcDbSymbolTableRecord
100
AcDbLayerTableRecord
  2
TOU
 70
0
 62
1
  6
Continuous
370
-3
390
13
347
21
  0
LAYER
  5
8C
330
1
100
AcDbSymbolTableRecord
100
AcDbLayerTableRecord
  2
STOU
 70
0
 62
3
  6
Continuous
370
-3
390
13
347
21
  0
LAYER
  5
8D
330
1
100
AcDbSymbolTableRecord
100
AcDbLayerTableRecord
  2
WHIP
 70
0
 62
2
  6
Continuous
370
-3
390
13
347
21
  0
LAYER
  5
8E
330
1
100
AcDbSymbolTableRecord
100
AcDbLayerTableRecord
  2
HANGER
 70
0
 62
8
  6
Continuous
370
-3
390
13
347
21
  0
LAYER
  5
8F
330
1
100
AcDbSymbolTableRecord
100
AcDbLayerTableRecord
  2
PORT
 70
0
 62
4
  6
Continuous
370
-3
390
13
347
21
  0
LAYER
  5
90
330
1
100
AcDbSymbolTableRecord
100
AcDbLayerTableRecord
  2
DIM
 70
0
 62
7
  6
Continuous
370
-3
390
13
347
21
  0
LAYER
  5
91
330
1
100
AcDbSymbolTableRecord
100
AcDbLayerTableRecord
  2
TEXT
 70
0
 62
7
  6
Continuous
370
-3
390
13
347
21
  0
LAYER
  5
92
330
1
100
AcDbSymbolTableRecord
100
AcDbLayerTableRecord
  2
TITLE
 70
0
 62
7
  6
Continuous
370
-3
390
13
347
21
  0
LAYER
  5
93
330
1
100
AcDbSymbolTableRecord
100
AcDbLayerTableRecord
  2
FRAME
 70
0
 62
7
  6
Continuous
370
-3
390
13
347
21
  0
LAYER
  5
94
330
1
100
AcDbSymbolTableRecord
100
AcDbLayerTableRecord
  2
GRID
 70
0
 62
8
  6
Continuous
370
-3
390
13
347
21
  0
LAYER
  5
C05
330
1
100
AcDbSymbolTableRecord
100
AcDbLayerTableRecord
  2
SKT
 70
0
 62
6
  6
Continuous
370
-3
390
13
347
21
  0
LAYER
  5
C06
330
1
100
AcDbSymbolTableRecord
100
AcDbLayerTableRecord
  2
WALL
 70
0
 62
8
  6
Continuous
370
-3
390
13
347
21
  0
ENDTAB
  0
TABLE
  2
STYLE
  5
5
330
0
100
AcDbSymbolTable
 70
26
  0
STYLE
  5
29
330
5
100
AcDbSymbolTableRecord
100
AcDbTextStyleTableRecord
  2
Standard
 70
0
 40
0.0
 41
1.0
 50
0.0
 71
0
 42
2.5
  3
txt
  4

  0
STYLE
  5
41
330
5
100
AcDbSymbolTableRecord
100
AcDbTextStyleTableRecord
  2
OpenSans-Light
 70
0
 40
0.0
 41
1.0
 50
0.0
 71
0
 42
2.5
  3
OpenSans-Light.ttf
  4

  0
STYLE
  5
42
330
5
100
AcDbSymbolTableRecord
100
AcDbTextStyleTableRecord
  2
OpenSans-Light-Italic
 70
0
 40
0.0
 41
1.0
 50
0.0
 71
0
 42
2.5
  3
OpenSans-LightItalic.ttf
  4

  0
STYLE
  5
43
330
5
100
AcDbSymbolTableRecord
100
AcDbTextStyleTableRecord
  2
OpenSans
 70
0
 40
0.0
 41
1.0
 50
0.0
 71
0
 42
2.5
  3
OpenSans-Regular.ttf
  4

  0
STYLE
  5
44
330
5
100
AcDbSymbolTableRecord
100
AcDbTextStyleTableRecord
  2
OpenSans-Italic
 70
0
 40
0.0
 41
1.0
 50
0.0
 71
0
 42
2.5
  3
OpenSans-Italic.ttf
  4

  0
STYLE
  5
45
330
5
100
AcDbSymbolTableRecord
100
AcDbTextStyleTableRecord
  2
OpenSans-SemiBold
 70
0
 40
0.0
 41
1.0
 50
0.0
 71
0
 42
2.5
  3
OpenSans-SemiBold.ttf
  4

  0
STYLE
  5
46
330
5
100
AcDbSymbolTableRecord
100
AcDbTextStyleTableRecord
  2
OpenSans-SemiBoldItalic
 70
0
 40
0.0
 41
1.0
 50
0.0
 71
0
 42
2.5
  3
OpenSans-SemiBoldItalic.ttf
  4

  0
STYLE
  5
47
330
5
100
AcDbSymbolTableRecord
100
AcDbTextStyleTableRecord
  2
OpenSans-Bold
 70
0
 40
0.0
 41
1.0
 50
0.0
 71
0
 42
2.5
  3
OpenSans-Bold.ttf
  4

  0
STYLE
  5
48
330
5
100
AcDbSymbolTableRecord
100
AcDbTextStyleTableRecord
  2
OpenSans-BoldItalic
 70
0
 40
0.0
 41
1.0
 50
0.0
 71
0
 42
2.5
  3
OpenSans-BoldItalic.ttf
  4

  0
STYLE
  5
49
330
5
100
AcDbSymbolTableRecord
100
AcDbTextStyleTableRecord
  2
OpenSans-ExtraBold
 70
0
 40
0.0
 41
1.0
 50
0.0
 71
0
 42
2.5
  3
OpenSans-ExtraBold.ttf
  4

  0
STYLE
  5
4A
330
5
100
AcDbSymbolTableRecord
100
AcDbTextStyleTableRecord
  2
OpenSans-ExtraBoldItalic
 70
0
 40
0.0
 41
1.0
 50
0.0
 71
0
 42
2.5
  3
OpenSans-ExtraBoldItalic.ttf
  4

  0
STYLE
  5
4B
330
5
100
AcDbSymbolTableRecord
100
AcDbTextStyleTableRecord
  2
OpenSansCondensed-Bold
 70
0
 40
0.0
 41
1.0
 50
0.0
 71
0
 42
2.5
  3
OpenSansCondensed-Bold.ttf
  4

  0
STYLE
  5
4C
330
5
100
AcDbSymbolTableRecord
100
AcDbTextStyleTableRecord
  2
OpenSansCondensed-Light
 70
0
 40
0.0
 41
1.0
 50
0.0
 71
0
 42
2.5
  3
OpenSansCondensed-Light.ttf
  4

  0
STYLE
  5
4D
330
5
100
AcDbSymbolTableRecord
100
AcDbTextStyleTableRecord
  2
OpenSansCondensed-Italic
 70
0
 40
0.0
 41
1.0
 50
0.0
 71
0
 42
2.5
  3
OpenSansCondensed-LightItalic.ttf
  4

  0
STYLE
  5
4E
330
5
100
AcDbSymbolTableRecord
100
AcDbTextStyleTableRecord
  2
LiberationSans
 70
0
 40
0.0
 41
1.0
 50
0.0
 71
0
 42
2.5
  3
LiberationSans-Regular.ttf
  4

  0
STYLE
  5
4F
330
5
100
AcDbSymbolTableRecord
100
AcDbTextStyleTableRecord
  2
LiberationSans-Bold
 70
0
 40
0.0
 41
1.0
 50
0.0
 71
0
 42
2.5
  3
LiberationSans-Bold.ttf
  4

  0
STYLE
  5
50
330
5
100
AcDbSymbolTableRecord
100
AcDbTextStyleTableRecord
  2
LiberationSans-BoldItalic
 70
0
 40
0.0
 41
1.0
 50
0.0
 71
0
 42
2.5
  3
LiberationSans-BoldItalic.ttf
  4

  0
STYLE
  5
51
330
5
100
AcDbSymbolTableRecord
100
AcDbTextStyleTableRecord
  2
LiberationSans-Italic
 70
0
 40
0.0
 41
1.0
 50
0.0
 71
0
 42
2.5
  3
LiberationSans-Italic.ttf
  4

  0
STYLE
  5
52
330
5
100
AcDbSymbolTableRecord
100
AcDbTextStyleTableRecord
  2
LiberationSerif
 70
0
 40
0.0
 41
1.0
 50
0.0
 71
0
 42
2.5
  3
LiberationSerif-Regular.ttf
  4

  0
STYLE
  5
53
330
5
100
AcDbSymbolTableRecord
100
AcDbTextStyleTableRecord
  2
LiberationSerif-Bold
 70
0
 40
0.0
 41
1.0
 50
0.0
 71
0
 42
2.5
  3
LiberationSerif-Bold.ttf
  4

  0
STYLE
  5
54
330
5
100
AcDbSymbolTableRecord
100
AcDbTextStyleTableRecord
  2
LiberationSerif-BoldItalic
 70
0
 40
0.0
 41
1.0
 50
0.0
 71
0
 42
2.5
  3
LiberationSerif-BoldItalic.ttf
  4

  0
STYLE
  5
55
330
5
100
AcDbSymbolTableRecord
100
AcDbTextStyleTableRecord
  2
LiberationSerif-Italic
 70
0
 40
0.0
 41
1.0
 50
0.0
 71
0
 42
2.5
  3
LiberationSerif-Italic.ttf
  4

  0
STYLE
  5
56
330
5
100
AcDbSymbolTableRecord
100
AcDbTextStyleTableRecord
  2
LiberationMono
 70
0
 40
0.0
 41
1.0
 50
0.0
 71
0
 42
2.5
  3
LiberationMono-Regular.ttf
  4

  0
STYLE
  5
57
330
5
100
AcDbSymbolTableRecord
100
AcDbTextStyleTableRecord
  2
LiberationMono-Bold
 70
0
 40
0.0
 41
1.0
 50
0.0
 71
0
 42
2.5
  3
LiberationMono-Bold.ttf
  4

  0
STYLE
  5
58
330
5
100
AcDbSymbolTableRecord
100
AcDbTextStyleTableRecord
  2
LiberationMono-BoldItalic
 70
0
 40
0.0
 41
1.0
 50
0.0
 71
0
 42
2.5
  3
LiberationMono-BoldItalic.ttf
  4

  0
STYLE
  5
59
330
5
100
AcDbSymbolTableRecord
100
AcDbTextStyleTableRecord
  2
LiberationMono-Italic
 70
0
 40
0.0
 41
1.0
 50
0.0
 71
0
 42
2.5
  3
LiberationMono-Italic.ttf
  4

  0
ENDTAB
  0
TABLE
  2
VIEW
  5
7
330
0
100
AcDbSymbolTable
 70
0
  0
ENDTAB
  0
TABLE
  2
UCS
  5
6
330
0
100
AcDbSymbolTable
 70
0
  0
ENDTAB
  0
TABLE
  2
APPID
  5
3
330
0
100
AcDbSymbolTable
 70
3
  0
APPID
  5
2A
330
3
100
AcDbSymbolTableRecord
100
AcDbRegAppTableRecord
  2
ACAD
 70
0
  0
APPID
  5
C69
330
3
100
AcDbSymbolTableRecord
100
AcDbRegAppTableRecord
  2
HATCHBACKGROUNDCOLOR
 70
0
  0
APPID
  5
C6A
330
3
100
AcDbSymbolTableRecord
100
AcDbRegAppTableRecord
  2
EZDXF
 70
0
  0
ENDTAB
  0
TABLE
  2
DIMSTYLE
  5
4
330
0
100
AcDbSymbolTable
 70
12
100
AcDbDimStyleTable
  0
DIMSTYLE
105
2B
330
4
100
AcDbSymbolTableRecord
100
AcDbDimStyleTableRecord
  2
Standard
 70
0
 40
1.0
 41
2.5
 42
0.625
 43
3.75
 44
1.25
 45
0.0
 46
0.0
 47
0.0
 48
0.0
 49
2.5
140
2.5
141
2.5
142
0.0
143
0.03937007874
144
1.0
145
0.0
146
1.0
147
0.625
148
0.0
 69
0
 70
0
 71
0
 72
0
 73
0
 74
0
 75
0
 76
0
 77
1
 78
8
 79
3
170
0
171
3
172
1
173
0
174
0
175
0
176
0
177
0
178
0
179
2
271
2
272
2
273
2
274
3
275
0
276
0
277
2
278
44
279
0
280
0
281
0
282
0
283
0
284
8
285
0
286
0
288
0
289
3
290
0
371
-2
372
-2
  0
DIMSTYLE
105
73
330
4
100
AcDbSymbolTableRecord
100
AcDbDimStyleTableRecord
  2
EZDXF
 70
0
 40
1.0
 41
0.175
 42
0.125
 43
3.75
 44
0.375
 45
0.0
 46
0.0
 47
0.0
 48
0.0
 49
2.5
140
0.25
141
2.5
142
0.0
143
0.03937007874
144
100.0
145
0.0
146
0.5
147
0.1
148
0.0
 69
0
 70
0
 71
0
 72
0
 73
0
 74
0
 75
0
 76
0
 77
1
 78
12
 79
3
170
0
171
3
172
1
173
0
174
0
175
0
176
0
177
0
178
0
179
2
271
2
272
2
273
2
274
3
275
0
276
0
277
2
278
46
279
2
280
0
281
0
282
0
283
0
284
8
285
0
286
0
288
1
289
3
290
0
340
4C
342
74
371
-2
372
-2
  0
DIMSTYLE
105
7C
330
4
100
AcDbSymbolTableRecord
100
AcDbDimStyleTableRecord
  2
EZ_M_100_H25_CM
 70
0
 40
1.0
 41
0.25
 42
0.125
 43
3.75
 44
0.375
 45
0.0
 46
0.0
 47
0.0
 48
0.0
 49
2.5
140
0.25
141
2.5
142
0.125
143
0.03937007874
144
100.0
145
0.0
146
0.5
147
0.1
148
0.0
 69
0
 70
0
 71
0
 72
0
 73
0
 74
0
 75
0
 76
0
 77
1
 78
12
 79
3
170
0
171
3
172
1
173
0
174
0
175
0
176
0
177
0
178
0
179
2
271
2
272
2
273
2
274
3
275
0
276
0
277
2
278
46
279
2
280
0
281
0
282
0
283
0
284
8
285
0
286
0
288
1
289
3
290
0
340
4C
371
-2
372
-2
  0
DIMSTYLE
105
7D
330
4
100
AcDbSymbolTableRecord
100
AcDbDimStyleTableRecord
  2
EZ_M_50_H25_CM
 70
0
 40
1.0
 41
0.125
 42
0.0625
 43
3.75
 44
0.1875
 45
0.0
 46
0.0
 47
0.0
 48
0.0
 49
2.5
140
0.125
141
2.5
142
0.0625
143
0.03937007874
144
100.0
145
0.0
146
0.5
147
0.05
148
0.0
 69
0
 70
0
 71
0
 72
0
 73
0
 74
0
 75
0
 76
0
 77
1
 78
12
 79
3
170
0
171
3
172
1
173
0
174
0
175
0
176
0
177
0
178
0
179
2
271
2
272
2
273
2
274
3
275
0
276
0
277
2
278
46
279
2
280
0
281
0
282
0
283
0
284
8
285
0
286
0
288
1
289
3
290
0
340
4C
371
-2
372
-2
  0
DIMSTYLE
105
7E
330
4
100
AcDbSymbolTableRecord
100
AcDbDimStyleTableRecord
  2
EZ_M_25_H25_CM
 70
0
 40
1.0
 41
0.0625
 42
0.03125
 43
3.75
 44
0.09375
 45
0.0
 46
0.0
 47
0.0
 48
0.0
 49
2.5
140
0.0625
141
2.5
142
0.03125
143
0.03937007874
144
100.0
145
0.0
146
0.5
147
0.025
148
0.0
 69
0
 70
0
 71
0
 72
0
 73
0
 74
0
 75
0
 76
0
 77
1
 78
12
 79
3
170
0
171
3
172
1
173
0
174
0
175
0
176
0
177
0
178
0
179
2
271
2
272
2
273
2
274
3
275
0
276
0
277
2
278
46
279
2
280
0
281
0
282
0
283
0
284
8
285
0
286
0
288
1
289
3
290
0
340
4C
371
-2
372
-2
  0
DIMSTYLE
105
7F
330
4
100
AcDbSymbolTableRecord
100
AcDbDimStyleTableRecord
  2
EZ_M_20_H25_CM
 70
0
 40
1.0
 41
0.05
 42
0.025
 43
3.75
 44
0.07500000000000001
 45
0.0
 46
0.0
 47
0.0
 48
0.0
 49
2.5
140
0.05
141
2.5
142
0.025
143
0.03937007874
144
100.0
145
0.0
146
0.5
147
0.020000000000000004
148
0.0
 69
0
 70
0
 71
0
 72
0
 73
0
 74
0
 75
0
 76
0
 77
1
 78
12
 79
3
170
0
171
3
172
1
173
0
174
0
175
0
176
0
177
0
178
0
179
2
271
2
272
2
273
2
274
3
275
0
276
0
277
2
278
46
279
2
280
0
281
0
282
0
283
0
284
8
285
0
286
0
288
1
289
3
290
0
340
4C
371
-2
372
-2
  0
DIMSTYLE
105
80
330
4
100
AcDbSymbolTableRecord
100
AcDbDimStyleTableRecord
  2
EZ_M_10_H25_CM
 70
0
 40
1.0
 41
0.025
 42
0.0125
 43
3.75
 44
0.037500000000000006
 45
0.0
 46
0.0
 47
0.0
 48
0.0
 49
2.5
140
0.025
141
2.5
142
0.0125
143
0.03937007874
144
100.0
145
0.0
146
0.5
147
0.010000000000000002
148
0.0
 69
0
 70
0
 71
0
 72
0
 73
0
 74
0
 75
0
 76
0
 77
1
 78
12
 79
3
170
0
171
3
172
1
173
0
174
0
175
0
176
0
177
0
178
0
179
2
271
2
272
2
273
2
274
3
275
0
276
0
277
2
278
46
279
2
280
0
281
0
282
0
283
0
284
8
285
0
286
0
288
1
289
3
290
0
340
4C
371
-2
372
-2
  0
DIMSTYLE
105
81
330
4
100
AcDbSymbolTableRecord
100
AcDbDimStyleTableRecord
  2
EZ_M_5_H25_CM
 70
0
 40
1.0
 41
0.0125
 42
0.00625
 43
3.75
 44
0.018750000000000003
 45
0.0
 46
0.0
 47
0.0
 48
0.0
 49
2.5
140
0.0125
141
2.5
142
0.00625
143
0.03937007874
144
100.0
145
0.0
146
0.5
147
0.005000000000000001
148
0.0
 69
0
 70
0
 71
0
 72
0
 73
0
 74
0
 75
0
 76
0
 77
1
 78
12
 79
3
170
0
171
3
172
1
173
0
174
0
175
0
176
0
177
0
178
0
179
2
271
2
272
2
273
2
274
3
275
0
276
0
277
2
278
46
279
2
280
0
281
0
282
0
283
0
284
8
285
0
286
0
288
1
289
3
290
0
340
4C
371
-2
372
-2
  0
DIMSTYLE
105
82
330
4
100
AcDbSymbolTableRecord
100
AcDbDimStyleTableRecord
  2
EZ_M_1_H25_CM
 70
0
 40
1.0
 41
0.0025
 42
0.00125
 43
3.75
 44
0.00375
 45
0.0
 46
0.0
 47
0.0
 48
0.0
 49
2.5
140
0.0025
141
2.5
142
0.00125
143
0.03937007874
144
100.0
145
0.0
146
0.5
147
0.001
148
0.0
 69
0
 70
0
 71
0
 72
0
 73
0
 74
0
 75
0
 76
0
 77
1
 78
12
 79
3
170
0
171
3
172
1
173
0
174
0
175
0
176
0
177
0
178
0
179
2
271
2
272
2
273
2
274
3
275
0
276
0
277
2
278
46
279
2
280
0
281
0
282
0
283
0
284
8
285
0
286
0
288
1
289
3
290
0
340
4C
371
-2
372
-2
  0
DIMSTYLE
105
83
330
4
100
AcDbSymbolTableRecord
100
AcDbDimStyleTableRecord
  2
EZ_RADIUS
 70
0
 40
1.0
 41
0.25
 42
0.125
 43
3.75
 44
0.375
 45
0.0
 46
0.0
 47
0.0
 48
0.0
 49
2.5
140
0.25
141
0.0
142
0.0
143
0.03937007874
144
100.0
145
0.0
146
0.5
147
0.1
148
0.0
 69
0
 70
0
 71
0
 72
0
 73
0
 74
0
 75
0
 76
0
 77
1
 78
12
 79
3
170
0
171
3
172
0
173
0
174
0
175
0
176
0
177
0
178
0
179
2
271
2
272
2
273
2
274
3
275
0
276
0
277
2
278
46
279
1
280
0
281
0
282
0
283
0
284
8
285
0
286
0
288
1
289
3
290
0
340
4C
342
84
371
-2
372
-2
  0
DIMSTYLE
105
88
330
4
100
AcDbSymbolTableRecord
100
AcDbDimStyleTableRecord
  2
EZ_RADIUS_INSIDE
 70
0
 40
1.0
 41
0.25
 42
0.125
 43
3.75
 44
0.375
 45
0.0
 46
0.0
 47
0.0
 48
0.0
 49
2.5
140
0.25
141
0.0
142
0.0
143
0.03937007874
144
100.0
145
0.0
146
0.5
147
0.1
148
0.0
 69
0
 70
0
 71
0
 72
0
 73
0
 74
0
 75
0
 76
0
 77
0
 78
12
 79
3
170
0
171
3
172
0
173
0
174
1
175
0
176
0
177
0
178
0
179
2
271
2
272
2
273
2
274
3
275
0
276
0
277
2
278
46
279
0
280
0
281
0
282
0
283
0
284
8
285
0
286
0
288
1
289
0
290
0
340
4C
342
84
371
-2
372
-2
  0
DIMSTYLE
105
89
330
4
100
AcDbSymbolTableRecord
100
AcDbDimStyleTableRecord
  2
EZ_CURVED
 70
0
 40
1.0
 41
0.25
 42
0.125
 43
3.75
 44
0.375
 45
0.0
 46
0.0
 47
0.0
 48
0.0
 49
2.5
140
0.25
141
2.5
142
0.0
143
0.03937007874
144
100.0
145
0.0
146
0.5
147
0.1
148
0.0
 69
0
 70
0
 71
0
 72
0
 73
0
 74
0
 75
0
 76
0
 77
1
 78
12
 79
2
 90
2
170
0
171
3
172
1
173
0
174
0
175
0
176
0
177
0
178
0
179
2
271
2
272
2
273
2
274
3
275
0
276
0
277
2
278
46
279
2
280
0
281
0
282
0
283
0
284
8
285
0
286
0
288
1
289
3
290
0
340
4C
371
-2
372
-2
  0
ENDTAB
  0
TABLE
  2
BLOCK_RECORD
  5
9
330
0
100
AcDbSymbolTable
 70
23
  0
BLOCK_RECORD
  5
17
330
9
100
AcDbSymbolTableRecord
100
AcDbBlockTableRecord
  2
*Model_Space
340
1A
 70
0
280
1
281
0
  0
BLOCK_RECORD
  5
1B
330
9
100
AcDbSymbolTableRecord
100
AcDbBlockTableRecord
  2
*Paper_Space
340
1E
 70
0
280
1
281
0
  0
BLOCK_RECORD
  5
74
330
9
100
AcDbSymbolTableRecord
100
AcDbBlockTableRecord
  2
_ARCHTICK
340
0
 70
0
280
1
281
0
  0
BLOCK_RECORD
  5
78
330
9
100
AcDbSymbolTableRecord
100
AcDbBlockTableRecord
  2
_CLOSEDFILLED
340
0
 70
0
280
1
281
0
  0
BLOCK_RECORD
  5
84
330
9
100
AcDbSymbolTableRecord
100
AcDbBlockTableRecord
  2
_CLOSEDBLANK
340
0
 70
0
280
1
281
0
  0
BLOCK_RECORD
  5
565
330
9
100
AcDbSymbolTableRecord
100
AcDbBlockTableRecord
  2
*D1
340
0
 70
0
280
1
281
0
  0
BLOCK_RECORD
  5
574
330
9
100
AcDbSymbolTableRecord
100
AcDbBlockTableRecord
  2
*D2
340
0
 70
0
280
1
281
0
  0
BLOCK_RECORD
  5
583
330
9
100
AcDbSymbolTableRecord
100
AcDbBlockTableRecord
  2
*D3
340
0
 70
0
280
1
281
0
  0
BLOCK_RECORD
  5
592
330
9
100
AcDbSymbolTableRecord
100
AcDbBlockTableRecord
  2
*D4
340
0
 70
0
280
1
281
0
  0
BLOCK_RECORD
  5
5A1
330
9
100
AcDbSymbolTableRecord
100
AcDbBlockTableRecord
  2
*D5
340
0
 70
0
280
1
281
0
  0
BLOCK_RECORD
  5
5B0
330
9
100
AcDbSymbolTableRecord
100
AcDbBlockTableRecord
  2
*D6
340
0
 70
0
280
1
281
0
  0
BLOCK_RECORD
  5
5BF
330
9
100
AcDbSymbolTableRecord
100
AcDbBlockTableRecord
  2
*D7
340
0
 70
0
280
1
281
0
  0
BLOCK_RECORD
  5
5CE
330
9
100
AcDbSymbolTableRecord
100
AcDbBlockTableRecord
  2
*D8
340
0
 70
0
280
1
281
0
  0
BLOCK_RECORD
  5
AA6
330
9
100
AcDbSymbolTableRecord
100
AcDbBlockTableRecord
  2
*D9
340
0
 70
0
280
1
281
0
  0
BLOCK_RECORD
  5
AB5
330
9
100
AcDbSymbolTableRecord
100
AcDbBlockTableRecord
  2
*D10
340
0
 70
0
280
1
281
0
  0
BLOCK_RECORD
  5
AC4
330
9
100
AcDbSymbolTableRecord
100
AcDbBlockTableRecord
  2
*D11
340
0
 70
0
280
1
281
0
  0
BLOCK_RECORD
  5
AD3
330
9
100
AcDbSymbolTableRecord
100
AcDbBlockTableRecord
  2
*D12
340
0
 70
0
280
1
281
0
  0
BLOCK_RECORD
  5
AE2
330
9
100
AcDbSymbolTableRecord
100
AcDbBlockTableRecord
  2
*D13
340
0
 70
0
280
1
281
0
  0
BLOCK_RECORD
  5
AF1
330
9
100
AcDbSymbolTableRecord
100
AcDbBlockTableRecord
  2
*D14
340
0
 70
0
280
1
281
0
  0
BLOCK_RECORD
  5
B00
330
9
100
AcDbSymbolTableRecord
100
AcDbBlockTableRecord
  2
*D15
340
0
 70
0
280
1
281
0
  0
BLOCK_RECORD
  5
B71
330
9
100
AcDbSymbolTableRecord
100
AcDbBlockTableRecord
  2
*D16
340
0
 70
0
280
1
281
0
  0
BLOCK_RECORD
  5
C46
330
9
100
AcDbSymbolTableRecord
100
AcDbBlockTableRecord
  2
*D17
340
0
 70
0
280
1
281
0
  0
BLOCK_RECORD
  5
C55
330
9
100
AcDbSymbolTableRecord
100
AcDbBlockTableRecord
  2
*D18
340
0
 70
0
280
1
281
0
  0
ENDTAB
  0
ENDSEC
  0
SECTION
  2
BLOCKS
  0
BLOCK
  5
18
330
17
100
AcDbEntity
  8
0
100
AcDbBlockBegin
  2
*Model_Space
 70
0
 10
0.0
 20
0.0
 30
0.0
  3
*Model_Space
  1

  0
ENDBLK
  5
19
330
17
100
AcDbEntity
  8
0
100
AcDbBlockEnd
  0
BLOCK
  5
1C
330
1B
100
AcDbEntity
  8
0
100
AcDbBlockBegin
  2
*Paper_Space
 70
0
 10
0.0
 20
0.0
 30
0.0
  3
*Paper_Space
  1

  0
ENDBLK
  5
1D
330
1B
100
AcDbEntity
  8
0
100
AcDbBlockEnd
  0
BLOCK
  5
75
330
74
100
AcDbEntity
  8
0
100
AcDbBlockBegin
  2
_ARCHTICK
 70
0
 10
0.0
 20
0.0
 30
0.0
  3
_ARCHTICK
  1

  0
LWPOLYLINE
  5
77
330
74
100
AcDbEntity
  8
0
  6
BYBLOCK
 62
0
100
AcDbPolyline
 90
2
 70
0
 43
0.15
 10
-0.5
 20
-0.5
 10
0.5
 20
0.5
  0
ENDBLK
  5
76
330
74
100
AcDbEntity
  8
0
100
AcDbBlockEnd
  0
BLOCK
  5
79
330
78
100
AcDbEntity
  8
0
100
AcDbBlockBegin
  2
_CLOSEDFILLED
 70
0
 10
0.0
 20
0.0
 30
0.0
  3
_CLOSEDFILLED
  1

  0
SOLID
  5
7B
330
78
100
AcDbEntity
  8
0
  6
BYBLOCK
 62
0
100
AcDbTrace
 10
-1.0
 20
0.16439898372402537
 30
0.0
 11
0.0
 21
0.0
 31
0.0
 12
-1.0
 22
-0.16439898372402537
 32
0.0
 13
-1.0
 23
-0.16439898372402537
 33
0.0
  0
ENDBLK
  5
7A
330
78
100
AcDbEntity
  8
0
100
AcDbBlockEnd
  0
BLOCK
  5
85
330
84
100
AcDbEntity
  8
0
100
AcDbBlockBegin
  2
_CLOSEDBLANK
 70
0
 10
0.0
 20
0.0
 30
0.0
  3
_CLOSEDBLANK
  1

  0
LWPOLYLINE
  5
87
330
84
100
AcDbEntity
  8
0
  6
BYBLOCK
 62
0
100
AcDbPolyline
 90
3
 70
1
 10
-1.0
 20
0.16439898372402537
 10
0.0
 20
0.0
 10
-1.0
 20
-0.16439898372402537
  0
ENDBLK
  5
86
330
84
100
AcDbEntity
  8
0
100
AcDbBlockEnd
  0
BLOCK
  5
566
330
565
100
AcDbEntity
  8
0
100
AcDbBlockBegin
  2
*D1
 70
1
 10
0.0
 20
0.0
 30
0.0
  3
*D1
  1

  0
LINE
  5
568
330
565
100
AcDbEntity
  8
0
100
AcDbLine
 10
1094.0
 20
8879.0
 30
0.0
 11
1094.0
 21
8575.5
 31
0.0
  0
LINE
  5
569
330
565
100
AcDbEntity
  8
0
100
AcDbLine
 10
14560.0
 20
8879.0
 30
0.0
 11
14560.0
 21
8575.5
 31
0.0
  0
INSERT
  5
56A
330
565
100
AcDbEntity
  8
DIM
100
AcDbBlockReference
  2
_ARCHTICK
 10
1094.0
 20
8600.0
 30
0.0
 41
42.0
 42
42.0
 50
180.0
  0
INSERT
  5
56C
330
565
100
AcDbEntity
  8
DIM
100
AcDbBlockReference
  2
_ARCHTICK
 10
14560.0
 20
8600.0
 30
0.0
 41
42.0
 42
42.0
  0
LINE
  5
56E
330
565
100
AcDbEntity
  8
0
100
AcDbLine
 10
1094.0
 20
8600.0
 30
0.0
 11
14560.0
 21
8600.0
 31
0.0
  0
MTEXT
  5
56F
330
565
100
AcDbEntity
  8
DIM
 62
7
100
AcDbMText
 10
7827.0
 20
8652.5
 30
0.0
 40
70.0
 71
5
  1
13466
  7
OpenSansCondensed-Light
  0
POINT
  5
570
330
565
100
AcDbEntity
  8
Defpoints
100
AcDbPoint
 10
1094.0
 20
8600.0
 30
0.0
  0
POINT
  5
571
330
565
100
AcDbEntity
  8
Defpoints
100
AcDbPoint
 10
1094.0
 20
8900.0
 30
0.0
  0
POINT
  5
572
330
565
100
AcDbEntity
  8
Defpoints
100
AcDbPoint
 10
14560.0
 20
8900.0
 30
0.0
  0
ENDBLK
  5
567
330
565
100
AcDbEntity
  8
0
100
AcDbBlockEnd
  0
BLOCK
  5
575
330
574
100
AcDbEntity
  8
0
100
AcDbBlockBegin
  2
*D2
 70
1
 10
0.0
 20
0.0
 30
0.0
  3
*D2
  1

  0
LINE
  5
577
330
574
100
AcDbEntity
  8
0
100
AcDbLine
 10
2436.0
 20
8879.0
 30
0.0
 11
2436.0
 21
8175.5
 31
0.0
  0
LINE
  5
578
330
574
100
AcDbEntity
  8
0
100
AcDbLine
 10
3586.0
 20
8879.0
 30
0.0
 11
3586.0
 21
8175.5
 31
0.0
  0
INSERT
  5
579
330
574
100
AcDbEntity
  8
DIM
100
AcDbBlockReference
  2
_ARCHTICK
 10
2436.0
 20
8200.0
 30
0.0
 41
42.0
 42
42.0
 50
180.0
  0
INSERT
  5
57B
330
574
100
AcDbEntity
  8
DIM
100
AcDbBlockReference
  2
_ARCHTICK
 10
3586.0
 20
8200.0
 30
0.0
 41
42.0
 42
42.0
  0
LINE
  5
57D
330
574
100
AcDbEntity
  8
0
100
AcDbLine
 10
2436.0
 20
8200.0
 30
0.0
 11
3586.0
 21
8200.0
 31
0.0
  0
MTEXT
  5
57E
330
574
100
AcDbEntity
  8
DIM
 62
7
100
AcDbMText
 10
3011.0
 20
8252.5
 30
0.0
 40
70.0
 71
5
  1
1150
  7
OpenSansCondensed-Light
  0
POINT
  5
57F
330
574
100
AcDbEntity
  8
Defpoints
100
AcDbPoint
 10
2436.0
 20
8200.0
 30
0.0
  0
POINT
  5
580
330
574
100
AcDbEntity
  8
Defpoints
100
AcDbPoint
 10
2436.0
 20
8900.0
 30
0.0
  0
POINT
  5
581
330
574
100
AcDbEntity
  8
Defpoints
100
AcDbPoint
 10
3586.0
 20
8900.0
 30
0.0
  0
ENDBLK
  5
576
330
574
100
AcDbEntity
  8
0
100
AcDbBlockEnd
  0
BLOCK
  5
584
330
583
100
AcDbEntity
  8
0
100
AcDbBlockBegin
  2
*D3
 70
1
 10
0.0
 20
0.0
 30
0.0
  3
*D3
  1

  0
LINE
  5
586
330
583
100
AcDbEntity
  8
0
100
AcDbLine
 10
3586.0
 20
8879.0
 30
0.0
 11
3586.0
 21
8175.5
 31
0.0
  0
LINE
  5
587
330
583
100
AcDbEntity
  8
0
100
AcDbLine
 10
4736.0
 20
8879.0
 30
0.0
 11
4736.0
 21
8175.5
 31
0.0
  0
INSERT
  5
588
330
583
100
AcDbEntity
  8
DIM
100
AcDbBlockReference
  2
_ARCHTICK
 10
3586.0
 20
8200.0
 30
0.0
 41
42.0
 42
42.0
 50
180.0
  0
INSERT
  5
58A
330
583
100
AcDbEntity
  8
DIM
100
AcDbBlockReference
  2
_ARCHTICK
 10
4736.0
 20
8200.0
 30
0.0
 41
42.0
 42
42.0
  0
LINE
  5
58C
330
583
100
AcDbEntity
  8
0
100
AcDbLine
 10
3586.0
 20
8200.0
 30
0.0
 11
4736.0
 21
8200.0
 31
0.0
  0
MTEXT
  5
58D
330
583
100
AcDbEntity
  8
DIM
 62
7
100
AcDbMText
 10
4161.0
 20
8252.5
 30
0.0
 40
70.0
 71
5
  1
1150
  7
OpenSansCondensed-Light
  0
POINT
  5
58E
330
583
100
AcDbEntity
  8
Defpoints
100
AcDbPoint
 10
3586.0
 20
8200.0
 30
0.0
  0
POINT
  5
58F
330
583
100
AcDbEntity
  8
Defpoints
100
AcDbPoint
 10
3586.0
 20
8900.0
 30
0.0
  0
POINT
  5
590
330
583
100
AcDbEntity
  8
Defpoints
100
AcDbPoint
 10
4736.0
 20
8900.0
 30
0.0
  0
ENDBLK
  5
585
330
583
100
AcDbEntity
  8
0
100
AcDbBlockEnd
  0
BLOCK
  5
593
330
592
100
AcDbEntity
  8
0
100
AcDbBlockBegin
  2
*D4
 70
1
 10
0.0
 20
0.0
 30
0.0
  3
*D4
  1

  0
LINE
  5
595
330
592
100
AcDbEntity
  8
0
100
AcDbLine
 10
4736.0
 20
8879.0
 30
0.0
 11
4736.0
 21
8175.5
 31
0.0
  0
LINE
  5
596
330
592
100
AcDbEntity
  8
0
100
AcDbLine
 10
5886.0
 20
8879.0
 30
0.0
 11
5886.0
 21
8175.5
 31
0.0
  0
INSERT
  5
597
330
592
100
AcDbEntity
  8
DIM
100
AcDbBlockReference
  2
_ARCHTICK
 10
4736.0
 20
8200.0
 30
0.0
 41
42.0
 42
42.0
 50
180.0
  0
INSERT
  5
599
330
592
100
AcDbEntity
  8
DIM
100
AcDbBlockReference
  2
_ARCHTICK
 10
5886.0
 20
8200.0
 30
0.0
 41
42.0
 42
42.0
  0
LINE
  5
59B
330
592
100
AcDbEntity
  8
0
100
AcDbLine
 10
4736.0
 20
8200.0
 30
0.0
 11
5886.0
 21
8200.0
 31
0.0
  0
MTEXT
  5
59C
330
592
100
AcDbEntity
  8
DIM
 62
7
100
AcDbMText
 10
5311.0
 20
8252.5
 30
0.0
 40
70.0
 71
5
  1
1150
  7
OpenSansCondensed-Light
  0
POINT
  5
59D
330
592
100
AcDbEntity
  8
Defpoints
100
AcDbPoint
 10
4736.0
 20
8200.0
 30
0.0
  0
POINT
  5
59E
330
592
100
AcDbEntity
  8
Defpoints
100
AcDbPoint
 10
4736.0
 20
8900.0
 30
0.0
  0
POINT
  5
59F
330
592
100
AcDbEntity
  8
Defpoints
100
AcDbPoint
 10
5886.0
 20
8900.0
 30
0.0
  0
ENDBLK
  5
594
330
592
100
AcDbEntity
  8
0
100
AcDbBlockEnd
  0
BLOCK
  5
5A2
330
5A1
100
AcDbEntity
  8
0
100
AcDbBlockBegin
  2
*D5
 70
1
 10
0.0
 20
0.0
 30
0.0
  3
*D5
  1

  0
LINE
  5
5A4
330
5A1
100
AcDbEntity
  8
0
100
AcDbLine
 10
5886.0
 20
8879.0
 30
0.0
 11
5886.0
 21
8175.5
 31
0.0
  0
LINE
  5
5A5
330
5A1
100
AcDbEntity
  8
0
100
AcDbLine
 10
8436.0
 20
8879.0
 30
0.0
 11
8436.0
 21
8175.5
 31
0.0
  0
INSERT
  5
5A6
330
5A1
100
AcDbEntity
  8
DIM
100
AcDbBlockReference
  2
_ARCHTICK
 10
5886.0
 20
8200.0
 30
0.0
 41
42.0
 42
42.0
 50
180.0
  0
INSERT
  5
5A8
330
5A1
100
AcDbEntity
  8
DIM
100
AcDbBlockReference
  2
_ARCHTICK
 10
8436.0
 20
8200.0
 30
0.0
 41
42.0
 42
42.0
  0
LINE
  5
5AA
330
5A1
100
AcDbEntity
  8
0
100
AcDbLine
 10
5886.0
 20
8200.0
 30
0.0
 11
8436.0
 21
8200.0
 31
0.0
  0
MTEXT
  5
5AB
330
5A1
100
AcDbEntity
  8
DIM
 62
7
100
AcDbMText
 10
7161.0
 20
8252.5
 30
0.0
 40
70.0
 71
5
  1
2550
  7
OpenSansCondensed-Light
  0
POINT
  5
5AC
330
5A1
100
AcDbEntity
  8
Defpoints
100
AcDbPoint
 10
5886.0
 20
8200.0
 30
0.0
  0
POINT
  5
5AD
330
5A1
100
AcDbEntity
  8
Defpoints
100
AcDbPoint
 10
5886.0
 20
8900.0
 30
0.0
  0
POINT
  5
5AE
330
5A1
100
AcDbEntity
  8
Defpoints
100
AcDbPoint
 10
8436.0
 20
8900.0
 30
0.0
  0
ENDBLK
  5
5A3
330
5A1
100
AcDbEntity
  8
0
100
AcDbBlockEnd
  0
BLOCK
  5
5B1
330
5B0
100
AcDbEntity
  8
0
100
AcDbBlockBegin
  2
*D6
 70
1
 10
0.0
 20
0.0
 30
0.0
  3
*D6
  1

  0
LINE
  5
5B3
330
5B0
100
AcDbEntity
  8
0
100
AcDbLine
 10
8436.0
 20
8879.0
 30
0.0
 11
8436.0
 21
8175.5
 31
0.0
  0
LINE
  5
5B4
330
5B0
100
AcDbEntity
  8
0
100
AcDbLine
 10
9586.0
 20
8879.0
 30
0.0
 11
9586.0
 21
8175.5
 31
0.0
  0
INSERT
  5
5B5
330
5B0
100
AcDbEntity
  8
DIM
100
AcDbBlockReference
  2
_ARCHTICK
 10
8436.0
 20
8200.0
 30
0.0
 41
42.0
 42
42.0
 50
180.0
  0
INSERT
  5
5B7
330
5B0
100
AcDbEntity
  8
DIM
100
AcDbBlockReference
  2
_ARCHTICK
 10
9586.0
 20
8200.0
 30
0.0
 41
42.0
 42
42.0
  0
LINE
  5
5B9
330
5B0
100
AcDbEntity
  8
0
100
AcDbLine
 10
8436.0
 20
8200.0
 30
0.0
 11
9586.0
 21
8200.0
 31
0.0
  0
MTEXT
  5
5BA
330
5B0
100
AcDbEntity
  8
DIM
 62
7
100
AcDbMText
 10
9011.0
 20
8252.5
 30
0.0
 40
70.0
 71
5
  1
1150
  7
OpenSansCondensed-Light
  0
POINT
  5
5BB
330
5B0
100
AcDbEntity
  8
Defpoints
100
AcDbPoint
 10
8436.0
 20
8200.0
 30
0.0
  0
POINT
  5
5BC
330
5B0
100
AcDbEntity
  8
Defpoints
100
AcDbPoint
 10
8436.0
 20
8900.0
 30
0.0
  0
POINT
  5
5BD
330
5B0
100
AcDbEntity
  8
Defpoints
100
AcDbPoint
 10
9586.0
 20
8900.0
 30
0.0
  0
ENDBLK
  5
5B2
330
5B0
100
AcDbEntity
  8
0
100
AcDbBlockEnd
  0
BLOCK
  5
5C0
330
5BF
100
AcDbEntity
  8
0
100
AcDbBlockBegin
  2
*D7
 70
1
 10
0.0
 20
0.0
 30
0.0
  3
*D7
  1

  0
LINE
  5
5C2
330
5BF
100
AcDbEntity
  8
0
100
AcDbLine
 10
9586.0
 20
8879.0
 30
0.0
 11
9586.0
 21
8175.5
 31
0.0
  0
LINE
  5
5C3
330
5BF
100
AcDbEntity
  8
0
100
AcDbLine
 10
10736.0
 20
8879.0
 30
0.0
 11
10736.0
 21
8175.5
 31
0.0
  0
INSERT
  5
5C4
330
5BF
100
AcDbEntity
  8
DIM
100
AcDbBlockReference
  2
_ARCHTICK
 10
9586.0
 20
8200.0
 30
0.0
 41
42.0
 42
42.0
 50
180.0
  0
INSERT
  5
5C6
330
5BF
100
AcDbEntity
  8
DIM
100
AcDbBlockReference
  2
_ARCHTICK
 10
10736.0
 20
8200.0
 30
0.0
 41
42.0
 42
42.0
  0
LINE
  5
5C8
330
5BF
100
AcDbEntity
  8
0
100
AcDbLine
 10
9586.0
 20
8200.0
 30
0.0
 11
10736.0
 21
8200.0
 31
0.0
  0
MTEXT
  5
5C9
330
5BF
100
AcDbEntity
  8
DIM
 62
7
100
AcDbMText
 10
10161.0
 20
8252.5
 30
0.0
 40
70.0
 71
5
  1
1150
  7
OpenSansCondensed-Light
  0
POINT
  5
5CA
330
5BF
100
AcDbEntity
  8
Defpoints
100
AcDbPoint
 10
9586.0
 20
8200.0
 30
0.0
  0
POINT
  5
5CB
330
5BF
100
AcDbEntity
  8
Defpoints
100
AcDbPoint
 10
9586.0
 20
8900.0
 30
0.0
  0
POINT
  5
5CC
330
5BF
100
AcDbEntity
  8
Defpoints
100
AcDbPoint
 10
10736.0
 20
8900.0
 30
0.0
  0
ENDBLK
  5
5C1
330
5BF
100
AcDbEntity
  8
0
100
AcDbBlockEnd
  0
BLOCK
  5
5CF
330
5CE
100
AcDbEntity
  8
0
100
AcDbBlockBegin
  2
*D8
 70
1
 10
0.0
 20
0.0
 30
0.0
  3
*D8
  1

  0
LINE
  5
5D1
330
5CE
100
AcDbEntity
  8
0
100
AcDbLine
 10
10736.0
 20
8879.0
 30
0.0
 11
10736.0
 21
8175.5
 31
0.0
  0
LINE
  5
5D2
330
5CE
100
AcDbEntity
  8
0
100
AcDbLine
 10
11886.0
 20
8879.0
 30
0.0
 11
11886.0
 21
8175.5
 31
0.0
  0
INSERT
  5
5D3
330
5CE
100
AcDbEntity
  8
DIM
100
AcDbBlockReference
  2
_ARCHTICK
 10
10736.0
 20
8200.0
 30
0.0
 41
42.0
 42
42.0
 50
180.0
  0
INSERT
  5
5D5
330
5CE
100
AcDbEntity
  8
DIM
100
AcDbBlockReference
  2
_ARCHTICK
 10
11886.0
 20
8200.0
 30
0.0
 41
42.0
 42
42.0
  0
LINE
  5
5D7
330
5CE
100
AcDbEntity
  8
0
100
AcDbLine
 10
10736.0
 20
8200.0
 30
0.0
 11
11886.0
 21
8200.0
 31
0.0
  0
MTEXT
  5
5D8
330
5CE
100
AcDbEntity
  8
DIM
 62
7
100
AcDbMText
 10
11311.0
 20
8252.5
 30
0.0
 40
70.0
 71
5
  1
1150
  7
OpenSansCondensed-Light
  0
POINT
  5
5D9
330
5CE
100
AcDbEntity
  8
Defpoints
100
AcDbPoint
 10
10736.0
 20
8200.0
 30
0.0
  0
POINT
  5
5DA
330
5CE
100
AcDbEntity
  8
Defpoints
100
AcDbPoint
 10
10736.0
 20
8900.0
 30
0.0
  0
POINT
  5
5DB
330
5CE
100
AcDbEntity
  8
Defpoints
100
AcDbPoint
 10
11886.0
 20
8900.0
 30
0.0
  0
ENDBLK
  5
5D0
330
5CE
100
AcDbEntity
  8
0
100
AcDbBlockEnd
  0
BLOCK
  5
AA7
330
AA6
100
AcDbEntity
  8
0
100
AcDbBlockBegin
  2
*D9
 70
1
 10
0.0
 20
0.0
 30
0.0
  3
*D9
  1

  0
LINE
  5
AA9
330
AA6
100
AcDbEntity
  8
0
100
AcDbLine
 10
1094.0
 20
4929.0
 30
0.0
 11
1094.0
 21
4625.5
 31
0.0
  0
LINE
  5
AAA
330
AA6
100
AcDbEntity
  8
0
100
AcDbLine
 10
14560.0
 20
4929.0
 30
0.0
 11
14560.0
 21
4625.5
 31
0.0
  0
INSERT
  5
AAB
330
AA6
100
AcDbEntity
  8
DIM
100
AcDbBlockReference
  2
_ARCHTICK
 10
1094.0
 20
4650.0
 30
0.0
 41
42.0
 42
42.0
 50
180.0
  0
INSERT
  5
AAD
330
AA6
100
AcDbEntity
  8
DIM
100
AcDbBlockReference
  2
_ARCHTICK
 10
14560.0
 20
4650.0
 30
0.0
 41
42.0
 42
42.0
  0
LINE
  5
AAF
330
AA6
100
AcDbEntity
  8
0
100
AcDbLine
 10
1094.0
 20
4650.0
 30
0.0
 11
14560.0
 21
4650.0
 31
0.0
  0
MTEXT
  5
AB0
330
AA6
100
AcDbEntity
  8
DIM
 62
7
100
AcDbMText
 10
7827.0
 20
4702.5
 30
0.0
 40
70.0
 71
5
  1
13466
  7
OpenSansCondensed-Light
  0
POINT
  5
AB1
330
AA6
100
AcDbEntity
  8
Defpoints
100
AcDbPoint
 10
1094.0
 20
4650.0
 30
0.0
  0
POINT
  5
AB2
330
AA6
100
AcDbEntity
  8
Defpoints
100
AcDbPoint
 10
1094.0
 20
4950.0
 30
0.0
  0
POINT
  5
AB3
330
AA6
100
AcDbEntity
  8
Defpoints
100
AcDbPoint
 10
14560.0
 20
4950.0
 30
0.0
  0
ENDBLK
  5
AA8
330
AA6
100
AcDbEntity
  8
0
100
AcDbBlockEnd
  0
BLOCK
  5
AB6
330
AB5
100
AcDbEntity
  8
0
100
AcDbBlockBegin
  2
*D10
 70
1
 10
0.0
 20
0.0
 30
0.0
  3
*D10
  1

  0
LINE
  5
AB8
330
AB5
100
AcDbEntity
  8
0
100
AcDbLine
 10
1950.0
 20
4929.0
 30
0.0
 11
1950.0
 21
4225.5
 31
0.0
  0
LINE
  5
AB9
330
AB5
100
AcDbEntity
  8
0
100
AcDbLine
 10
4437.0
 20
4929.0
 30
0.0
 11
4437.0
 21
4225.5
 31
0.0
  0
INSERT
  5
ABA
330
AB5
100
AcDbEntity
  8
DIM
100
AcDbBlockReference
  2
_ARCHTICK
 10
1950.0
 20
4250.0
 30
0.0
 41
42.0
 42
42.0
 50
180.0
  0
INSERT
  5
ABC
330
AB5
100
AcDbEntity
  8
DIM
100
AcDbBlockReference
  2
_ARCHTICK
 10
4437.0
 20
4250.0
 30
0.0
 41
42.0
 42
42.0
  0
LINE
  5
ABE
330
AB5
100
AcDbEntity
  8
0
100
AcDbLine
 10
1950.0
 20
4250.0
 30
0.0
 11
4437.0
 21
4250.0
 31
0.0
  0
MTEXT
  5
ABF
330
AB5
100
AcDbEntity
  8
DIM
 62
7
100
AcDbMText
 10
3193.5
 20
4302.5
 30
0.0
 40
70.0
 71
5
  1
2487
  7
OpenSansCondensed-Light
  0
POINT
  5
AC0
330
AB5
100
AcDbEntity
  8
Defpoints
100
AcDbPoint
 10
1950.0
 20
4250.0
 30
0.0
  0
POINT
  5
AC1
330
AB5
100
AcDbEntity
  8
Defpoints
100
AcDbPoint
 10
1950.0
 20
4950.0
 30
0.0
  0
POINT
  5
AC2
330
AB5
100
AcDbEntity
  8
Defpoints
100
AcDbPoint
 10
4437.0
 20
4950.0
 30
0.0
  0
ENDBLK
  5
AB7
330
AB5
100
AcDbEntity
  8
0
100
AcDbBlockEnd
  0
BLOCK
  5
AC5
330
AC4
100
AcDbEntity
  8
0
100
AcDbBlockBegin
  2
*D11
 70
1
 10
0.0
 20
0.0
 30
0.0
  3
*D11
  1

  0
LINE
  5
AC7
330
AC4
100
AcDbEntity
  8
0
100
AcDbLine
 10
4437.0
 20
4929.0
 30
0.0
 11
4437.0
 21
4225.5
 31
0.0
  0
LINE
  5
AC8
330
AC4
100
AcDbEntity
  8
0
100
AcDbLine
 10
6861.0
 20
4929.0
 30
0.0
 11
6861.0
 21
4225.5
 31
0.0
  0
INSERT
  5
AC9
330
AC4
100
AcDbEntity
  8
DIM
100
AcDbBlockReference
  2
_ARCHTICK
 10
4437.0
 20
4250.0
 30
0.0
 41
42.0
 42
42.0
 50
180.0
  0
INSERT
  5
ACB
330
AC4
100
AcDbEntity
  8
DIM
100
AcDbBlockReference
  2
_ARCHTICK
 10
6861.0
 20
4250.0
 30
0.0
 41
42.0
 42
42.0
  0
LINE
  5
ACD
330
AC4
100
AcDbEntity
  8
0
100
AcDbLine
 10
4437.0
 20
4250.0
 30
0.0
 11
6861.0
 21
4250.0
 31
0.0
  0
MTEXT
  5
ACE
330
AC4
100
AcDbEntity
  8
DIM
 62
7
100
AcDbMText
 10
5649.0
 20
4302.5
 30
0.0
 40
70.0
 71
5
  1
2424
  7
OpenSansCondensed-Light
  0
POINT
  5
ACF
330
AC4
100
AcDbEntity
  8
Defpoints
100
AcDbPoint
 10
4437.0
 20
4250.0
 30
0.0
  0
POINT
  5
AD0
330
AC4
100
AcDbEntity
  8
Defpoints
100
AcDbPoint
 10
4437.0
 20
4950.0
 30
0.0
  0
POINT
  5
AD1
330
AC4
100
AcDbEntity
  8
Defpoints
100
AcDbPoint
 10
6861.0
 20
4950.0
 30
0.0
  0
ENDBLK
  5
AC6
330
AC4
100
AcDbEntity
  8
0
100
AcDbBlockEnd
  0
BLOCK
  5
AD4
330
AD3
100
AcDbEntity
  8
0
100
AcDbBlockBegin
  2
*D12
 70
1
 10
0.0
 20
0.0
 30
0.0
  3
*D12
  1

  0
LINE
  5
AD6
330
AD3
100
AcDbEntity
  8
0
100
AcDbLine
 10
6861.0
 20
4929.0
 30
0.0
 11
6861.0
 21
4225.5
 31
0.0
  0
LINE
  5
AD7
330
AD3
100
AcDbEntity
  8
0
100
AcDbLine
 10
8026.0
 20
4929.0
 30
0.0
 11
8026.0
 21
4225.5
 31
0.0
  0
INSERT
  5
AD8
330
AD3
100
AcDbEntity
  8
DIM
100
AcDbBlockReference
  2
_ARCHTICK
 10
6861.0
 20
4250.0
 30
0.0
 41
42.0
 42
42.0
 50
180.0
  0
INSERT
  5
ADA
330
AD3
100
AcDbEntity
  8
DIM
100
AcDbBlockReference
  2
_ARCHTICK
 10
8026.0
 20
4250.0
 30
0.0
 41
42.0
 42
42.0
  0
LINE
  5
ADC
330
AD3
100
AcDbEntity
  8
0
100
AcDbLine
 10
6861.0
 20
4250.0
 30
0.0
 11
8026.0
 21
4250.0
 31
0.0
  0
MTEXT
  5
ADD
330
AD3
100
AcDbEntity
  8
DIM
 62
7
100
AcDbMText
 10
7443.5
 20
4302.5
 30
0.0
 40
70.0
 71
5
  1
1165
  7
OpenSansCondensed-Light
  0
POINT
  5
ADE
330
AD3
100
AcDbEntity
  8
Defpoints
100
AcDbPoint
 10
6861.0
 20
4250.0
 30
0.0
  0
POINT
  5
ADF
330
AD3
100
AcDbEntity
  8
Defpoints
100
AcDbPoint
 10
6861.0
 20
4950.0
 30
0.0
  0
POINT
  5
AE0
330
AD3
100
AcDbEntity
  8
Defpoints
100
AcDbPoint
 10
8026.0
 20
4950.0
 30
0.0
  0
ENDBLK
  5
AD5
330
AD3
100
AcDbEntity
  8
0
100
AcDbBlockEnd
  0
BLOCK
  5
AE3
330
AE2
100
AcDbEntity
  8
0
100
AcDbBlockBegin
  2
*D13
 70
1
 10
0.0
 20
0.0
 30
0.0
  3
*D13
  1

  0
LINE
  5
AE5
330
AE2
100
AcDbEntity
  8
0
100
AcDbLine
 10
8026.0
 20
4929.0
 30
0.0
 11
8026.0
 21
4225.5
 31
0.0
  0
LINE
  5
AE6
330
AE2
100
AcDbEntity
  8
0
100
AcDbLine
 10
10437.0
 20
4929.0
 30
0.0
 11
10437.0
 21
4225.5
 31
0.0
  0
INSERT
  5
AE7
330
AE2
100
AcDbEntity
  8
DIM
100
AcDbBlockReference
  2
_ARCHTICK
 10
8026.0
 20
4250.0
 30
0.0
 41
42.0
 42
42.0
 50
180.0
  0
INSERT
  5
AE9
330
AE2
100
AcDbEntity
  8
DIM
100
AcDbBlockReference
  2
_ARCHTICK
 10
10437.0
 20
4250.0
 30
0.0
 41
42.0
 42
42.0
  0
LINE
  5
AEB
330
AE2
100
AcDbEntity
  8
0
100
AcDbLine
 10
8026.0
 20
4250.0
 30
0.0
 11
10437.0
 21
4250.0
 31
0.0
  0
MTEXT
  5
AEC
330
AE2
100
AcDbEntity
  8
DIM
 62
7
100
AcDbMText
 10
9231.5
 20
4302.5
 30
0.0
 40
70.0
 71
5
  1
2411
  7
OpenSansCondensed-Light
  0
POINT
  5
AED
330
AE2
100
AcDbEntity
  8
Defpoints
100
AcDbPoint
 10
8026.0
 20
4250.0
 30
0.0
  0
POINT
  5
AEE
330
AE2
100
AcDbEntity
  8
Defpoints
100
AcDbPoint
 10
8026.0
 20
4950.0
 30
0.0
  0
POINT
  5
AEF
330
AE2
100
AcDbEntity
  8
Defpoints
100
AcDbPoint
 10
10437.0
 20
4950.0
 30
0.0
  0
ENDBLK
  5
AE4
330
AE2
100
AcDbEntity
  8
0
100
AcDbBlockEnd
  0
BLOCK
  5
AF2
330
AF1
100
AcDbEntity
  8
0
100
AcDbBlockBegin
  2
*D14
 70
1
 10
0.0
 20
0.0
 30
0.0
  3
*D14
  1

  0
LINE
  5
AF4
330
AF1
100
AcDbEntity
  8
0
100
AcDbLine
 10
10437.0
 20
4929.0
 30
0.0
 11
10437.0
 21
4225.5
 31
0.0
  0
LINE
  5
AF5
330
AF1
100
AcDbEntity
  8
0
100
AcDbLine
 10
12390.0
 20
4929.0
 30
0.0
 11
12390.0
 21
4225.5
 31
0.0
  0
INSERT
  5
AF6
330
AF1
100
AcDbEntity
  8
DIM
100
AcDbBlockReference
  2
_ARCHTICK
 10
10437.0
 20
4250.0
 30
0.0
 41
42.0
 42
42.0
 50
180.0
  0
INSERT
  5
AF8
330
AF1
100
AcDbEntity
  8
DIM
100
AcDbBlockReference
  2
_ARCHTICK
 10
12390.0
 20
4250.0
 30
0.0
 41
42.0
 42
42.0
  0
LINE
  5
AFA
330
AF1
100
AcDbEntity
  8
0
100
AcDbLine
 10
10437.0
 20
4250.0
 30
0.0
 11
12390.0
 21
4250.0
 31
0.0
  0
MTEXT
  5
AFB
330
AF1
100
AcDbEntity
  8
DIM
 62
7
100
AcDbMText
 10
11413.5
 20
4302.5
 30
0.0
 40
70.0
 71
5
  1
1953
  7
OpenSansCondensed-Light
  0
POINT
  5
AFC
330
AF1
100
AcDbEntity
  8
Defpoints
100
AcDbPoint
 10
10437.0
 20
4250.0
 30
0.0
  0
POINT
  5
AFD
330
AF1
100
AcDbEntity
  8
Defpoints
100
AcDbPoint
 10
10437.0
 20
4950.0
 30
0.0
  0
POINT
  5
AFE
330
AF1
100
AcDbEntity
  8
Defpoints
100
AcDbPoint
 10
12390.0
 20
4950.0
 30
0.0
  0
ENDBLK
  5
AF3
330
AF1
100
AcDbEntity
  8
0
100
AcDbBlockEnd
  0
BLOCK
  5
B01
330
B00
100
AcDbEntity
  8
0
100
AcDbBlockBegin
  2
*D15
 70
1
 10
0.0
 20
0.0
 30
0.0
  3
*D15
  1

  0
LINE
  5
B03
330
B00
100
AcDbEntity
  8
0
100
AcDbLine
 10
629.0
 20
5300.0
 30
0.0
 11
375.5
 21
5300.0
 31
0.0
  0
LINE
  5
B04
330
B00
100
AcDbEntity
  8
0
100
AcDbLine
 10
629.0
 20
6975.0
 30
0.0
 11
375.5
 21
6975.0
 31
0.0
  0
INSERT
  5
B05
330
B00
100
AcDbEntity
  8
DIM
100
AcDbBlockReference
  2
_ARCHTICK
 10
400.0
 20
5300.0
 30
0.0
 41
42.0
 42
42.0
 50
270.0
  0
INSERT
  5
B07
330
B00
100
AcDbEntity
  8
DIM
100
AcDbBlockReference
  2
_ARCHTICK
 10
400.0
 20
6975.0
 30
0.0
 41
42.0
 42
42.0
 50
90.0
  0
LINE
  5
B09
330
B00
100
AcDbEntity
  8
0
100
AcDbLine
 10
400.0
 20
5300.0
 30
0.0
 11
400.0
 21
6975.0
 31
0.0
  0
MTEXT
  5
B0A
330
B00
100
AcDbEntity
  8
DIM
 62
7
100
AcDbMText
 10
347.5
 20
6137.5
 30
0.0
 40
70.0
 71
5
  1
1675
  7
OpenSansCondensed-Light
 50
90.0
  0
POINT
  5
B0B
330
B00
100
AcDbEntity
  8
Defpoints
100
AcDbPoint
 10
400.0
 20
5300.0
 30
0.0
  0
POINT
  5
B0C
330
B00
100
AcDbEntity
  8
Defpoints
100
AcDbPoint
 10
650.0
 20
5300.0
 30
0.0
  0
POINT
  5
B0D
330
B00
100
AcDbEntity
  8
Defpoints
100
AcDbPoint
 10
650.0
 20
6975.0
 30
0.0
  0
ENDBLK
  5
B02
330
B00
100
AcDbEntity
  8
0
100
AcDbBlockEnd
  0
BLOCK
  5
B72
330
B71
100
AcDbEntity
  8
0
100
AcDbBlockBegin
  2
*D16
 70
1
 10
0.0
 20
0.0
 30
0.0
  3
*D16
  1

  0
LINE
  5
B74
330
B71
100
AcDbEntity
  8
0
100
AcDbLine
 10
16279.0
 20
6600.0
 30
0.0
 11
16015.5
 21
6600.0
 31
0.0
  0
LINE
  5
B75
330
B71
100
AcDbEntity
  8
0
100
AcDbLine
 10
16279.0
 20
10787.5
 30
0.0
 11
16015.5
 21
10787.5
 31
0.0
  0
INSERT
  5
B76
330
B71
100
AcDbEntity
  8
DIM
100
AcDbBlockReference
  2
_ARCHTICK
 10
16040.0
 20
6600.0
 30
0.0
 41
42.0
 42
42.0
 50
270.0
  0
INSERT
  5
B78
330
B71
100
AcDbEntity
  8
DIM
100
AcDbBlockReference
  2
_ARCHTICK
 10
16040.0
 20
10787.5
 30
0.0
 41
42.0
 42
42.0
 50
90.0
  0
LINE
  5
B7A
330
B71
100
AcDbEntity
  8
0
100
AcDbLine
 10
16040.0
 20
6600.0
 30
0.0
 11
16040.0
 21
10787.5
 31
0.0
  0
MTEXT
  5
B7B
330
B71
100
AcDbEntity
  8
DIM
 62
7
100
AcDbMText
 10
15987.5
 20
8693.75
 30
0.0
 40
70.0
 71
5
  1
1675
  7
OpenSansCondensed-Light
 50
90.0
  0
POINT
  5
B7C
330
B71
100
AcDbEntity
  8
Defpoints
100
AcDbPoint
 10
16040.0
 20
6600.0
 30
0.0
  0
POINT
  5
B7D
330
B71
100
AcDbEntity
  8
Defpoints
100
AcDbPoint
 10
16300.0
 20
6600.0
 30
0.0
  0
POINT
  5
B7E
330
B71
100
AcDbEntity
  8
Defpoints
100
AcDbPoint
 10
16300.0
 20
10787.5
 30
0.0
  0
ENDBLK
  5
B73
330
B71
100
AcDbEntity
  8
0
100
AcDbBlockEnd
  0
BLOCK
  5
C47
330
C46
100
AcDbEntity
  8
0
100
AcDbBlockBegin
  2
*D17
 70
1
 10
0.0
 20
0.0
 30
0.0
  3
*D17
  1

  0
LINE
  5
C49
330
C46
100
AcDbEntity
  8
0
100
AcDbLine
 10
22919.0
 20
1079.0
 30
0.0
 11
22919.0
 21
775.5
 31
0.0
  0
LINE
  5
C4A
330
C46
100
AcDbEntity
  8
0
100
AcDbLine
 10
26216.0
 20
1079.0
 30
0.0
 11
26216.0
 21
775.5
 31
0.0
  0
INSERT
  5
C4B
330
C46
100
AcDbEntity
  8
DIM
100
AcDbBlockReference
  2
_ARCHTICK
 10
22919.0
 20
800.0
 30
0.0
 41
42.0
 42
42.0
 50
180.0
  0
INSERT
  5
C4D
330
C46
100
AcDbEntity
  8
DIM
100
AcDbBlockReference
  2
_ARCHTICK
 10
26216.0
 20
800.0
 30
0.0
 41
42.0
 42
42.0
  0
LINE
  5
C4F
330
C46
100
AcDbEntity
  8
0
100
AcDbLine
 10
22919.0
 20
800.0
 30
0.0
 11
26216.0
 21
800.0
 31
0.0
  0
MTEXT
  5
C50
330
C46
100
AcDbEntity
  8
DIM
 62
7
100
AcDbMText
 10
24567.5
 20
852.5
 30
0.0
 40
70.0
 71
5
  1
1099
  7
OpenSansCondensed-Light
  0
POINT
  5
C51
330
C46
100
AcDbEntity
  8
Defpoints
100
AcDbPoint
 10
22919.0
 20
800.0
 30
0.0
  0
POINT
  5
C52
330
C46
100
AcDbEntity
  8
Defpoints
100
AcDbPoint
 10
22919.0
 20
1100.0
 30
0.0
  0
POINT
  5
C53
330
C46
100
AcDbEntity
  8
Defpoints
100
AcDbPoint
 10
26216.0
 20
1100.0
 30
0.0
  0
ENDBLK
  5
C48
330
C46
100
AcDbEntity
  8
0
100
AcDbBlockEnd
  0
BLOCK
  5
C56
330
C55
100
AcDbEntity
  8
0
100
AcDbBlockBegin
  2
*D18
 70
1
 10
0.0
 20
0.0
 30
0.0
  3
*D18
  1

  0
LINE
  5
C58
330
C55
100
AcDbEntity
  8
0
100
AcDbLine
 10
22479.0
 20
1508.0
 30
0.0
 11
22215.5
 21
1508.0
 31
0.0
  0
LINE
  5
C59
330
C55
100
AcDbEntity
  8
0
100
AcDbLine
 10
22479.0
 20
2990.0
 30
0.0
 11
22215.5
 21
2990.0
 31
0.0
  0
INSERT
  5
C5A
330
C55
100
AcDbEntity
  8
DIM
100
AcDbBlockReference
  2
_ARCHTICK
 10
22240.0
 20
1508.0
 30
0.0
 41
42.0
 42
42.0
 50
270.0
  0
INSERT
  5
C5C
330
C55
100
AcDbEntity
  8
DIM
100
AcDbBlockReference
  2
_ARCHTICK
 10
22240.0
 20
2990.0
 30
0.0
 41
42.0
 42
42.0
 50
90.0
  0
LINE
  5
C5E
330
C55
100
AcDbEntity
  8
0
100
AcDbLine
 10
22240.0
 20
1508.0
 30
0.0
 11
22240.0
 21
2990.0
 31
0.0
  0
MTEXT
  5
C5F
330
C55
100
AcDbEntity
  8
DIM
 62
7
100
AcDbMText
 10
22187.5
 20
2249.0
 30
0.0
 40
70.0
 71
5
  1
494
  7
OpenSansCondensed-Light
 50
90.0
  0
POINT
  5
C60
330
C55
100
AcDbEntity
  8
Defpoints
100
AcDbPoint
 10
22240.0
 20
1508.0
 30
0.0
  0
POINT
  5
C61
330
C55
100
AcDbEntity
  8
Defpoints
100
AcDbPoint
 10
22500.0
 20
1508.0
 30
0.0
  0
POINT
  5
C62
330
C55
100
AcDbEntity
  8
Defpoints
100
AcDbPoint
 10
22500.0
 20
2990.0
 30
0.0
  0
ENDBLK
  5
C57
330
C55
100
AcDbEntity
  8
0
100
AcDbBlockEnd
  0
ENDSEC
  0
SECTION
  2
ENTITIES
  0
LWPOLYLINE
  5
95
330
17
100
AcDbEntity
  8
TRUNK
100
AcDbPolyline
 90
4
 70
1
 10
1114.0
 20
9330.5201
 10
1950.0
 20
9330.5201
 10
1950.0
 20
9462.5201
 10
1114.0
 20
9462.5201
  0
LWPOLYLINE
  5
96
330
17
100
AcDbEntity
  8
TRUNK
100
AcDbPolyline
 90
4
 70
1
 10
1950.0
 20
9330.5201
 10
4437.0
 20
9330.5201
 10
4437.0
 20
9462.5201
 10
1950.0
 20
9462.5201
  0
LWPOLYLINE
  5
97
330
17
100
AcDbEntity
  8
TRUNK
100
AcDbPolyline
 90
4
 70
1
 10
4437.0
 20
9330.5201
 10
6861.0
 20
9330.5201
 10
6861.0
 20
9462.5201
 10
4437.0
 20
9462.5201
  0
LWPOLYLINE
  5
98
330
17
100
AcDbEntity
  8
TRUNK
100
AcDbPolyline
 90
4
 70
1
 10
6861.0
 20
9330.5201
 10
8026.0
 20
9330.5201
 10
8026.0
 20
9462.5201
 10
6861.0
 20
9462.5201
  0
LWPOLYLINE
  5
99
330
17
100
AcDbEntity
  8
TRUNK
100
AcDbPolyline
 90
4
 70
1
 10
8026.0
 20
9330.5201
 10
10437.0
 20
9330.5201
 10
10437.0
 20
9462.5201
 10
8026.0
 20
9462.5201
  0
LWPOLYLINE
  5
9A
330
17
100
AcDbEntity
  8
TRUNK
100
AcDbPolyline
 90
4
 70
1
 10
10437.0
 20
9330.5201
 10
12390.0
 20
9330.5201
 10
12390.0
 20
9462.5201
 10
10437.0
 20
9462.5201
  0
LWPOLYLINE
  5
9B
330
17
100
AcDbEntity
  8
TRUNK
100
AcDbPolyline
 90
4
 70
1
 10
12390.0
 20
9330.5201
 10
14410.0
 20
9330.5201
 10
14410.0
 20
9462.5201
 10
12390.0
 20
9462.5201
  0
LWPOLYLINE
  5
9C
330
17
100
AcDbEntity
  8
TRUNK
100
AcDbPolyline
 90
4
 70
1
 10
1890.0
 20
9327.5201
 10
2010.0
 20
9327.5201
 10
2010.0
 20
9465.5201
 10
1890.0
 20
9465.5201
  0
LWPOLYLINE
  5
9D
330
17
100
AcDbEntity
  8
TRUNK
100
AcDbPolyline
 90
4
 70
1
 10
4377.0
 20
9327.5201
 10
4497.0
 20
9327.5201
 10
4497.0
 20
9465.5201
 10
4377.0
 20
9465.5201
  0
LWPOLYLINE
  5
9E
330
17
100
AcDbEntity
  8
TRUNK
100
AcDbPolyline
 90
4
 70
1
 10
6801.0
 20
9327.5201
 10
6921.0
 20
9327.5201
 10
6921.0
 20
9465.5201
 10
6801.0
 20
9465.5201
  0
LWPOLYLINE
  5
9F
330
17
100
AcDbEntity
  8
TRUNK
100
AcDbPolyline
 90
4
 70
1
 10
7966.0
 20
9327.5201
 10
8086.0
 20
9327.5201
 10
8086.0
 20
9465.5201
 10
7966.0
 20
9465.5201
  0
LWPOLYLINE
  5
A0
330
17
100
AcDbEntity
  8
TRUNK
100
AcDbPolyline
 90
4
 70
1
 10
10377.0
 20
9327.5201
 10
10497.0
 20
9327.5201
 10
10497.0
 20
9465.5201
 10
10377.0
 20
9465.5201
  0
LWPOLYLINE
  5
A1
330
17
100
AcDbEntity
  8
TRUNK
100
AcDbPolyline
 90
4
 70
1
 10
12330.0
 20
9327.5201
 10
12450.0
 20
9327.5201
 10
12450.0
 20
9465.5201
 10
12330.0
 20
9465.5201
  0
LWPOLYLINE
  5
A2
330
17
100
AcDbEntity
  8
TRUNK
100
AcDbPolyline
 90
4
 70
1
 10
1114.0
 20
9342.5201
 10
14560.0
 20
9342.5201
 10
14560.0
 20
9354.5201
 10
1114.0
 20
9354.5201
  0
LWPOLYLINE
  5
A3
330
17
100
AcDbEntity
  8
TRUNK
100
AcDbPolyline
 90
4
 70
1
 10
1114.0
 20
9341.5201
 10
14410.0
 20
9341.5201
 10
14410.0
 20
9355.5201
 10
1114.0
 20
9355.5201
  0
LWPOLYLINE
  5
A4
330
17
100
AcDbEntity
  8
TRUNK
100
AcDbPolyline
 90
4
 70
1
 10
1114.0
 20
9366.5201
 10
14560.0
 20
9366.5201
 10
14560.0
 20
9378.5201
 10
1114.0
 20
9378.5201
  0
LWPOLYLINE
  5
A5
330
17
100
AcDbEntity
  8
TRUNK
100
AcDbPolyline
 90
4
 70
1
 10
1114.0
 20
9365.5201
 10
14410.0
 20
9365.5201
 10
14410.0
 20
9379.5201
 10
1114.0
 20
9379.5201
  0
LWPOLYLINE
  5
A6
330
17
100
AcDbEntity
  8
TRUNK
100
AcDbPolyline
 90
4
 70
1
 10
1114.0
 20
9390.5201
 10
14560.0
 20
9390.5201
 10
14560.0
 20
9402.5201
 10
1114.0
 20
9402.5201
  0
LWPOLYLINE
  5
A7
330
17
100
AcDbEntity
  8
TRUNK
100
AcDbPolyline
 90
4
 70
1
 10
1114.0
 20
9389.5201
 10
14410.0
 20
9389.5201
 10
14410.0
 20
9403.5201
 10
1114.0
 20
9403.5201
  0
LWPOLYLINE
  5
A8
330
17
100
AcDbEntity
  8
TRUNK
100
AcDbPolyline
 90
4
 70
1
 10
1114.0
 20
9414.5201
 10
14560.0
 20
9414.5201
 10
14560.0
 20
9426.5201
 10
1114.0
 20
9426.5201
  0
LWPOLYLINE
  5
A9
330
17
100
AcDbEntity
  8
TRUNK
100
AcDbPolyline
 90
4
 70
1
 10
1114.0
 20
9413.5201
 10
14410.0
 20
9413.5201
 10
14410.0
 20
9427.5201
 10
1114.0
 20
9427.5201
  0
LWPOLYLINE
  5
AA
330
17
100
AcDbEntity
  8
TRUNK
100
AcDbPolyline
 90
4
 70
1
 10
1114.0
 20
9438.5201
 10
14560.0
 20
9438.5201
 10
14560.0
 20
9450.5201
 10
1114.0
 20
9450.5201
  0
LWPOLYLINE
  5
AB
330
17
100
AcDbEntity
  8
TRUNK
100
AcDbPolyline
 90
4
 70
1
 10
1114.0
 20
9437.5201
 10
14410.0
 20
9437.5201
 10
14410.0
 20
9451.5201
 10
1114.0
 20
9451.5201
  0
LWPOLYLINE
  5
AC
330
17
100
AcDbEntity
  8
TRUNK
100
AcDbPolyline
 90
4
 70
1
 10
1094.0
 20
9326.5201
 10
1114.0
 20
9326.5201
 10
1114.0
 20
9466.5201
 10
1094.0
 20
9466.5201
  0
LWPOLYLINE
  5
AD
330
17
100
AcDbEntity
  8
TRUNK
100
AcDbPolyline
 90
4
 70
1
 10
14410.0
 20
9300.5201
 10
14440.0
 20
9300.5201
 10
14440.0
 20
9492.52
 10
14410.0
 20
9492.52
  0
LWPOLYLINE
  5
AE
330
17
100
AcDbEntity
  8
TRUNK
100
AcDbPolyline
 90
4
 70
1
 10
14440.0
 20
9330.5201
 10
14560.0
 20
9330.5201
 10
14560.0
 20
9462.5201
 10
14440.0
 20
9462.5201
  0
LWPOLYLINE
  5
AF
330
17
100
AcDbEntity
  8
TRUNK
100
AcDbPolyline
 90
4
 70
1
 10
1114.0
 20
9328.5201
 10
14410.0
 20
9328.5201
 10
14410.0
 20
9330.5201
 10
1114.0
 20
9330.5201
  0
LWPOLYLINE
  5
B0
330
17
100
AcDbEntity
  8
TRUNK
100
AcDbPolyline
 90
4
 70
1
 10
1114.0
 20
9462.5201
 10
14410.0
 20
9462.5201
 10
14410.0
 20
9464.5201
 10
1114.0
 20
9464.5201
  0
LWPOLYLINE
  5
B1
330
17
100
AcDbEntity
  8
TRUNK
100
AcDbPolyline
 90
4
 70
1
 10
1114.0
 20
9737.5201
 10
1950.0
 20
9737.5201
 10
1950.0
 20
9869.5201
 10
1114.0
 20
9869.5201
  0
LWPOLYLINE
  5
B2
330
17
100
AcDbEntity
  8
TRUNK
100
AcDbPolyline
 90
4
 70
1
 10
1950.0
 20
9737.5201
 10
4437.0
 20
9737.5201
 10
4437.0
 20
9869.5201
 10
1950.0
 20
9869.5201
  0
LWPOLYLINE
  5
B3
330
17
100
AcDbEntity
  8
TRUNK
100
AcDbPolyline
 90
4
 70
1
 10
4437.0
 20
9737.5201
 10
6861.0
 20
9737.5201
 10
6861.0
 20
9869.5201
 10
4437.0
 20
9869.5201
  0
LWPOLYLINE
  5
B4
330
17
100
AcDbEntity
  8
TRUNK
100
AcDbPolyline
 90
4
 70
1
 10
6861.0
 20
9737.5201
 10
8026.0
 20
9737.5201
 10
8026.0
 20
9869.5201
 10
6861.0
 20
9869.5201
  0
LWPOLYLINE
  5
B5
330
17
100
AcDbEntity
  8
TRUNK
100
AcDbPolyline
 90
4
 70
1
 10
8026.0
 20
9737.5201
 10
10437.0
 20
9737.5201
 10
10437.0
 20
9869.5201
 10
8026.0
 20
9869.5201
  0
LWPOLYLINE
  5
B6
330
17
100
AcDbEntity
  8
TRUNK
100
AcDbPolyline
 90
4
 70
1
 10
10437.0
 20
9737.5201
 10
12390.0
 20
9737.5201
 10
12390.0
 20
9869.5201
 10
10437.0
 20
9869.5201
  0
LWPOLYLINE
  5
B7
330
17
100
AcDbEntity
  8
TRUNK
100
AcDbPolyline
 90
4
 70
1
 10
12390.0
 20
9737.5201
 10
14410.0
 20
9737.5201
 10
14410.0
 20
9869.5201
 10
12390.0
 20
9869.5201
  0
LWPOLYLINE
  5
B8
330
17
100
AcDbEntity
  8
TRUNK
100
AcDbPolyline
 90
4
 70
1
 10
1890.0
 20
9734.5201
 10
2010.0
 20
9734.5201
 10
2010.0
 20
9872.5201
 10
1890.0
 20
9872.5201
  0
LWPOLYLINE
  5
B9
330
17
100
AcDbEntity
  8
TRUNK
100
AcDbPolyline
 90
4
 70
1
 10
4377.0
 20
9734.5201
 10
4497.0
 20
9734.5201
 10
4497.0
 20
9872.5201
 10
4377.0
 20
9872.5201
  0
LWPOLYLINE
  5
BA
330
17
100
AcDbEntity
  8
TRUNK
100
AcDbPolyline
 90
4
 70
1
 10
6801.0
 20
9734.5201
 10
6921.0
 20
9734.5201
 10
6921.0
 20
9872.5201
 10
6801.0
 20
9872.5201
  0
LWPOLYLINE
  5
BB
330
17
100
AcDbEntity
  8
TRUNK
100
AcDbPolyline
 90
4
 70
1
 10
7966.0
 20
9734.5201
 10
8086.0
 20
9734.5201
 10
8086.0
 20
9872.5201
 10
7966.0
 20
9872.5201
  0
LWPOLYLINE
  5
BC
330
17
100
AcDbEntity
  8
TRUNK
100
AcDbPolyline
 90
4
 70
1
 10
10377.0
 20
9734.5201
 10
10497.0
 20
9734.5201
 10
10497.0
 20
9872.5201
 10
10377.0
 20
9872.5201
  0
LWPOLYLINE
  5
BD
330
17
100
AcDbEntity
  8
TRUNK
100
AcDbPolyline
 90
4
 70
1
 10
12330.0
 20
9734.5201
 10
12450.0
 20
9734.5201
 10
12450.0
 20
9872.5201
 10
12330.0
 20
9872.5201
  0
LWPOLYLINE
  5
BE
330
17
100
AcDbEntity
  8
TRUNK
100
AcDbPolyline
 90
4
 70
1
 10
1114.0
 20
9749.5201
 10
14560.0
 20
9749.5201
 10
14560.0
 20
9761.5201
 10
1114.0
 20
9761.5201
  0
LWPOLYLINE
  5
BF
330
17
100
AcDbEntity
  8
TRUNK
100
AcDbPolyline
 90
4
 70
1
 10
1114.0
 20
9748.5201
 10
14410.0
 20
9748.5201
 10
14410.0
 20
9762.5201
 10
1114.0
 20
9762.5201
  0
LWPOLYLINE
  5
C0
330
17
100
AcDbEntity
  8
TRUNK
100
AcDbPolyline
 90
4
 70
1
 10
1114.0
 20
9773.5201
 10
14560.0
 20
9773.5201
 10
14560.0
 20
9785.5201
 10
1114.0
 20
9785.5201
  0
LWPOLYLINE
  5
C1
330
17
100
AcDbEntity
  8
TRUNK
100
AcDbPolyline
 90
4
 70
1
 10
1114.0
 20
9772.5201
 10
14410.0
 20
9772.5201
 10
14410.0
 20
9786.5201
 10
1114.0
 20
9786.5201
  0
LWPOLYLINE
  5
C2
330
17
100
AcDbEntity
  8
TRUNK
100
AcDbPolyline
 90
4
 70
1
 10
1114.0
 20
9797.5201
 10
14560.0
 20
9797.5201
 10
14560.0
 20
9809.5201
 10
1114.0
 20
9809.5201
  0
LWPOLYLINE
  5
C3
330
17
100
AcDbEntity
  8
TRUNK
100
AcDbPolyline
 90
4
 70
1
 10
1114.0
 20
9796.5201
 10
14410.0
 20
9796.5201
 10
14410.0
 20
9810.5201
 10
1114.0
 20
9810.5201
  0
LWPOLYLINE
  5
C4
330
17
100
AcDbEntity
  8
TRUNK
100
AcDbPolyline
 90
4
 70
1
 10
1114.0
 20
9821.5201
 10
14560.0
 20
9821.5201
 10
14560.0
 20
9833.5201
 10
1114.0
 20
9833.5201
  0
LWPOLYLINE
  5
C5
330
17
100
AcDbEntity
  8
TRUNK
100
AcDbPolyline
 90
4
 70
1
 10
1114.0
 20
9820.5201
 10
14410.0
 20
9820.5201
 10
14410.0
 20
9834.5201
 10
1114.0
 20
9834.5201
  0
LWPOLYLINE
  5
C6
330
17
100
AcDbEntity
  8
TRUNK
100
AcDbPolyline
 90
4
 70
1
 10
1114.0
 20
9845.5201
 10
14560.0
 20
9845.5201
 10
14560.0
 20
9857.5201
 10
1114.0
 20
9857.5201
  0
LWPOLYLINE
  5
C7
330
17
100
AcDbEntity
  8
TRUNK
100
AcDbPolyline
 90
4
 70
1
 10
1114.0
 20
9844.5201
 10
14410.0
 20
9844.5201
 10
14410.0
 20
9858.5201
 10
1114.0
 20
9858.5201
  0
LWPOLYLINE
  5
C8
330
17
100
AcDbEntity
  8
TRUNK
100
AcDbPolyline
 90
4
 70
1
 10
1094.0
 20
9733.5201
 10
1114.0
 20
9733.5201
 10
1114.0
 20
9873.5201
 10
1094.0
 20
9873.5201
  0
LWPOLYLINE
  5
C9
330
17
100
AcDbEntity
  8
TRUNK
100
AcDbPolyline
 90
4
 70
1
 10
14410.0
 20
9707.5201
 10
14440.0
 20
9707.5201
 10
14440.0
 20
9899.5201
 10
14410.0
 20
9899.5201
  0
LWPOLYLINE
  5
CA
330
17
100
AcDbEntity
  8
TRUNK
100
AcDbPolyline
 90
4
 70
1
 10
14440.0
 20
9737.5201
 10
14560.0
 20
9737.5201
 10
14560.0
 20
9869.5201
 10
14440.0
 20
9869.5201
  0
LWPOLYLINE
  5
CB
330
17
100
AcDbEntity
  8
TRUNK
100
AcDbPolyline
 90
4
 70
1
 10
1114.0
 20
9735.5201
 10
14410.0
 20
9735.5201
 10
14410.0
 20
9737.5201
 10
1114.0
 20
9737.5201
  0
LWPOLYLINE
  5
CC
330
17
100
AcDbEntity
  8
TRUNK
100
AcDbPolyline
 90
4
 70
1
 10
1114.0
 20
9869.5201
 10
14410.0
 20
9869.5201
 10
14410.0
 20
9871.5201
 10
1114.0
 20
9871.5201
  0
LWPOLYLINE
  5
CD
330
17
100
AcDbEntity
  8
TOU
100
AcDbPolyline
 90
4
 70
1
 10
2236.0
 20
9296.5194
 10
2636.0
 20
9296.5194
 10
2636.0
 20
9496.5194
 10
2236.0
 20
9496.5194
  0
LWPOLYLINE
  5
CE
330
17
100
AcDbEntity
  8
TOU
100
AcDbPolyline
 90
4
 70
1
 10
2264.0
 20
9318.5194
 10
2288.0
 20
9318.5194
 10
2288.0
 20
9330.5194
 10
2264.0
 20
9330.5194
  0
LWPOLYLINE
  5
CF
330
17
100
AcDbEntity
  8
TOU
100
AcDbPolyline
 90
4
 70
1
 10
2264.0
 20
9462.5193
 10
2288.0
 20
9462.5193
 10
2288.0
 20
9474.5194
 10
2264.0
 20
9474.5194
  0
LWPOLYLINE
  5
D0
330
17
100
AcDbEntity
  8
TOU
100
AcDbPolyline
 90
4
 70
1
 10
2364.0
 20
9318.5194
 10
2388.0
 20
9318.5194
 10
2388.0
 20
9330.5194
 10
2364.0
 20
9330.5194
  0
LWPOLYLINE
  5
D1
330
17
100
AcDbEntity
  8
TOU
100
AcDbPolyline
 90
4
 70
1
 10
2364.0
 20
9462.5193
 10
2388.0
 20
9462.5193
 10
2388.0
 20
9474.5194
 10
2364.0
 20
9474.5194
  0
LWPOLYLINE
  5
D2
330
17
100
AcDbEntity
  8
TOU
100
AcDbPolyline
 90
4
 70
1
 10
2484.0
 20
9318.5194
 10
2508.0
 20
9318.5194
 10
2508.0
 20
9330.5194
 10
2484.0
 20
9330.5194
  0
LWPOLYLINE
  5
D3
330
17
100
AcDbEntity
  8
TOU
100
AcDbPolyline
 90
4
 70
1
 10
2484.0
 20
9462.5193
 10
2508.0
 20
9462.5193
 10
2508.0
 20
9474.5194
 10
2484.0
 20
9474.5194
  0
LWPOLYLINE
  5
D4
330
17
100
AcDbEntity
  8
TOU
100
AcDbPolyline
 90
4
 70
1
 10
2584.0
 20
9318.5194
 10
2608.0001
 20
9318.5194
 10
2608.0001
 20
9330.5194
 10
2584.0
 20
9330.5194
  0
LWPOLYLINE
  5
D5
330
17
100
AcDbEntity
  8
TOU
100
AcDbPolyline
 90
4
 70
1
 10
2584.0
 20
9462.5193
 10
2608.0001
 20
9462.5193
 10
2608.0001
 20
9474.5194
 10
2584.0
 20
9474.5194
  0
LWPOLYLINE
  5
D6
330
17
100
AcDbEntity
  8
TOU
100
AcDbPolyline
 90
4
 70
1
 10
2426.0
 20
9340.5194
 10
2446.0
 20
9340.5194
 10
2446.0
 20
9356.5194
 10
2426.0
 20
9356.5194
  0
LWPOLYLINE
  5
D7
330
17
100
AcDbEntity
  8
TOU
100
AcDbPolyline
 90
4
 70
1
 10
2426.0
 20
9364.5194
 10
2446.0
 20
9364.5194
 10
2446.0
 20
9380.5194
 10
2426.0
 20
9380.5194
  0
LWPOLYLINE
  5
D8
330
17
100
AcDbEntity
  8
TOU
100
AcDbPolyline
 90
4
 70
1
 10
2426.0
 20
9388.5193
 10
2446.0
 20
9388.5193
 10
2446.0
 20
9404.5194
 10
2426.0
 20
9404.5194
  0
LWPOLYLINE
  5
D9
330
17
100
AcDbEntity
  8
TOU
100
AcDbPolyline
 90
4
 70
1
 10
2426.0
 20
9412.5194
 10
2446.0
 20
9412.5194
 10
2446.0
 20
9428.5194
 10
2426.0
 20
9428.5194
  0
LWPOLYLINE
  5
DA
330
17
100
AcDbEntity
  8
TOU
100
AcDbPolyline
 90
4
 70
1
 10
2426.0
 20
9436.5194
 10
2446.0
 20
9436.5194
 10
2446.0
 20
9452.5194
 10
2426.0
 20
9452.5194
  0
LWPOLYLINE
  5
DB
330
17
100
AcDbEntity
  8
TOU
100
AcDbPolyline
 90
4
 70
1
 10
2256.0
 20
9316.5194
 10
2616.0001
 20
9316.5194
 10
2616.0001
 20
9476.5193
 10
2256.0
 20
9476.5193
  0
LWPOLYLINE
  5
DC
330
17
100
AcDbEntity
  8
TOU
100
AcDbPolyline
 90
4
 70
1
 10
2314.0
 20
9327.5194
 10
2562.0
 20
9327.5194
 10
2562.0
 20
9465.5194
 10
2314.0
 20
9465.5194
  0
LWPOLYLINE
  5
DD
330
17
100
AcDbEntity
  8
TOU
100
AcDbPolyline
 90
4
 70
1
 10
2408.2001
 20
9384.5194
 10
2467.8
 20
9384.5194
 10
2467.8
 20
9408.5194
 10
2408.2001
 20
9408.5194
  0
LWPOLYLINE
  5
DE
330
17
100
AcDbEntity
  8
TOU
100
AcDbPolyline
 90
4
 70
1
 10
2307.0001
 20
9317.5194
 10
2365.0
 20
9317.5194
 10
2365.0
 20
9375.5194
 10
2307.0001
 20
9375.5194
  0
LWPOLYLINE
  5
DF
330
17
100
AcDbEntity
  8
TOU
100
AcDbPolyline
 90
4
 70
1
 10
2307.0001
 20
9417.5194
 10
2365.0
 20
9417.5194
 10
2365.0
 20
9475.5194
 10
2307.0001
 20
9475.5194
  0
LWPOLYLINE
  5
E0
330
17
100
AcDbEntity
  8
TOU
100
AcDbPolyline
 90
4
 70
1
 10
3386.0
 20
9296.5194
 10
3786.0002
 20
9296.5194
 10
3786.0002
 20
9496.5194
 10
3386.0
 20
9496.5194
  0
LWPOLYLINE
  5
E1
330
17
100
AcDbEntity
  8
TOU
100
AcDbPolyline
 90
4
 70
1
 10
3414.0002
 20
9318.5194
 10
3438.0
 20
9318.5194
 10
3438.0
 20
9330.5194
 10
3414.0002
 20
9330.5194
  0
LWPOLYLINE
  5
E2
330
17
100
AcDbEntity
  8
TOU
100
AcDbPolyline
 90
4
 70
1
 10
3414.0002
 20
9462.5193
 10
3438.0
 20
9462.5193
 10
3438.0
 20
9474.5194
 10
3414.0002
 20
9474.5194
  0
LWPOLYLINE
  5
E3
330
17
100
AcDbEntity
  8
TOU
100
AcDbPolyline
 90
4
 70
1
 10
3514.0
 20
9318.5194
 10
3538.0
 20
9318.5194
 10
3538.0
 20
9330.5194
 10
3514.0
 20
9330.5194
  0
LWPOLYLINE
  5
E4
330
17
100
AcDbEntity
  8
TOU
100
AcDbPolyline
 90
4
 70
1
 10
3514.0
 20
9462.5193
 10
3538.0
 20
9462.5193
 10
3538.0
 20
9474.5194
 10
3514.0
 20
9474.5194
  0
LWPOLYLINE
  5
E5
330
17
100
AcDbEntity
  8
TOU
100
AcDbPolyline
 90
4
 70
1
 10
3634.0002
 20
9318.5194
 10
3658.0002
 20
9318.5194
 10
3658.0002
 20
9330.5194
 10
3634.0002
 20
9330.5194
  0
LWPOLYLINE
  5
E6
330
17
100
AcDbEntity
  8
TOU
100
AcDbPolyline
 90
4
 70
1
 10
3634.0002
 20
9462.5193
 10
3658.0002
 20
9462.5193
 10
3658.0002
 20
9474.5194
 10
3634.0002
 20
9474.5194
  0
LWPOLYLINE
  5
E7
330
17
100
AcDbEntity
  8
TOU
100
AcDbPolyline
 90
4
 70
1
 10
3734.0
 20
9318.5194
 10
3758.0
 20
9318.5194
 10
3758.0
 20
9330.5194
 10
3734.0
 20
9330.5194
  0
LWPOLYLINE
  5
E8
330
17
100
AcDbEntity
  8
TOU
100
AcDbPolyline
 90
4
 70
1
 10
3734.0
 20
9462.5193
 10
3758.0
 20
9462.5193
 10
3758.0
 20
9474.5194
 10
3734.0
 20
9474.5194
  0
LWPOLYLINE
  5
E9
330
17
100
AcDbEntity
  8
TOU
100
AcDbPolyline
 90
4
 70
1
 10
3576.0
 20
9340.5194
 10
3596.0
 20
9340.5194
 10
3596.0
 20
9356.5194
 10
3576.0
 20
9356.5194
  0
LWPOLYLINE
  5
EA
330
17
100
AcDbEntity
  8
TOU
100
AcDbPolyline
 90
4
 70
1
 10
3576.0
 20
9364.5194
 10
3596.0
 20
9364.5194
 10
3596.0
 20
9380.5194
 10
3576.0
 20
9380.5194
  0
LWPOLYLINE
  5
EB
330
17
100
AcDbEntity
  8
TOU
100
AcDbPolyline
 90
4
 70
1
 10
3576.0
 20
9388.5193
 10
3596.0
 20
9388.5193
 10
3596.0
 20
9404.5194
 10
3576.0
 20
9404.5194
  0
LWPOLYLINE
  5
EC
330
17
100
AcDbEntity
  8
TOU
100
AcDbPolyline
 90
4
 70
1
 10
3576.0
 20
9412.5194
 10
3596.0
 20
9412.5194
 10
3596.0
 20
9428.5194
 10
3576.0
 20
9428.5194
  0
LWPOLYLINE
  5
ED
330
17
100
AcDbEntity
  8
TOU
100
AcDbPolyline
 90
4
 70
1
 10
3576.0
 20
9436.5194
 10
3596.0
 20
9436.5194
 10
3596.0
 20
9452.5194
 10
3576.0
 20
9452.5194
  0
LWPOLYLINE
  5
EE
330
17
100
AcDbEntity
  8
TOU
100
AcDbPolyline
 90
4
 70
1
 10
3406.0
 20
9316.5194
 10
3766.0002
 20
9316.5194
 10
3766.0002
 20
9476.5193
 10
3406.0
 20
9476.5193
  0
LWPOLYLINE
  5
EF
330
17
100
AcDbEntity
  8
TOU
100
AcDbPolyline
 90
4
 70
1
 10
3464.0
 20
9327.5194
 10
3712.0
 20
9327.5194
 10
3712.0
 20
9465.5194
 10
3464.0
 20
9465.5194
  0
LWPOLYLINE
  5
F0
330
17
100
AcDbEntity
  8
TOU
100
AcDbPolyline
 90
4
 70
1
 10
3558.2
 20
9384.5194
 10
3617.8
 20
9384.5194
 10
3617.8
 20
9408.5194
 10
3558.2
 20
9408.5194
  0
LWPOLYLINE
  5
F1
330
17
100
AcDbEntity
  8
TOU
100
AcDbPolyline
 90
4
 70
1
 10
3457.0002
 20
9317.5194
 10
3515.0
 20
9317.5194
 10
3515.0
 20
9375.5194
 10
3457.0002
 20
9375.5194
  0
LWPOLYLINE
  5
F2
330
17
100
AcDbEntity
  8
TOU
100
AcDbPolyline
 90
4
 70
1
 10
3457.0002
 20
9417.5194
 10
3515.0
 20
9417.5194
 10
3515.0
 20
9475.5194
 10
3457.0002
 20
9475.5194
  0
LWPOLYLINE
  5
F3
330
17
100
AcDbEntity
  8
TOU
100
AcDbPolyline
 90
4
 70
1
 10
4536.0
 20
9296.5194
 10
4935.9998
 20
9296.5194
 10
4935.9998
 20
9496.5194
 10
4536.0
 20
9496.5194
  0
LWPOLYLINE
  5
F4
330
17
100
AcDbEntity
  8
TOU
100
AcDbPolyline
 90
4
 70
1
 10
4564.0
 20
9318.5194
 10
4588.0
 20
9318.5194
 10
4588.0
 20
9330.5194
 10
4564.0
 20
9330.5194
  0
LWPOLYLINE
  5
F5
330
17
100
AcDbEntity
  8
TOU
100
AcDbPolyline
 90
4
 70
1
 10
4564.0
 20
9462.5193
 10
4588.0
 20
9462.5193
 10
4588.0
 20
9474.5194
 10
4564.0
 20
9474.5194
  0
LWPOLYLINE
  5
F6
330
17
100
AcDbEntity
  8
TOU
100
AcDbPolyline
 90
4
 70
1
 10
4664.0
 20
9318.5194
 10
4687.9998
 20
9318.5194
 10
4687.9998
 20
9330.5194
 10
4664.0
 20
9330.5194
  0
LWPOLYLINE
  5
F7
330
17
100
AcDbEntity
  8
TOU
100
AcDbPolyline
 90
4
 70
1
 10
4664.0
 20
9462.5193
 10
4687.9998
 20
9462.5193
 10
4687.9998
 20
9474.5194
 10
4664.0
 20
9474.5194
  0
LWPOLYLINE
  5
F8
330
17
100
AcDbEntity
  8
TOU
100
AcDbPolyline
 90
4
 70
1
 10
4783.9998
 20
9318.5194
 10
4808.0
 20
9318.5194
 10
4808.0
 20
9330.5194
 10
4783.9998
 20
9330.5194
  0
LWPOLYLINE
  5
F9
330
17
100
AcDbEntity
  8
TOU
100
AcDbPolyline
 90
4
 70
1
 10
4783.9998
 20
9462.5193
 10
4808.0
 20
9462.5193
 10
4808.0
 20
9474.5194
 10
4783.9998
 20
9474.5194
  0
LWPOLYLINE
  5
FA
330
17
100
AcDbEntity
  8
TOU
100
AcDbPolyline
 90
4
 70
1
 10
4883.9998
 20
9318.5194
 10
4908.0
 20
9318.5194
 10
4908.0
 20
9330.5194
 10
4883.9998
 20
9330.5194
  0
LWPOLYLINE
  5
FB
330
17
100
AcDbEntity
  8
TOU
100
AcDbPolyline
 90
4
 70
1
 10
4883.9998
 20
9462.5193
 10
4908.0
 20
9462.5193
 10
4908.0
 20
9474.5194
 10
4883.9998
 20
9474.5194
  0
LWPOLYLINE
  5
FC
330
17
100
AcDbEntity
  8
TOU
100
AcDbPolyline
 90
4
 70
1
 10
4726.0002
 20
9340.5194
 10
4746.0002
 20
9340.5194
 10
4746.0002
 20
9356.5194
 10
4726.0002
 20
9356.5194
  0
LWPOLYLINE
  5
FD
330
17
100
AcDbEntity
  8
TOU
100
AcDbPolyline
 90
4
 70
1
 10
4726.0002
 20
9364.5194
 10
4746.0002
 20
9364.5194
 10
4746.0002
 20
9380.5194
 10
4726.0002
 20
9380.5194
  0
LWPOLYLINE
  5
FE
330
17
100
AcDbEntity
  8
TOU
100
AcDbPolyline
 90
4
 70
1
 10
4726.0002
 20
9388.5193
 10
4746.0002
 20
9388.5193
 10
4746.0002
 20
9404.5194
 10
4726.0002
 20
9404.5194
  0
LWPOLYLINE
  5
FF
330
17
100
AcDbEntity
  8
TOU
100
AcDbPolyline
 90
4
 70
1
 10
4726.0002
 20
9412.5194
 10
4746.0002
 20
9412.5194
 10
4746.0002
 20
9428.5194
 10
4726.0002
 20
9428.5194
  0
LWPOLYLINE
  5
100
330
17
100
AcDbEntity
  8
TOU
100
AcDbPolyline
 90
4
 70
1
 10
4726.0002
 20
9436.5194
 10
4746.0002
 20
9436.5194
 10
4746.0002
 20
9452.5194
 10
4726.0002
 20
9452.5194
  0
LWPOLYLINE
  5
101
330
17
100
AcDbEntity
  8
TOU
100
AcDbPolyline
 90
4
 70
1
 10
4556.0
 20
9316.5194
 10
4915.9998
 20
9316.5194
 10
4915.9998
 20
9476.5193
 10
4556.0
 20
9476.5193
  0
LWPOLYLINE
  5
102
330
17
100
AcDbEntity
  8
TOU
100
AcDbPolyline
 90
4
 70
1
 10
4614.0
 20
9327.5194
 10
4862.0
 20
9327.5194
 10
4862.0
 20
9465.5194
 10
4614.0
 20
9465.5194
  0
LWPOLYLINE
  5
103
330
17
100
AcDbEntity
  8
TOU
100
AcDbPolyline
 90
4
 70
1
 10
4708.2
 20
9384.5194
 10
4767.7998
 20
9384.5194
 10
4767.7998
 20
9408.5194
 10
4708.2
 20
9408.5194
  0
LWPOLYLINE
  5
104
330
17
100
AcDbEntity
  8
TOU
100
AcDbPolyline
 90
4
 70
1
 10
4607.0
 20
9317.5194
 10
4664.9998
 20
9317.5194
 10
4664.9998
 20
9375.5194
 10
4607.0
 20
9375.5194
  0
LWPOLYLINE
  5
105
330
17
100
AcDbEntity
  8
TOU
100
AcDbPolyline
 90
4
 70
1
 10
4607.0
 20
9417.5194
 10
4664.9998
 20
9417.5194
 10
4664.9998
 20
9475.5194
 10
4607.0
 20
9475.5194
  0
LWPOLYLINE
  5
106
330
17
100
AcDbEntity
  8
TOU
100
AcDbPolyline
 90
4
 70
1
 10
5686.0005
 20
9296.5194
 10
6086.0
 20
9296.5194
 10
6086.0
 20
9496.5194
 10
5686.0005
 20
9496.5194
  0
LWPOLYLINE
  5
107
330
17
100
AcDbEntity
  8
TOU
100
AcDbPolyline
 90
4
 70
1
 10
5714.0
 20
9318.5194
 10
5738.0005
 20
9318.5194
 10
5738.0005
 20
9330.5194
 10
5714.0
 20
9330.5194
  0
LWPOLYLINE
  5
108
330
17
100
AcDbEntity
  8
TOU
100
AcDbPolyline
 90
4
 70
1
 10
5714.0
 20
9462.5193
 10
5738.0005
 20
9462.5193
 10
5738.0005
 20
9474.5194
 10
5714.0
 20
9474.5194
  0
LWPOLYLINE
  5
109
330
17
100
AcDbEntity
  8
TOU
100
AcDbPolyline
 90
4
 70
1
 10
5814.0
 20
9318.5194
 10
5838.0
 20
9318.5194
 10
5838.0
 20
9330.5194
 10
5814.0
 20
9330.5194
  0
LWPOLYLINE
  5
10A
330
17
100
AcDbEntity
  8
TOU
100
AcDbPolyline
 90
4
 70
1
 10
5814.0
 20
9462.5193
 10
5838.0
 20
9462.5193
 10
5838.0
 20
9474.5194
 10
5814.0
 20
9474.5194
  0
LWPOLYLINE
  5
10B
330
17
100
AcDbEntity
  8
TOU
100
AcDbPolyline
 90
4
 70
1
 10
5934.0
 20
9318.5194
 10
5958.0
 20
9318.5194
 10
5958.0
 20
9330.5194
 10
5934.0
 20
9330.5194
  0
LWPOLYLINE
  5
10C
330
17
100
AcDbEntity
  8
TOU
100
AcDbPolyline
 90
4
 70
1
 10
5934.0
 20
9462.5193
 10
5958.0
 20
9462.5193
 10
5958.0
 20
9474.5194
 10
5934.0
 20
9474.5194
  0
LWPOLYLINE
  5
10D
330
17
100
AcDbEntity
  8
TOU
100
AcDbPolyline
 90
4
 70
1
 10
6034.0
 20
9318.5194
 10
6058.0
 20
9318.5194
 10
6058.0
 20
9330.5194
 10
6034.0
 20
9330.5194
  0
LWPOLYLINE
  5
10E
330
17
100
AcDbEntity
  8
TOU
100
AcDbPolyline
 90
4
 70
1
 10
6034.0
 20
9462.5193
 10
6058.0
 20
9462.5193
 10
6058.0
 20
9474.5194
 10
6034.0
 20
9474.5194
  0
LWPOLYLINE
  5
10F
330
17
100
AcDbEntity
  8
TOU
100
AcDbPolyline
 90
4
 70
1
 10
5876.0
 20
9340.5194
 10
5896.0
 20
9340.5194
 10
5896.0
 20
9356.5194
 10
5876.0
 20
9356.5194
  0
LWPOLYLINE
  5
110
330
17
100
AcDbEntity
  8
TOU
100
AcDbPolyline
 90
4
 70
1
 10
5876.0
 20
9364.5194
 10
5896.0
 20
9364.5194
 10
5896.0
 20
9380.5194
 10
5876.0
 20
9380.5194
  0
LWPOLYLINE
  5
111
330
17
100
AcDbEntity
  8
TOU
100
AcDbPolyline
 90
4
 70
1
 10
5876.0
 20
9388.5193
 10
5896.0
 20
9388.5193
 10
5896.0
 20
9404.5194
 10
5876.0
 20
9404.5194
  0
LWPOLYLINE
  5
112
330
17
100
AcDbEntity
  8
TOU
100
AcDbPolyline
 90
4
 70
1
 10
5876.0
 20
9412.5194
 10
5896.0
 20
9412.5194
 10
5896.0
 20
9428.5194
 10
5876.0
 20
9428.5194
  0
LWPOLYLINE
  5
113
330
17
100
AcDbEntity
  8
TOU
100
AcDbPolyline
 90
4
 70
1
 10
5876.0
 20
9436.5194
 10
5896.0
 20
9436.5194
 10
5896.0
 20
9452.5194
 10
5876.0
 20
9452.5194
  0
LWPOLYLINE
  5
114
330
17
100
AcDbEntity
  8
TOU
100
AcDbPolyline
 90
4
 70
1
 10
5706.0
 20
9316.5194
 10
6066.0
 20
9316.5194
 10
6066.0
 20
9476.5193
 10
5706.0
 20
9476.5193
  0
LWPOLYLINE
  5
115
330
17
100
AcDbEntity
  8
TOU
100
AcDbPolyline
 90
4
 70
1
 10
5764.0
 20
9327.5194
 10
6012.0
 20
9327.5194
 10
6012.0
 20
9465.5194
 10
5764.0
 20
9465.5194
  0
LWPOLYLINE
  5
116
330
17
100
AcDbEntity
  8
TOU
100
AcDbPolyline
 90
4
 70
1
 10
5858.2002
 20
9384.5194
 10
5917.7998
 20
9384.5194
 10
5917.7998
 20
9408.5194
 10
5858.2002
 20
9408.5194
  0
LWPOLYLINE
  5
117
330
17
100
AcDbEntity
  8
TOU
100
AcDbPolyline
 90
4
 70
1
 10
5757.0
 20
9317.5194
 10
5815.0
 20
9317.5194
 10
5815.0
 20
9375.5194
 10
5757.0
 20
9375.5194
  0
LWPOLYLINE
  5
118
330
17
100
AcDbEntity
  8
TOU
100
AcDbPolyline
 90
4
 70
1
 10
5757.0
 20
9417.5194
 10
5815.0
 20
9417.5194
 10
5815.0
 20
9475.5194
 10
5757.0
 20
9475.5194
  0
LWPOLYLINE
  5
119
330
17
100
AcDbEntity
  8
TOU
100
AcDbPolyline
 90
4
 70
1
 10
8236.0
 20
9296.5194
 10
8635.9995
 20
9296.5194
 10
8635.9995
 20
9496.5194
 10
8236.0
 20
9496.5194
  0
LWPOLYLINE
  5
11A
330
17
100
AcDbEntity
  8
TOU
100
AcDbPolyline
 90
4
 70
1
 10
8264.0
 20
9318.5194
 10
8287.9995
 20
9318.5194
 10
8287.9995
 20
9330.5194
 10
8264.0
 20
9330.5194
  0
LWPOLYLINE
  5
11B
330
17
100
AcDbEntity
  8
TOU
100
AcDbPolyline
 90
4
 70
1
 10
8264.0
 20
9462.5193
 10
8287.9995
 20
9462.5193
 10
8287.9995
 20
9474.5194
 10
8264.0
 20
9474.5194
  0
LWPOLYLINE
  5
11C
330
17
100
AcDbEntity
  8
TOU
100
AcDbPolyline
 90
4
 70
1
 10
8363.9995
 20
9318.5194
 10
8388.0
 20
9318.5194
 10
8388.0
 20
9330.5194
 10
8363.9995
 20
9330.5194
  0
LWPOLYLINE
  5
11D
330
17
100
AcDbEntity
  8
TOU
100
AcDbPolyline
 90
4
 70
1
 10
8363.9995
 20
9462.5193
 10
8388.0
 20
9462.5193
 10
8388.0
 20
9474.5194
 10
8363.9995
 20
9474.5194
  0
LWPOLYLINE
  5
11E
330
17
100
AcDbEntity
  8
TOU
100
AcDbPolyline
 90
4
 70
1
 10
8483.9995
 20
9318.5194
 10
8508.0
 20
9318.5194
 10
8508.0
 20
9330.5194
 10
8483.9995
 20
9330.5194
  0
LWPOLYLINE
  5
11F
330
17
100
AcDbEntity
  8
TOU
100
AcDbPolyline
 90
4
 70
1
 10
8483.9995
 20
9462.5193
 10
8508.0
 20
9462.5193
 10
8508.0
 20
9474.5194
 10
8483.9995
 20
9474.5194
  0
LWPOLYLINE
  5
120
330
17
100
AcDbEntity
  8
TOU
100
AcDbPolyline
 90
4
 70
1
 10
8584.0
 20
9318.5194
 10
8607.9995
 20
9318.5194
 10
8607.9995
 20
9330.5194
 10
8584.0
 20
9330.5194
  0
LWPOLYLINE
  5
121
330
17
100
AcDbEntity
  8
TOU
100
AcDbPolyline
 90
4
 70
1
 10
8584.0
 20
9462.5193
 10
8607.9995
 20
9462.5193
 10
8607.9995
 20
9474.5194
 10
8584.0
 20
9474.5194
  0
LWPOLYLINE
  5
122
330
17
100
AcDbEntity
  8
TOU
100
AcDbPolyline
 90
4
 70
1
 10
8425.9995
 20
9340.5194
 10
8446.0
 20
9340.5194
 10
8446.0
 20
9356.5194
 10
8425.9995
 20
9356.5194
  0
LWPOLYLINE
  5
123
330
17
100
AcDbEntity
  8
TOU
100
AcDbPolyline
 90
4
 70
1
 10
8425.9995
 20
9364.5194
 10
8446.0
 20
9364.5194
 10
8446.0
 20
9380.5194
 10
8425.9995
 20
9380.5194
  0
LWPOLYLINE
  5
124
330
17
100
AcDbEntity
  8
TOU
100
AcDbPolyline
 90
4
 70
1
 10
8425.9995
 20
9388.5193
 10
8446.0
 20
9388.5193
 10
8446.0
 20
9404.5194
 10
8425.9995
 20
9404.5194
  0
LWPOLYLINE
  5
125
330
17
100
AcDbEntity
  8
TOU
100
AcDbPolyline
 90
4
 70
1
 10
8425.9995
 20
9412.5194
 10
8446.0
 20
9412.5194
 10
8446.0
 20
9428.5194
 10
8425.9995
 20
9428.5194
  0
LWPOLYLINE
  5
126
330
17
100
AcDbEntity
  8
TOU
100
AcDbPolyline
 90
4
 70
1
 10
8425.9995
 20
9436.5194
 10
8446.0
 20
9436.5194
 10
8446.0
 20
9452.5194
 10
8425.9995
 20
9452.5194
  0
LWPOLYLINE
  5
127
330
17
100
AcDbEntity
  8
TOU
100
AcDbPolyline
 90
4
 70
1
 10
8256.0
 20
9316.5194
 10
8615.9995
 20
9316.5194
 10
8615.9995
 20
9476.5193
 10
8256.0
 20
9476.5193
  0
LWPOLYLINE
  5
128
330
17
100
AcDbEntity
  8
TOU
100
AcDbPolyline
 90
4
 70
1
 10
8313.9995
 20
9327.5194
 10
8561.9995
 20
9327.5194
 10
8561.9995
 20
9465.5194
 10
8313.9995
 20
9465.5194
  0
LWPOLYLINE
  5
129
330
17
100
AcDbEntity
  8
TOU
100
AcDbPolyline
 90
4
 70
1
 10
8408.199700000001
 20
9384.5194
 10
8467.7998
 20
9384.5194
 10
8467.7998
 20
9408.5194
 10
8408.199700000001
 20
9408.5194
  0
LWPOLYLINE
  5
12A
330
17
100
AcDbEntity
  8
TOU
100
AcDbPolyline
 90
4
 70
1
 10
8306.9995
 20
9317.5194
 10
8364.9995
 20
9317.5194
 10
8364.9995
 20
9375.5194
 10
8306.9995
 20
9375.5194
  0
LWPOLYLINE
  5
12B
330
17
100
AcDbEntity
  8
TOU
100
AcDbPolyline
 90
4
 70
1
 10
8306.9995
 20
9417.5194
 10
8364.9995
 20
9417.5194
 10
8364.9995
 20
9475.5194
 10
8306.9995
 20
9475.5194
  0
LWPOLYLINE
  5
12C
330
17
100
AcDbEntity
  8
TOU
100
AcDbPolyline
 90
4
 70
1
 10
9386.0
 20
9296.5194
 10
9786.0
 20
9296.5194
 10
9786.0
 20
9496.5194
 10
9386.0
 20
9496.5194
  0
LWPOLYLINE
  5
12D
330
17
100
AcDbEntity
  8
TOU
100
AcDbPolyline
 90
4
 70
1
 10
9414.0
 20
9318.5194
 10
9438.0
 20
9318.5194
 10
9438.0
 20
9330.5194
 10
9414.0
 20
9330.5194
  0
LWPOLYLINE
  5
12E
330
17
100
AcDbEntity
  8
TOU
100
AcDbPolyline
 90
4
 70
1
 10
9414.0
 20
9462.5193
 10
9438.0
 20
9462.5193
 10
9438.0
 20
9474.5194
 10
9414.0
 20
9474.5194
  0
LWPOLYLINE
  5
12F
330
17
100
AcDbEntity
  8
TOU
100
AcDbPolyline
 90
4
 70
1
 10
9514.0
 20
9318.5194
 10
9538.0
 20
9318.5194
 10
9538.0
 20
9330.5194
 10
9514.0
 20
9330.5194
  0
LWPOLYLINE
  5
130
330
17
100
AcDbEntity
  8
TOU
100
AcDbPolyline
 90
4
 70
1
 10
9514.0
 20
9462.5193
 10
9538.0
 20
9462.5193
 10
9538.0
 20
9474.5194
 10
9514.0
 20
9474.5194
  0
LWPOLYLINE
  5
131
330
17
100
AcDbEntity
  8
TOU
100
AcDbPolyline
 90
4
 70
1
 10
9634.0
 20
9318.5194
 10
9657.999
 20
9318.5194
 10
9657.999
 20
9330.5194
 10
9634.0
 20
9330.5194
  0
LWPOLYLINE
  5
132
330
17
100
AcDbEntity
  8
TOU
100
AcDbPolyline
 90
4
 70
1
 10
9634.0
 20
9462.5193
 10
9657.999
 20
9462.5193
 10
9657.999
 20
9474.5194
 10
9634.0
 20
9474.5194
  0
LWPOLYLINE
  5
133
330
17
100
AcDbEntity
  8
TOU
100
AcDbPolyline
 90
4
 70
1
 10
9734.0
 20
9318.5194
 10
9758.0
 20
9318.5194
 10
9758.0
 20
9330.5194
 10
9734.0
 20
9330.5194
  0
LWPOLYLINE
  5
134
330
17
100
AcDbEntity
  8
TOU
100
AcDbPolyline
 90
4
 70
1
 10
9734.0
 20
9462.5193
 10
9758.0
 20
9462.5193
 10
9758.0
 20
9474.5194
 10
9734.0
 20
9474.5194
  0
LWPOLYLINE
  5
135
330
17
100
AcDbEntity
  8
TOU
100
AcDbPolyline
 90
4
 70
1
 10
9576.0
 20
9340.5194
 10
9596.0
 20
9340.5194
 10
9596.0
 20
9356.5194
 10
9576.0
 20
9356.5194
  0
LWPOLYLINE
  5
136
330
17
100
AcDbEntity
  8
TOU
100
AcDbPolyline
 90
4
 70
1
 10
9576.0
 20
9364.5194
 10
9596.0
 20
9364.5194
 10
9596.0
 20
9380.5194
 10
9576.0
 20
9380.5194
  0
LWPOLYLINE
  5
137
330
17
100
AcDbEntity
  8
TOU
100
AcDbPolyline
 90
4
 70
1
 10
9576.0
 20
9388.5193
 10
9596.0
 20
9388.5193
 10
9596.0
 20
9404.5194
 10
9576.0
 20
9404.5194
  0
LWPOLYLINE
  5
138
330
17
100
AcDbEntity
  8
TOU
100
AcDbPolyline
 90
4
 70
1
 10
9576.0
 20
9412.5194
 10
9596.0
 20
9412.5194
 10
9596.0
 20
9428.5194
 10
9576.0
 20
9428.5194
  0
LWPOLYLINE
  5
139
330
17
100
AcDbEntity
  8
TOU
100
AcDbPolyline
 90
4
 70
1
 10
9576.0
 20
9436.5194
 10
9596.0
 20
9436.5194
 10
9596.0
 20
9452.5194
 10
9576.0
 20
9452.5194
  0
LWPOLYLINE
  5
13A
330
17
100
AcDbEntity
  8
TOU
100
AcDbPolyline
 90
4
 70
1
 10
9406.0
 20
9316.5194
 10
9766.0
 20
9316.5194
 10
9766.0
 20
9476.5193
 10
9406.0
 20
9476.5193
  0
LWPOLYLINE
  5
13B
330
17
100
AcDbEntity
  8
TOU
100
AcDbPolyline
 90
4
 70
1
 10
9464.0
 20
9327.5194
 10
9712.0
 20
9327.5194
 10
9712.0
 20
9465.5194
 10
9464.0
 20
9465.5194
  0
LWPOLYLINE
  5
13C
330
17
100
AcDbEntity
  8
TOU
100
AcDbPolyline
 90
4
 70
1
 10
9558.2002
 20
9384.5194
 10
9617.7998
 20
9384.5194
 10
9617.7998
 20
9408.5194
 10
9558.2002
 20
9408.5194
  0
LWPOLYLINE
  5
13D
330
17
100
AcDbEntity
  8
TOU
100
AcDbPolyline
 90
4
 70
1
 10
9457.0
 20
9317.5194
 10
9515.0
 20
9317.5194
 10
9515.0
 20
9375.5194
 10
9457.0
 20
9375.5194
  0
LWPOLYLINE
  5
13E
330
17
100
AcDbEntity
  8
TOU
100
AcDbPolyline
 90
4
 70
1
 10
9457.0
 20
9417.5194
 10
9515.0
 20
9417.5194
 10
9515.0
 20
9475.5194
 10
9457.0
 20
9475.5194
  0
LWPOLYLINE
  5
13F
330
17
100
AcDbEntity
  8
TOU
100
AcDbPolyline
 90
4
 70
1
 10
10536.001
 20
9296.5194
 10
10936.0
 20
9296.5194
 10
10936.0
 20
9496.5194
 10
10536.001
 20
9496.5194
  0
LWPOLYLINE
  5
140
330
17
100
AcDbEntity
  8
TOU
100
AcDbPolyline
 90
4
 70
1
 10
10564.001
 20
9318.5194
 10
10588.001
 20
9318.5194
 10
10588.001
 20
9330.5194
 10
10564.001
 20
9330.5194
  0
LWPOLYLINE
  5
141
330
17
100
AcDbEntity
  8
TOU
100
AcDbPolyline
 90
4
 70
1
 10
10564.001
 20
9462.5193
 10
10588.001
 20
9462.5193
 10
10588.001
 20
9474.5194
 10
10564.001
 20
9474.5194
  0
LWPOLYLINE
  5
142
330
17
100
AcDbEntity
  8
TOU
100
AcDbPolyline
 90
4
 70
1
 10
10664.001
 20
9318.5194
 10
10688.0
 20
9318.5194
 10
10688.0
 20
9330.5194
 10
10664.001
 20
9330.5194
  0
LWPOLYLINE
  5
143
330
17
100
AcDbEntity
  8
TOU
100
AcDbPolyline
 90
4
 70
1
 10
10664.001
 20
9462.5193
 10
10688.0
 20
9462.5193
 10
10688.0
 20
9474.5194
 10
10664.001
 20
9474.5194
  0
LWPOLYLINE
  5
144
330
17
100
AcDbEntity
  8
TOU
100
AcDbPolyline
 90
4
 70
1
 10
10784.001
 20
9318.5194
 10
10808.0
 20
9318.5194
 10
10808.0
 20
9330.5194
 10
10784.001
 20
9330.5194
  0
LWPOLYLINE
  5
145
330
17
100
AcDbEntity
  8
TOU
100
AcDbPolyline
 90
4
 70
1
 10
10784.001
 20
9462.5193
 10
10808.0
 20
9462.5193
 10
10808.0
 20
9474.5194
 10
10784.001
 20
9474.5194
  0
LWPOLYLINE
  5
146
330
17
100
AcDbEntity
  8
TOU
100
AcDbPolyline
 90
4
 70
1
 10
10884.0
 20
9318.5194
 10
10908.0
 20
9318.5194
 10
10908.0
 20
9330.5194
 10
10884.0
 20
9330.5194
  0
LWPOLYLINE
  5
147
330
17
100
AcDbEntity
  8
TOU
100
AcDbPolyline
 90
4
 70
1
 10
10884.0
 20
9462.5193
 10
10908.0
 20
9462.5193
 10
10908.0
 20
9474.5194
 10
10884.0
 20
9474.5194
  0
LWPOLYLINE
  5
148
330
17
100
AcDbEntity
  8
TOU
100
AcDbPolyline
 90
4
 70
1
 10
10726.0
 20
9340.5194
 10
10746.001
 20
9340.5194
 10
10746.001
 20
9356.5194
 10
10726.0
 20
9356.5194
  0
LWPOLYLINE
  5
149
330
17
100
AcDbEntity
  8
TOU
100
AcDbPolyline
 90
4
 70
1
 10
10726.0
 20
9364.5194
 10
10746.001
 20
9364.5194
 10
10746.001
 20
9380.5194
 10
10726.0
 20
9380.5194
  0
LWPOLYLINE
  5
14A
330
17
100
AcDbEntity
  8
TOU
100
AcDbPolyline
 90
4
 70
1
 10
10726.0
 20
9388.5193
 10
10746.001
 20
9388.5193
 10
10746.001
 20
9404.5194
 10
10726.0
 20
9404.5194
  0
LWPOLYLINE
  5
14B
330
17
100
AcDbEntity
  8
TOU
100
AcDbPolyline
 90
4
 70
1
 10
10726.0
 20
9412.5194
 10
10746.001
 20
9412.5194
 10
10746.001
 20
9428.5194
 10
10726.0
 20
9428.5194
  0
LWPOLYLINE
  5
14C
330
17
100
AcDbEntity
  8
TOU
100
AcDbPolyline
 90
4
 70
1
 10
10726.0
 20
9436.5194
 10
10746.001
 20
9436.5194
 10
10746.001
 20
9452.5194
 10
10726.0
 20
9452.5194
  0
LWPOLYLINE
  5
14D
330
17
100
AcDbEntity
  8
TOU
100
AcDbPolyline
 90
4
 70
1
 10
10556.0
 20
9316.5194
 10
10916.001
 20
9316.5194
 10
10916.001
 20
9476.5193
 10
10556.0
 20
9476.5193
  0
LWPOLYLINE
  5
14E
330
17
100
AcDbEntity
  8
TOU
100
AcDbPolyline
 90
4
 70
1
 10
10614.001
 20
9327.5194
 10
10862.001
 20
9327.5194
 10
10862.001
 20
9465.5194
 10
10614.001
 20
9465.5194
  0
LWPOLYLINE
  5
14F
330
17
100
AcDbEntity
  8
TOU
100
AcDbPolyline
 90
4
 70
1
 10
10708.2012
 20
9384.5194
 10
10767.8008
 20
9384.5194
 10
10767.8008
 20
9408.5194
 10
10708.2012
 20
9408.5194
  0
LWPOLYLINE
  5
150
330
17
100
AcDbEntity
  8
TOU
100
AcDbPolyline
 90
4
 70
1
 10
10557.001
 20
9317.5194
 10
10615.0
 20
9317.5194
 10
10615.0
 20
9375.5194
 10
10557.001
 20
9375.5194
  0
LWPOLYLINE
  5
151
330
17
100
AcDbEntity
  8
TOU
100
AcDbPolyline
 90
4
 70
1
 10
10557.001
 20
9417.5194
 10
10615.0
 20
9417.5194
 10
10615.0
 20
9475.5194
 10
10557.001
 20
9475.5194
  0
LWPOLYLINE
  5
152
330
17
100
AcDbEntity
  8
TOU
100
AcDbPolyline
 90
4
 70
1
 10
11686.0
 20
9296.5194
 10
12086.0
 20
9296.5194
 10
12086.0
 20
9496.5194
 10
11686.0
 20
9496.5194
  0
LWPOLYLINE
  5
153
330
17
100
AcDbEntity
  8
TOU
100
AcDbPolyline
 90
4
 70
1
 10
11714.0
 20
9318.5194
 10
11738.0
 20
9318.5194
 10
11738.0
 20
9330.5194
 10
11714.0
 20
9330.5194
  0
LWPOLYLINE
  5
154
330
17
100
AcDbEntity
  8
TOU
100
AcDbPolyline
 90
4
 70
1
 10
11714.0
 20
9462.5193
 10
11738.0
 20
9462.5193
 10
11738.0
 20
9474.5194
 10
11714.0
 20
9474.5194
  0
LWPOLYLINE
  5
155
330
17
100
AcDbEntity
  8
TOU
100
AcDbPolyline
 90
4
 70
1
 10
11814.001
 20
9318.5194
 10
11838.0
 20
9318.5194
 10
11838.0
 20
9330.5194
 10
11814.001
 20
9330.5194
  0
LWPOLYLINE
  5
156
330
17
100
AcDbEntity
  8
TOU
100
AcDbPolyline
 90
4
 70
1
 10
11814.001
 20
9462.5193
 10
11838.0
 20
9462.5193
 10
11838.0
 20
9474.5194
 10
11814.001
 20
9474.5194
  0
LWPOLYLINE
  5
157
330
17
100
AcDbEntity
  8
TOU
100
AcDbPolyline
 90
4
 70
1
 10
11934.0
 20
9318.5194
 10
11958.0
 20
9318.5194
 10
11958.0
 20
9330.5194
 10
11934.0
 20
9330.5194
  0
LWPOLYLINE
  5
158
330
17
100
AcDbEntity
  8
TOU
100
AcDbPolyline
 90
4
 70
1
 10
11934.0
 20
9462.5193
 10
11958.0
 20
9462.5193
 10
11958.0
 20
9474.5194
 10
11934.0
 20
9474.5194
  0
LWPOLYLINE
  5
159
330
17
100
AcDbEntity
  8
TOU
100
AcDbPolyline
 90
4
 70
1
 10
12034.0
 20
9318.5194
 10
12058.0
 20
9318.5194
 10
12058.0
 20
9330.5194
 10
12034.0
 20
9330.5194
  0
LWPOLYLINE
  5
15A
330
17
100
AcDbEntity
  8
TOU
100
AcDbPolyline
 90
4
 70
1
 10
12034.0
 20
9462.5193
 10
12058.0
 20
9462.5193
 10
12058.0
 20
9474.5194
 10
12034.0
 20
9474.5194
  0
LWPOLYLINE
  5
15B
330
17
100
AcDbEntity
  8
TOU
100
AcDbPolyline
 90
4
 70
1
 10
11876.0
 20
9340.5194
 10
11896.0
 20
9340.5194
 10
11896.0
 20
9356.5194
 10
11876.0
 20
9356.5194
  0
LWPOLYLINE
  5
15C
330
17
100
AcDbEntity
  8
TOU
100
AcDbPolyline
 90
4
 70
1
 10
11876.0
 20
9364.5194
 10
11896.0
 20
9364.5194
 10
11896.0
 20
9380.5194
 10
11876.0
 20
9380.5194
  0
LWPOLYLINE
  5
15D
330
17
100
AcDbEntity
  8
TOU
100
AcDbPolyline
 90
4
 70
1
 10
11876.0
 20
9388.5193
 10
11896.0
 20
9388.5193
 10
11896.0
 20
9404.5194
 10
11876.0
 20
9404.5194
  0
LWPOLYLINE
  5
15E
330
17
100
AcDbEntity
  8
TOU
100
AcDbPolyline
 90
4
 70
1
 10
11876.0
 20
9412.5194
 10
11896.0
 20
9412.5194
 10
11896.0
 20
9428.5194
 10
11876.0
 20
9428.5194
  0
LWPOLYLINE
  5
15F
330
17
100
AcDbEntity
  8
TOU
100
AcDbPolyline
 90
4
 70
1
 10
11876.0
 20
9436.5194
 10
11896.0
 20
9436.5194
 10
11896.0
 20
9452.5194
 10
11876.0
 20
9452.5194
  0
LWPOLYLINE
  5
160
330
17
100
AcDbEntity
  8
TOU
100
AcDbPolyline
 90
4
 70
1
 10
11706.0
 20
9316.5194
 10
12066.0
 20
9316.5194
 10
12066.0
 20
9476.5193
 10
11706.0
 20
9476.5193
  0
LWPOLYLINE
  5
161
330
17
100
AcDbEntity
  8
TOU
100
AcDbPolyline
 90
4
 70
1
 10
11764.0
 20
9327.5194
 10
12012.0
 20
9327.5194
 10
12012.0
 20
9465.5194
 10
11764.0
 20
9465.5194
  0
LWPOLYLINE
  5
162
330
17
100
AcDbEntity
  8
TOU
100
AcDbPolyline
 90
4
 70
1
 10
11858.2002
 20
9384.5194
 10
11917.8008
 20
9384.5194
 10
11917.8008
 20
9408.5194
 10
11858.2002
 20
9408.5194
  0
LWPOLYLINE
  5
163
330
17
100
AcDbEntity
  8
TOU
100
AcDbPolyline
 90
4
 70
1
 10
11757.0
 20
9317.5194
 10
11815.0
 20
9317.5194
 10
11815.0
 20
9375.5194
 10
11757.0
 20
9375.5194
  0
LWPOLYLINE
  5
164
330
17
100
AcDbEntity
  8
TOU
100
AcDbPolyline
 90
4
 70
1
 10
11757.0
 20
9417.5194
 10
11815.0
 20
9417.5194
 10
11815.0
 20
9475.5194
 10
11757.0
 20
9475.5194
  0
LWPOLYLINE
  5
165
330
17
100
AcDbEntity
  8
TOU
100
AcDbPolyline
 90
4
 70
1
 10
2507.0
 20
9317.5194
 10
2565.0
 20
9317.5194
 10
2565.0
 20
9375.5194
 10
2507.0
 20
9375.5194
  0
LWPOLYLINE
  5
166
330
17
100
AcDbEntity
  8
TOU
100
AcDbPolyline
 90
4
 70
1
 10
2507.0
 20
9417.5194
 10
2565.0
 20
9417.5194
 10
2565.0
 20
9475.5194
 10
2507.0
 20
9475.5194
  0
LWPOLYLINE
  5
167
330
17
100
AcDbEntity
  8
TOU
100
AcDbPolyline
 90
4
 70
1
 10
3657.0002
 20
9317.5194
 10
3715.0
 20
9317.5194
 10
3715.0
 20
9375.5194
 10
3657.0002
 20
9375.5194
  0
LWPOLYLINE
  5
168
330
17
100
AcDbEntity
  8
TOU
100
AcDbPolyline
 90
4
 70
1
 10
3657.0002
 20
9417.5194
 10
3715.0
 20
9417.5194
 10
3715.0
 20
9475.5194
 10
3657.0002
 20
9475.5194
  0
LWPOLYLINE
  5
169
330
17
100
AcDbEntity
  8
TOU
100
AcDbPolyline
 90
4
 70
1
 10
4807.0
 20
9317.5194
 10
4865.0002
 20
9317.5194
 10
4865.0002
 20
9375.5194
 10
4807.0
 20
9375.5194
  0
LWPOLYLINE
  5
16A
330
17
100
AcDbEntity
  8
TOU
100
AcDbPolyline
 90
4
 70
1
 10
4807.0
 20
9417.5194
 10
4865.0002
 20
9417.5194
 10
4865.0002
 20
9475.5194
 10
4807.0
 20
9475.5194
  0
LWPOLYLINE
  5
16B
330
17
100
AcDbEntity
  8
TOU
100
AcDbPolyline
 90
4
 70
1
 10
5957.0
 20
9317.5194
 10
6015.0005
 20
9317.5194
 10
6015.0005
 20
9375.5194
 10
5957.0
 20
9375.5194
  0
LWPOLYLINE
  5
16C
330
17
100
AcDbEntity
  8
TOU
100
AcDbPolyline
 90
4
 70
1
 10
5957.0
 20
9417.5194
 10
6015.0005
 20
9417.5194
 10
6015.0005
 20
9475.5194
 10
5957.0
 20
9475.5194
  0
LWPOLYLINE
  5
16D
330
17
100
AcDbEntity
  8
TOU
100
AcDbPolyline
 90
4
 70
1
 10
8507.0
 20
9317.5194
 10
8565.0
 20
9317.5194
 10
8565.0
 20
9375.5194
 10
8507.0
 20
9375.5194
  0
LWPOLYLINE
  5
16E
330
17
100
AcDbEntity
  8
TOU
100
AcDbPolyline
 90
4
 70
1
 10
8507.0
 20
9417.5194
 10
8565.0
 20
9417.5194
 10
8565.0
 20
9475.5194
 10
8507.0
 20
9475.5194
  0
LWPOLYLINE
  5
16F
330
17
100
AcDbEntity
  8
TOU
100
AcDbPolyline
 90
4
 70
1
 10
9657.0
 20
9317.5194
 10
9715.0
 20
9317.5194
 10
9715.0
 20
9375.5194
 10
9657.0
 20
9375.5194
  0
LWPOLYLINE
  5
170
330
17
100
AcDbEntity
  8
TOU
100
AcDbPolyline
 90
4
 70
1
 10
9657.0
 20
9417.5194
 10
9715.0
 20
9417.5194
 10
9715.0
 20
9475.5194
 10
9657.0
 20
9475.5194
  0
LWPOLYLINE
  5
171
330
17
100
AcDbEntity
  8
TOU
100
AcDbPolyline
 90
4
 70
1
 10
10657.0
 20
9317.5194
 10
10715.001
 20
9317.5194
 10
10715.001
 20
9375.5194
 10
10657.0
 20
9375.5194
  0
LWPOLYLINE
  5
172
330
17
100
AcDbEntity
  8
TOU
100
AcDbPolyline
 90
4
 70
1
 10
10657.0
 20
9417.5194
 10
10715.001
 20
9417.5194
 10
10715.001
 20
9475.5194
 10
10657.0
 20
9475.5194
  0
LWPOLYLINE
  5
173
330
17
100
AcDbEntity
  8
TOU
100
AcDbPolyline
 90
4
 70
1
 10
11957.0
 20
9317.5194
 10
12015.0
 20
9317.5194
 10
12015.0
 20
9375.5194
 10
11957.0
 20
9375.5194
  0
LWPOLYLINE
  5
174
330
17
100
AcDbEntity
  8
TOU
100
AcDbPolyline
 90
4
 70
1
 10
11957.0
 20
9417.5194
 10
12015.0
 20
9417.5194
 10
12015.0
 20
9475.5194
 10
11957.0
 20
9475.5194
  0
LWPOLYLINE
  5
175
330
17
100
AcDbEntity
  8
TOU
100
AcDbPolyline
 90
4
 70
1
 10
2236.0
 20
9703.5209
 10
2636.0
 20
9703.5209
 10
2636.0
 20
9903.5209
 10
2236.0
 20
9903.5209
  0
LWPOLYLINE
  5
176
330
17
100
AcDbEntity
  8
TOU
100
AcDbPolyline
 90
4
 70
1
 10
2264.0
 20
9725.5209
 10
2288.0
 20
9725.5209
 10
2288.0
 20
9737.5209
 10
2264.0
 20
9737.5209
  0
LWPOLYLINE
  5
177
330
17
100
AcDbEntity
  8
TOU
100
AcDbPolyline
 90
4
 70
1
 10
2264.0
 20
9869.5209
 10
2288.0
 20
9869.5209
 10
2288.0
 20
9881.5209
 10
2264.0
 20
9881.5209
  0
LWPOLYLINE
  5
178
330
17
100
AcDbEntity
  8
TOU
100
AcDbPolyline
 90
4
 70
1
 10
2364.0
 20
9725.5209
 10
2388.0
 20
9725.5209
 10
2388.0
 20
9737.5209
 10
2364.0
 20
9737.5209
  0
LWPOLYLINE
  5
179
330
17
100
AcDbEntity
  8
TOU
100
AcDbPolyline
 90
4
 70
1
 10
2364.0
 20
9869.5209
 10
2388.0
 20
9869.5209
 10
2388.0
 20
9881.5209
 10
2364.0
 20
9881.5209
  0
LWPOLYLINE
  5
17A
330
17
100
AcDbEntity
  8
TOU
100
AcDbPolyline
 90
4
 70
1
 10
2484.0
 20
9725.5209
 10
2508.0
 20
9725.5209
 10
2508.0
 20
9737.5209
 10
2484.0
 20
9737.5209
  0
LWPOLYLINE
  5
17B
330
17
100
AcDbEntity
  8
TOU
100
AcDbPolyline
 90
4
 70
1
 10
2484.0
 20
9869.5209
 10
2508.0
 20
9869.5209
 10
2508.0
 20
9881.5209
 10
2484.0
 20
9881.5209
  0
LWPOLYLINE
  5
17C
330
17
100
AcDbEntity
  8
TOU
100
AcDbPolyline
 90
4
 70
1
 10
2584.0
 20
9725.5209
 10
2608.0001
 20
9725.5209
 10
2608.0001
 20
9737.5209
 10
2584.0
 20
9737.5209
  0
LWPOLYLINE
  5
17D
330
17
100
AcDbEntity
  8
TOU
100
AcDbPolyline
 90
4
 70
1
 10
2584.0
 20
9869.5209
 10
2608.0001
 20
9869.5209
 10
2608.0001
 20
9881.5209
 10
2584.0
 20
9881.5209
  0
LWPOLYLINE
  5
17E
330
17
100
AcDbEntity
  8
TOU
100
AcDbPolyline
 90
4
 70
1
 10
2426.0
 20
9747.5209
 10
2446.0
 20
9747.5209
 10
2446.0
 20
9763.5209
 10
2426.0
 20
9763.5209
  0
LWPOLYLINE
  5
17F
330
17
100
AcDbEntity
  8
TOU
100
AcDbPolyline
 90
4
 70
1
 10
2426.0
 20
9771.5209
 10
2446.0
 20
9771.5209
 10
2446.0
 20
9787.5208
 10
2426.0
 20
9787.5208
  0
LWPOLYLINE
  5
180
330
17
100
AcDbEntity
  8
TOU
100
AcDbPolyline
 90
4
 70
1
 10
2426.0
 20
9795.5209
 10
2446.0
 20
9795.5209
 10
2446.0
 20
9811.5208
 10
2426.0
 20
9811.5208
  0
LWPOLYLINE
  5
181
330
17
100
AcDbEntity
  8
TOU
100
AcDbPolyline
 90
4
 70
1
 10
2426.0
 20
9819.5209
 10
2446.0
 20
9819.5209
 10
2446.0
 20
9835.5209
 10
2426.0
 20
9835.5209
  0
LWPOLYLINE
  5
182
330
17
100
AcDbEntity
  8
TOU
100
AcDbPolyline
 90
4
 70
1
 10
2426.0
 20
9843.5208
 10
2446.0
 20
9843.5208
 10
2446.0
 20
9859.5209
 10
2426.0
 20
9859.5209
  0
LWPOLYLINE
  5
183
330
17
100
AcDbEntity
  8
TOU
100
AcDbPolyline
 90
4
 70
1
 10
2256.0
 20
9723.5209
 10
2616.0001
 20
9723.5209
 10
2616.0001
 20
9883.5209
 10
2256.0
 20
9883.5209
  0
LWPOLYLINE
  5
184
330
17
100
AcDbEntity
  8
TOU
100
AcDbPolyline
 90
4
 70
1
 10
2314.0
 20
9734.5209
 10
2562.0
 20
9734.5209
 10
2562.0
 20
9872.5209
 10
2314.0
 20
9872.5209
  0
LWPOLYLINE
  5
185
330
17
100
AcDbEntity
  8
TOU
100
AcDbPolyline
 90
4
 70
1
 10
2408.2001
 20
9791.5209
 10
2467.8
 20
9791.5209
 10
2467.8
 20
9815.5209
 10
2408.2001
 20
9815.5209
  0
LWPOLYLINE
  5
186
330
17
100
AcDbEntity
  8
TOU
100
AcDbPolyline
 90
4
 70
1
 10
2307.0001
 20
9724.5209
 10
2365.0
 20
9724.5209
 10
2365.0
 20
9782.5209
 10
2307.0001
 20
9782.5209
  0
LWPOLYLINE
  5
187
330
17
100
AcDbEntity
  8
TOU
100
AcDbPolyline
 90
4
 70
1
 10
2307.0001
 20
9824.5209
 10
2365.0
 20
9824.5209
 10
2365.0
 20
9882.5209
 10
2307.0001
 20
9882.5209
  0
LWPOLYLINE
  5
188
330
17
100
AcDbEntity
  8
TOU
100
AcDbPolyline
 90
4
 70
1
 10
3386.0
 20
9703.5209
 10
3786.0002
 20
9703.5209
 10
3786.0002
 20
9903.5209
 10
3386.0
 20
9903.5209
  0
LWPOLYLINE
  5
189
330
17
100
AcDbEntity
  8
TOU
100
AcDbPolyline
 90
4
 70
1
 10
3414.0002
 20
9725.5209
 10
3438.0
 20
9725.5209
 10
3438.0
 20
9737.5209
 10
3414.0002
 20
9737.5209
  0
LWPOLYLINE
  5
18A
330
17
100
AcDbEntity
  8
TOU
100
AcDbPolyline
 90
4
 70
1
 10
3414.0002
 20
9869.5209
 10
3438.0
 20
9869.5209
 10
3438.0
 20
9881.5209
 10
3414.0002
 20
9881.5209
  0
LWPOLYLINE
  5
18B
330
17
100
AcDbEntity
  8
TOU
100
AcDbPolyline
 90
4
 70
1
 10
3514.0
 20
9725.5209
 10
3538.0
 20
9725.5209
 10
3538.0
 20
9737.5209
 10
3514.0
 20
9737.5209
  0
LWPOLYLINE
  5
18C
330
17
100
AcDbEntity
  8
TOU
100
AcDbPolyline
 90
4
 70
1
 10
3514.0
 20
9869.5209
 10
3538.0
 20
9869.5209
 10
3538.0
 20
9881.5209
 10
3514.0
 20
9881.5209
  0
LWPOLYLINE
  5
18D
330
17
100
AcDbEntity
  8
TOU
100
AcDbPolyline
 90
4
 70
1
 10
3634.0002
 20
9725.5209
 10
3658.0002
 20
9725.5209
 10
3658.0002
 20
9737.5209
 10
3634.0002
 20
9737.5209
  0
LWPOLYLINE
  5
18E
330
17
100
AcDbEntity
  8
TOU
100
AcDbPolyline
 90
4
 70
1
 10
3634.0002
 20
9869.5209
 10
3658.0002
 20
9869.5209
 10
3658.0002
 20
9881.5209
 10
3634.0002
 20
9881.5209
  0
LWPOLYLINE
  5
18F
330
17
100
AcDbEntity
  8
TOU
100
AcDbPolyline
 90
4
 70
1
 10
3734.0
 20
9725.5209
 10
3758.0
 20
9725.5209
 10
3758.0
 20
9737.5209
 10
3734.0
 20
9737.5209
  0
LWPOLYLINE
  5
190
330
17
100
AcDbEntity
  8
TOU
100
AcDbPolyline
 90
4
 70
1
 10
3734.0
 20
9869.5209
 10
3758.0
 20
9869.5209
 10
3758.0
 20
9881.5209
 10
3734.0
 20
9881.5209
  0
LWPOLYLINE
  5
191
330
17
100
AcDbEntity
  8
TOU
100
AcDbPolyline
 90
4
 70
1
 10
3576.0
 20
9747.5209
 10
3596.0
 20
9747.5209
 10
3596.0
 20
9763.5209
 10
3576.0
 20
9763.5209
  0
LWPOLYLINE
  5
192
330
17
100
AcDbEntity
  8
TOU
100
AcDbPolyline
 90
4
 70
1
 10
3576.0
 20
9771.5209
 10
3596.0
 20
9771.5209
 10
3596.0
 20
9787.5208
 10
3576.0
 20
9787.5208
  0
LWPOLYLINE
  5
193
330
17
100
AcDbEntity
  8
TOU
100
AcDbPolyline
 90
4
 70
1
 10
3576.0
 20
9795.5209
 10
3596.0
 20
9795.5209
 10
3596.0
 20
9811.5208
 10
3576.0
 20
9811.5208
  0
LWPOLYLINE
  5
194
330
17
100
AcDbEntity
  8
TOU
100
AcDbPolyline
 90
4
 70
1
 10
3576.0
 20
9819.5209
 10
3596.0
 20
9819.5209
 10
3596.0
 20
9835.5209
 10
3576.0
 20
9835.5209
  0
LWPOLYLINE
  5
195
330
17
100
AcDbEntity
  8
TOU
100
AcDbPolyline
 90
4
 70
1
 10
3576.0
 20
9843.5208
 10
3596.0
 20
9843.5208
 10
3596.0
 20
9859.5209
 10
3576.0
 20
9859.5209
  0
LWPOLYLINE
  5
196
330
17
100
AcDbEntity
  8
TOU
100
AcDbPolyline
 90
4
 70
1
 10
3406.0
 20
9723.5209
 10
3766.0002
 20
9723.5209
 10
3766.0002
 20
9883.5209
 10
3406.0
 20
9883.5209
  0
LWPOLYLINE
  5
197
330
17
100
AcDbEntity
  8
TOU
100
AcDbPolyline
 90
4
 70
1
 10
3464.0
 20
9734.5209
 10
3712.0
 20
9734.5209
 10
3712.0
 20
9872.5209
 10
3464.0
 20
9872.5209
  0
LWPOLYLINE
  5
198
330
17
100
AcDbEntity
  8
TOU
100
AcDbPolyline
 90
4
 70
1
 10
3558.2
 20
9791.5209
 10
3617.8
 20
9791.5209
 10
3617.8
 20
9815.5209
 10
3558.2
 20
9815.5209
  0
LWPOLYLINE
  5
199
330
17
100
AcDbEntity
  8
TOU
100
AcDbPolyline
 90
4
 70
1
 10
3457.0002
 20
9724.5209
 10
3515.0
 20
9724.5209
 10
3515.0
 20
9782.5209
 10
3457.0002
 20
9782.5209
  0
LWPOLYLINE
  5
19A
330
17
100
AcDbEntity
  8
TOU
100
AcDbPolyline
 90
4
 70
1
 10
3457.0002
 20
9824.5209
 10
3515.0
 20
9824.5209
 10
3515.0
 20
9882.5209
 10
3457.0002
 20
9882.5209
  0
LWPOLYLINE
  5
19B
330
17
100
AcDbEntity
  8
TOU
100
AcDbPolyline
 90
4
 70
1
 10
4536.0
 20
9703.5209
 10
4935.9998
 20
9703.5209
 10
4935.9998
 20
9903.5209
 10
4536.0
 20
9903.5209
  0
LWPOLYLINE
  5
19C
330
17
100
AcDbEntity
  8
TOU
100
AcDbPolyline
 90
4
 70
1
 10
4564.0
 20
9725.5209
 10
4588.0
 20
9725.5209
 10
4588.0
 20
9737.5209
 10
4564.0
 20
9737.5209
  0
LWPOLYLINE
  5
19D
330
17
100
AcDbEntity
  8
TOU
100
AcDbPolyline
 90
4
 70
1
 10
4564.0
 20
9869.5209
 10
4588.0
 20
9869.5209
 10
4588.0
 20
9881.5209
 10
4564.0
 20
9881.5209
  0
LWPOLYLINE
  5
19E
330
17
100
AcDbEntity
  8
TOU
100
AcDbPolyline
 90
4
 70
1
 10
4664.0
 20
9725.5209
 10
4687.9998
 20
9725.5209
 10
4687.9998
 20
9737.5209
 10
4664.0
 20
9737.5209
  0
LWPOLYLINE
  5
19F
330
17
100
AcDbEntity
  8
TOU
100
AcDbPolyline
 90
4
 70
1
 10
4664.0
 20
9869.5209
 10
4687.9998
 20
9869.5209
 10
4687.9998
 20
9881.5209
 10
4664.0
 20
9881.5209
  0
LWPOLYLINE
  5
1A0
330
17
100
AcDbEntity
  8
TOU
100
AcDbPolyline
 90
4
 70
1
 10
4783.9998
 20
9725.5209
 10
4808.0
 20
9725.5209
 10
4808.0
 20
9737.5209
 10
4783.9998
 20
9737.5209
  0
LWPOLYLINE
  5
1A1
330
17
100
AcDbEntity
  8
TOU
100
AcDbPolyline
 90
4
 70
1
 10
4783.9998
 20
9869.5209
 10
4808.0
 20
9869.5209
 10
4808.0
 20
9881.5209
 10
4783.9998
 20
9881.5209
  0
LWPOLYLINE
  5
1A2
330
17
100
AcDbEntity
  8
TOU
100
AcDbPolyline
 90
4
 70
1
 10
4883.9998
 20
9725.5209
 10
4908.0
 20
9725.5209
 10
4908.0
 20
9737.5209
 10
4883.9998
 20
9737.5209
  0
LWPOLYLINE
  5
1A3
330
17
100
AcDbEntity
  8
TOU
100
AcDbPolyline
 90
4
 70
1
 10
4883.9998
 20
9869.5209
 10
4908.0
 20
9869.5209
 10
4908.0
 20
9881.5209
 10
4883.9998
 20
9881.5209
  0
LWPOLYLINE
  5
1A4
330
17
100
AcDbEntity
  8
TOU
100
AcDbPolyline
 90
4
 70
1
 10
4726.0002
 20
9747.5209
 10
4746.0002
 20
9747.5209
 10
4746.0002
 20
9763.5209
 10
4726.0002
 20
9763.5209
  0
LWPOLYLINE
  5
1A5
330
17
100
AcDbEntity
  8
TOU
100
AcDbPolyline
 90
4
 70
1
 10
4726.0002
 20
9771.5209
 10
4746.0002
 20
9771.5209
 10
4746.0002
 20
9787.5208
 10
4726.0002
 20
9787.5208
  0
LWPOLYLINE
  5
1A6
330
17
100
AcDbEntity
  8
TOU
100
AcDbPolyline
 90
4
 70
1
 10
4726.0002
 20
9795.5209
 10
4746.0002
 20
9795.5209
 10
4746.0002
 20
9811.5208
 10
4726.0002
 20
9811.5208
  0
LWPOLYLINE
  5
1A7
330
17
100
AcDbEntity
  8
TOU
100
AcDbPolyline
 90
4
 70
1
 10
4726.0002
 20
9819.5209
 10
4746.0002
 20
9819.5209
 10
4746.0002
 20
9835.5209
 10
4726.0002
 20
9835.5209
  0
LWPOLYLINE
  5
1A8
330
17
100
AcDbEntity
  8
TOU
100
AcDbPolyline
 90
4
 70
1
 10
4726.0002
 20
9843.5208
 10
4746.0002
 20
9843.5208
 10
4746.0002
 20
9859.5209
 10
4726.0002
 20
9859.5209
  0
LWPOLYLINE
  5
1A9
330
17
100
AcDbEntity
  8
TOU
100
AcDbPolyline
 90
4
 70
1
 10
4556.0
 20
9723.5209
 10
4915.9998
 20
9723.5209
 10
4915.9998
 20
9883.5209
 10
4556.0
 20
9883.5209
  0
LWPOLYLINE
  5
1AA
330
17
100
AcDbEntity
  8
TOU
100
AcDbPolyline
 90
4
 70
1
 10
4614.0
 20
9734.5209
 10
4862.0
 20
9734.5209
 10
4862.0
 20
9872.5209
 10
4614.0
 20
9872.5209
  0
LWPOLYLINE
  5
1AB
330
17
100
AcDbEntity
  8
TOU
100
AcDbPolyline
 90
4
 70
1
 10
4708.2
 20
9791.5209
 10
4767.7998
 20
9791.5209
 10
4767.7998
 20
9815.5209
 10
4708.2
 20
9815.5209
  0
LWPOLYLINE
  5
1AC
330
17
100
AcDbEntity
  8
TOU
100
AcDbPolyline
 90
4
 70
1
 10
4607.0
 20
9724.5209
 10
4664.9998
 20
9724.5209
 10
4664.9998
 20
9782.5209
 10
4607.0
 20
9782.5209
  0
LWPOLYLINE
  5
1AD
330
17
100
AcDbEntity
  8
TOU
100
AcDbPolyline
 90
4
 70
1
 10
4607.0
 20
9824.5209
 10
4664.9998
 20
9824.5209
 10
4664.9998
 20
9882.5209
 10
4607.0
 20
9882.5209
  0
LWPOLYLINE
  5
1AE
330
17
100
AcDbEntity
  8
TOU
100
AcDbPolyline
 90
4
 70
1
 10
5686.0005
 20
9703.5209
 10
6086.0
 20
9703.5209
 10
6086.0
 20
9903.5209
 10
5686.0005
 20
9903.5209
  0
LWPOLYLINE
  5
1AF
330
17
100
AcDbEntity
  8
TOU
100
AcDbPolyline
 90
4
 70
1
 10
5714.0
 20
9725.5209
 10
5738.0005
 20
9725.5209
 10
5738.0005
 20
9737.5209
 10
5714.0
 20
9737.5209
  0
LWPOLYLINE
  5
1B0
330
17
100
AcDbEntity
  8
TOU
100
AcDbPolyline
 90
4
 70
1
 10
5714.0
 20
9869.5209
 10
5738.0005
 20
9869.5209
 10
5738.0005
 20
9881.5209
 10
5714.0
 20
9881.5209
  0
LWPOLYLINE
  5
1B1
330
17
100
AcDbEntity
  8
TOU
100
AcDbPolyline
 90
4
 70
1
 10
5814.0
 20
9725.5209
 10
5838.0
 20
9725.5209
 10
5838.0
 20
9737.5209
 10
5814.0
 20
9737.5209
  0
LWPOLYLINE
  5
1B2
330
17
100
AcDbEntity
  8
TOU
100
AcDbPolyline
 90
4
 70
1
 10
5814.0
 20
9869.5209
 10
5838.0
 20
9869.5209
 10
5838.0
 20
9881.5209
 10
5814.0
 20
9881.5209
  0
LWPOLYLINE
  5
1B3
330
17
100
AcDbEntity
  8
TOU
100
AcDbPolyline
 90
4
 70
1
 10
5934.0
 20
9725.5209
 10
5958.0
 20
9725.5209
 10
5958.0
 20
9737.5209
 10
5934.0
 20
9737.5209
  0
LWPOLYLINE
  5
1B4
330
17
100
AcDbEntity
  8
TOU
100
AcDbPolyline
 90
4
 70
1
 10
5934.0
 20
9869.5209
 10
5958.0
 20
9869.5209
 10
5958.0
 20
9881.5209
 10
5934.0
 20
9881.5209
  0
LWPOLYLINE
  5
1B5
330
17
100
AcDbEntity
  8
TOU
100
AcDbPolyline
 90
4
 70
1
 10
6034.0
 20
9725.5209
 10
6058.0
 20
9725.5209
 10
6058.0
 20
9737.5209
 10
6034.0
 20
9737.5209
  0
LWPOLYLINE
  5
1B6
330
17
100
AcDbEntity
  8
TOU
100
AcDbPolyline
 90
4
 70
1
 10
6034.0
 20
9869.5209
 10
6058.0
 20
9869.5209
 10
6058.0
 20
9881.5209
 10
6034.0
 20
9881.5209
  0
LWPOLYLINE
  5
1B7
330
17
100
AcDbEntity
  8
TOU
100
AcDbPolyline
 90
4
 70
1
 10
5876.0
 20
9747.5209
 10
5896.0
 20
9747.5209
 10
5896.0
 20
9763.5209
 10
5876.0
 20
9763.5209
  0
LWPOLYLINE
  5
1B8
330
17
100
AcDbEntity
  8
TOU
100
AcDbPolyline
 90
4
 70
1
 10
5876.0
 20
9771.5209
 10
5896.0
 20
9771.5209
 10
5896.0
 20
9787.5208
 10
5876.0
 20
9787.5208
  0
LWPOLYLINE
  5
1B9
330
17
100
AcDbEntity
  8
TOU
100
AcDbPolyline
 90
4
 70
1
 10
5876.0
 20
9795.5209
 10
5896.0
 20
9795.5209
 10
5896.0
 20
9811.5208
 10
5876.0
 20
9811.5208
  0
LWPOLYLINE
  5
1BA
330
17
100
AcDbEntity
  8
TOU
100
AcDbPolyline
 90
4
 70
1
 10
5876.0
 20
9819.5209
 10
5896.0
 20
9819.5209
 10
5896.0
 20
9835.5209
 10
5876.0
 20
9835.5209
  0
LWPOLYLINE
  5
1BB
330
17
100
AcDbEntity
  8
TOU
100
AcDbPolyline
 90
4
 70
1
 10
5876.0
 20
9843.5208
 10
5896.0
 20
9843.5208
 10
5896.0
 20
9859.5209
 10
5876.0
 20
9859.5209
  0
LWPOLYLINE
  5
1BC
330
17
100
AcDbEntity
  8
TOU
100
AcDbPolyline
 90
4
 70
1
 10
5706.0
 20
9723.5209
 10
6066.0
 20
9723.5209
 10
6066.0
 20
9883.5209
 10
5706.0
 20
9883.5209
  0
LWPOLYLINE
  5
1BD
330
17
100
AcDbEntity
  8
TOU
100
AcDbPolyline
 90
4
 70
1
 10
5764.0
 20
9734.5209
 10
6012.0
 20
9734.5209
 10
6012.0
 20
9872.5209
 10
5764.0
 20
9872.5209
  0
LWPOLYLINE
  5
1BE
330
17
100
AcDbEntity
  8
TOU
100
AcDbPolyline
 90
4
 70
1
 10
5858.2002
 20
9791.5209
 10
5917.7998
 20
9791.5209
 10
5917.7998
 20
9815.5209
 10
5858.2002
 20
9815.5209
  0
LWPOLYLINE
  5
1BF
330
17
100
AcDbEntity
  8
TOU
100
AcDbPolyline
 90
4
 70
1
 10
5757.0
 20
9724.5209
 10
5815.0
 20
9724.5209
 10
5815.0
 20
9782.5209
 10
5757.0
 20
9782.5209
  0
LWPOLYLINE
  5
1C0
330
17
100
AcDbEntity
  8
TOU
100
AcDbPolyline
 90
4
 70
1
 10
5757.0
 20
9824.5209
 10
5815.0
 20
9824.5209
 10
5815.0
 20
9882.5209
 10
5757.0
 20
9882.5209
  0
LWPOLYLINE
  5
1C1
330
17
100
AcDbEntity
  8
TOU
100
AcDbPolyline
 90
4
 70
1
 10
8236.0
 20
9703.5209
 10
8635.9995
 20
9703.5209
 10
8635.9995
 20
9903.5209
 10
8236.0
 20
9903.5209
  0
LWPOLYLINE
  5
1C2
330
17
100
AcDbEntity
  8
TOU
100
AcDbPolyline
 90
4
 70
1
 10
8264.0
 20
9725.5209
 10
8287.9995
 20
9725.5209
 10
8287.9995
 20
9737.5209
 10
8264.0
 20
9737.5209
  0
LWPOLYLINE
  5
1C3
330
17
100
AcDbEntity
  8
TOU
100
AcDbPolyline
 90
4
 70
1
 10
8264.0
 20
9869.5209
 10
8287.9995
 20
9869.5209
 10
8287.9995
 20
9881.5209
 10
8264.0
 20
9881.5209
  0
LWPOLYLINE
  5
1C4
330
17
100
AcDbEntity
  8
TOU
100
AcDbPolyline
 90
4
 70
1
 10
8363.9995
 20
9725.5209
 10
8388.0
 20
9725.5209
 10
8388.0
 20
9737.5209
 10
8363.9995
 20
9737.5209
  0
LWPOLYLINE
  5
1C5
330
17
100
AcDbEntity
  8
TOU
100
AcDbPolyline
 90
4
 70
1
 10
8363.9995
 20
9869.5209
 10
8388.0
 20
9869.5209
 10
8388.0
 20
9881.5209
 10
8363.9995
 20
9881.5209
  0
LWPOLYLINE
  5
1C6
330
17
100
AcDbEntity
  8
TOU
100
AcDbPolyline
 90
4
 70
1
 10
8483.9995
 20
9725.5209
 10
8508.0
 20
9725.5209
 10
8508.0
 20
9737.5209
 10
8483.9995
 20
9737.5209
  0
LWPOLYLINE
  5
1C7
330
17
100
AcDbEntity
  8
TOU
100
AcDbPolyline
 90
4
 70
1
 10
8483.9995
 20
9869.5209
 10
8508.0
 20
9869.5209
 10
8508.0
 20
9881.5209
 10
8483.9995
 20
9881.5209
  0
LWPOLYLINE
  5
1C8
330
17
100
AcDbEntity
  8
TOU
100
AcDbPolyline
 90
4
 70
1
 10
8584.0
 20
9725.5209
 10
8607.9995
 20
9725.5209
 10
8607.9995
 20
9737.5209
 10
8584.0
 20
9737.5209
  0
LWPOLYLINE
  5
1C9
330
17
100
AcDbEntity
  8
TOU
100
AcDbPolyline
 90
4
 70
1
 10
8584.0
 20
9869.5209
 10
8607.9995
 20
9869.5209
 10
8607.9995
 20
9881.5209
 10
8584.0
 20
9881.5209
  0
LWPOLYLINE
  5
1CA
330
17
100
AcDbEntity
  8
TOU
100
AcDbPolyline
 90
4
 70
1
 10
8425.9995
 20
9747.5209
 10
8446.0
 20
9747.5209
 10
8446.0
 20
9763.5209
 10
8425.9995
 20
9763.5209
  0
LWPOLYLINE
  5
1CB
330
17
100
AcDbEntity
  8
TOU
100
AcDbPolyline
 90
4
 70
1
 10
8425.9995
 20
9771.5209
 10
8446.0
 20
9771.5209
 10
8446.0
 20
9787.5208
 10
8425.9995
 20
9787.5208
  0
LWPOLYLINE
  5
1CC
330
17
100
AcDbEntity
  8
TOU
100
AcDbPolyline
 90
4
 70
1
 10
8425.9995
 20
9795.5209
 10
8446.0
 20
9795.5209
 10
8446.0
 20
9811.5208
 10
8425.9995
 20
9811.5208
  0
LWPOLYLINE
  5
1CD
330
17
100
AcDbEntity
  8
TOU
100
AcDbPolyline
 90
4
 70
1
 10
8425.9995
 20
9819.5209
 10
8446.0
 20
9819.5209
 10
8446.0
 20
9835.5209
 10
8425.9995
 20
9835.5209
  0
LWPOLYLINE
  5
1CE
330
17
100
AcDbEntity
  8
TOU
100
AcDbPolyline
 90
4
 70
1
 10
8425.9995
 20
9843.5208
 10
8446.0
 20
9843.5208
 10
8446.0
 20
9859.5209
 10
8425.9995
 20
9859.5209
  0
LWPOLYLINE
  5
1CF
330
17
100
AcDbEntity
  8
TOU
100
AcDbPolyline
 90
4
 70
1
 10
8256.0
 20
9723.5209
 10
8615.9995
 20
9723.5209
 10
8615.9995
 20
9883.5209
 10
8256.0
 20
9883.5209
  0
LWPOLYLINE
  5
1D0
330
17
100
AcDbEntity
  8
TOU
100
AcDbPolyline
 90
4
 70
1
 10
8313.9995
 20
9734.5209
 10
8561.9995
 20
9734.5209
 10
8561.9995
 20
9872.5209
 10
8313.9995
 20
9872.5209
  0
LWPOLYLINE
  5
1D1
330
17
100
AcDbEntity
  8
TOU
100
AcDbPolyline
 90
4
 70
1
 10
8408.199700000001
 20
9791.5209
 10
8467.7998
 20
9791.5209
 10
8467.7998
 20
9815.5209
 10
8408.199700000001
 20
9815.5209
  0
LWPOLYLINE
  5
1D2
330
17
100
AcDbEntity
  8
TOU
100
AcDbPolyline
 90
4
 70
1
 10
8306.9995
 20
9724.5209
 10
8364.9995
 20
9724.5209
 10
8364.9995
 20
9782.5209
 10
8306.9995
 20
9782.5209
  0
LWPOLYLINE
  5
1D3
330
17
100
AcDbEntity
  8
TOU
100
AcDbPolyline
 90
4
 70
1
 10
8306.9995
 20
9824.5209
 10
8364.9995
 20
9824.5209
 10
8364.9995
 20
9882.5209
 10
8306.9995
 20
9882.5209
  0
LWPOLYLINE
  5
1D4
330
17
100
AcDbEntity
  8
TOU
100
AcDbPolyline
 90
4
 70
1
 10
9386.0
 20
9703.5209
 10
9786.0
 20
9703.5209
 10
9786.0
 20
9903.5209
 10
9386.0
 20
9903.5209
  0
LWPOLYLINE
  5
1D5
330
17
100
AcDbEntity
  8
TOU
100
AcDbPolyline
 90
4
 70
1
 10
9414.0
 20
9725.5209
 10
9438.0
 20
9725.5209
 10
9438.0
 20
9737.5209
 10
9414.0
 20
9737.5209
  0
LWPOLYLINE
  5
1D6
330
17
100
AcDbEntity
  8
TOU
100
AcDbPolyline
 90
4
 70
1
 10
9414.0
 20
9869.5209
 10
9438.0
 20
9869.5209
 10
9438.0
 20
9881.5209
 10
9414.0
 20
9881.5209
  0
LWPOLYLINE
  5
1D7
330
17
100
AcDbEntity
  8
TOU
100
AcDbPolyline
 90
4
 70
1
 10
9514.0
 20
9725.5209
 10
9538.0
 20
9725.5209
 10
9538.0
 20
9737.5209
 10
9514.0
 20
9737.5209
  0
LWPOLYLINE
  5
1D8
330
17
100
AcDbEntity
  8
TOU
100
AcDbPolyline
 90
4
 70
1
 10
9514.0
 20
9869.5209
 10
9538.0
 20
9869.5209
 10
9538.0
 20
9881.5209
 10
9514.0
 20
9881.5209
  0
LWPOLYLINE
  5
1D9
330
17
100
AcDbEntity
  8
TOU
100
AcDbPolyline
 90
4
 70
1
 10
9634.0
 20
9725.5209
 10
9657.999
 20
9725.5209
 10
9657.999
 20
9737.5209
 10
9634.0
 20
9737.5209
  0
LWPOLYLINE
  5
1DA
330
17
100
AcDbEntity
  8
TOU
100
AcDbPolyline
 90
4
 70
1
 10
9634.0
 20
9869.5209
 10
9657.999
 20
9869.5209
 10
9657.999
 20
9881.5209
 10
9634.0
 20
9881.5209
  0
LWPOLYLINE
  5
1DB
330
17
100
AcDbEntity
  8
TOU
100
AcDbPolyline
 90
4
 70
1
 10
9734.0
 20
9725.5209
 10
9758.0
 20
9725.5209
 10
9758.0
 20
9737.5209
 10
9734.0
 20
9737.5209
  0
LWPOLYLINE
  5
1DC
330
17
100
AcDbEntity
  8
TOU
100
AcDbPolyline
 90
4
 70
1
 10
9734.0
 20
9869.5209
 10
9758.0
 20
9869.5209
 10
9758.0
 20
9881.5209
 10
9734.0
 20
9881.5209
  0
LWPOLYLINE
  5
1DD
330
17
100
AcDbEntity
  8
TOU
100
AcDbPolyline
 90
4
 70
1
 10
9576.0
 20
9747.5209
 10
9596.0
 20
9747.5209
 10
9596.0
 20
9763.5209
 10
9576.0
 20
9763.5209
  0
LWPOLYLINE
  5
1DE
330
17
100
AcDbEntity
  8
TOU
100
AcDbPolyline
 90
4
 70
1
 10
9576.0
 20
9771.5209
 10
9596.0
 20
9771.5209
 10
9596.0
 20
9787.5208
 10
9576.0
 20
9787.5208
  0
LWPOLYLINE
  5
1DF
330
17
100
AcDbEntity
  8
TOU
100
AcDbPolyline
 90
4
 70
1
 10
9576.0
 20
9795.5209
 10
9596.0
 20
9795.5209
 10
9596.0
 20
9811.5208
 10
9576.0
 20
9811.5208
  0
LWPOLYLINE
  5
1E0
330
17
100
AcDbEntity
  8
TOU
100
AcDbPolyline
 90
4
 70
1
 10
9576.0
 20
9819.5209
 10
9596.0
 20
9819.5209
 10
9596.0
 20
9835.5209
 10
9576.0
 20
9835.5209
  0
LWPOLYLINE
  5
1E1
330
17
100
AcDbEntity
  8
TOU
100
AcDbPolyline
 90
4
 70
1
 10
9576.0
 20
9843.5208
 10
9596.0
 20
9843.5208
 10
9596.0
 20
9859.5209
 10
9576.0
 20
9859.5209
  0
LWPOLYLINE
  5
1E2
330
17
100
AcDbEntity
  8
TOU
100
AcDbPolyline
 90
4
 70
1
 10
9406.0
 20
9723.5209
 10
9766.0
 20
9723.5209
 10
9766.0
 20
9883.5209
 10
9406.0
 20
9883.5209
  0
LWPOLYLINE
  5
1E3
330
17
100
AcDbEntity
  8
TOU
100
AcDbPolyline
 90
4
 70
1
 10
9464.0
 20
9734.5209
 10
9712.0
 20
9734.5209
 10
9712.0
 20
9872.5209
 10
9464.0
 20
9872.5209
  0
LWPOLYLINE
  5
1E4
330
17
100
AcDbEntity
  8
TOU
100
AcDbPolyline
 90
4
 70
1
 10
9558.2002
 20
9791.5209
 10
9617.7998
 20
9791.5209
 10
9617.7998
 20
9815.5209
 10
9558.2002
 20
9815.5209
  0
LWPOLYLINE
  5
1E5
330
17
100
AcDbEntity
  8
TOU
100
AcDbPolyline
 90
4
 70
1
 10
9457.0
 20
9724.5209
 10
9515.0
 20
9724.5209
 10
9515.0
 20
9782.5209
 10
9457.0
 20
9782.5209
  0
LWPOLYLINE
  5
1E6
330
17
100
AcDbEntity
  8
TOU
100
AcDbPolyline
 90
4
 70
1
 10
9457.0
 20
9824.5209
 10
9515.0
 20
9824.5209
 10
9515.0
 20
9882.5209
 10
9457.0
 20
9882.5209
  0
LWPOLYLINE
  5
1E7
330
17
100
AcDbEntity
  8
TOU
100
AcDbPolyline
 90
4
 70
1
 10
10536.001
 20
9703.5209
 10
10936.0
 20
9703.5209
 10
10936.0
 20
9903.5209
 10
10536.001
 20
9903.5209
  0
LWPOLYLINE
  5
1E8
330
17
100
AcDbEntity
  8
TOU
100
AcDbPolyline
 90
4
 70
1
 10
10564.001
 20
9725.5209
 10
10588.001
 20
9725.5209
 10
10588.001
 20
9737.5209
 10
10564.001
 20
9737.5209
  0
LWPOLYLINE
  5
1E9
330
17
100
AcDbEntity
  8
TOU
100
AcDbPolyline
 90
4
 70
1
 10
10564.001
 20
9869.5209
 10
10588.001
 20
9869.5209
 10
10588.001
 20
9881.5209
 10
10564.001
 20
9881.5209
  0
LWPOLYLINE
  5
1EA
330
17
100
AcDbEntity
  8
TOU
100
AcDbPolyline
 90
4
 70
1
 10
10664.001
 20
9725.5209
 10
10688.0
 20
9725.5209
 10
10688.0
 20
9737.5209
 10
10664.001
 20
9737.5209
  0
LWPOLYLINE
  5
1EB
330
17
100
AcDbEntity
  8
TOU
100
AcDbPolyline
 90
4
 70
1
 10
10664.001
 20
9869.5209
 10
10688.0
 20
9869.5209
 10
10688.0
 20
9881.5209
 10
10664.001
 20
9881.5209
  0
LWPOLYLINE
  5
1EC
330
17
100
AcDbEntity
  8
TOU
100
AcDbPolyline
 90
4
 70
1
 10
10784.001
 20
9725.5209
 10
10808.0
 20
9725.5209
 10
10808.0
 20
9737.5209
 10
10784.001
 20
9737.5209
  0
LWPOLYLINE
  5
1ED
330
17
100
AcDbEntity
  8
TOU
100
AcDbPolyline
 90
4
 70
1
 10
10784.001
 20
9869.5209
 10
10808.0
 20
9869.5209
 10
10808.0
 20
9881.5209
 10
10784.001
 20
9881.5209
  0
LWPOLYLINE
  5
1EE
330
17
100
AcDbEntity
  8
TOU
100
AcDbPolyline
 90
4
 70
1
 10
10884.0
 20
9725.5209
 10
10908.0
 20
9725.5209
 10
10908.0
 20
9737.5209
 10
10884.0
 20
9737.5209
  0
LWPOLYLINE
  5
1EF
330
17
100
AcDbEntity
  8
TOU
100
AcDbPolyline
 90
4
 70
1
 10
10884.0
 20
9869.5209
 10
10908.0
 20
9869.5209
 10
10908.0
 20
9881.5209
 10
10884.0
 20
9881.5209
  0
LWPOLYLINE
  5
1F0
330
17
100
AcDbEntity
  8
TOU
100
AcDbPolyline
 90
4
 70
1
 10
10726.0
 20
9747.5209
 10
10746.001
 20
9747.5209
 10
10746.001
 20
9763.5209
 10
10726.0
 20
9763.5209
  0
LWPOLYLINE
  5
1F1
330
17
100
AcDbEntity
  8
TOU
100
AcDbPolyline
 90
4
 70
1
 10
10726.0
 20
9771.5209
 10
10746.001
 20
9771.5209
 10
10746.001
 20
9787.5208
 10
10726.0
 20
9787.5208
  0
LWPOLYLINE
  5
1F2
330
17
100
AcDbEntity
  8
TOU
100
AcDbPolyline
 90
4
 70
1
 10
10726.0
 20
9795.5209
 10
10746.001
 20
9795.5209
 10
10746.001
 20
9811.5208
 10
10726.0
 20
9811.5208
  0
LWPOLYLINE
  5
1F3
330
17
100
AcDbEntity
  8
TOU
100
AcDbPolyline
 90
4
 70
1
 10
10726.0
 20
9819.5209
 10
10746.001
 20
9819.5209
 10
10746.001
 20
9835.5209
 10
10726.0
 20
9835.5209
  0
LWPOLYLINE
  5
1F4
330
17
100
AcDbEntity
  8
TOU
100
AcDbPolyline
 90
4
 70
1
 10
10726.0
 20
9843.5208
 10
10746.001
 20
9843.5208
 10
10746.001
 20
9859.5209
 10
10726.0
 20
9859.5209
  0
LWPOLYLINE
  5
1F5
330
17
100
AcDbEntity
  8
TOU
100
AcDbPolyline
 90
4
 70
1
 10
10556.0
 20
9723.5209
 10
10916.001
 20
9723.5209
 10
10916.001
 20
9883.5209
 10
10556.0
 20
9883.5209
  0
LWPOLYLINE
  5
1F6
330
17
100
AcDbEntity
  8
TOU
100
AcDbPolyline
 90
4
 70
1
 10
10614.001
 20
9734.5209
 10
10862.001
 20
9734.5209
 10
10862.001
 20
9872.5209
 10
10614.001
 20
9872.5209
  0
LWPOLYLINE
  5
1F7
330
17
100
AcDbEntity
  8
TOU
100
AcDbPolyline
 90
4
 70
1
 10
10708.2012
 20
9791.5209
 10
10767.8008
 20
9791.5209
 10
10767.8008
 20
9815.5209
 10
10708.2012
 20
9815.5209
  0
LWPOLYLINE
  5
1F8
330
17
100
AcDbEntity
  8
TOU
100
AcDbPolyline
 90
4
 70
1
 10
10557.001
 20
9724.5209
 10
10615.0
 20
9724.5209
 10
10615.0
 20
9782.5209
 10
10557.001
 20
9782.5209
  0
LWPOLYLINE
  5
1F9
330
17
100
AcDbEntity
  8
TOU
100
AcDbPolyline
 90
4
 70
1
 10
10557.001
 20
9824.5209
 10
10615.0
 20
9824.5209
 10
10615.0
 20
9882.5209
 10
10557.001
 20
9882.5209
  0
LWPOLYLINE
  5
1FA
330
17
100
AcDbEntity
  8
TOU
100
AcDbPolyline
 90
4
 70
1
 10
11686.0
 20
9703.5209
 10
12086.0
 20
9703.5209
 10
12086.0
 20
9903.5209
 10
11686.0
 20
9903.5209
  0
LWPOLYLINE
  5
1FB
330
17
100
AcDbEntity
  8
TOU
100
AcDbPolyline
 90
4
 70
1
 10
11714.0
 20
9725.5209
 10
11738.0
 20
9725.5209
 10
11738.0
 20
9737.5209
 10
11714.0
 20
9737.5209
  0
LWPOLYLINE
  5
1FC
330
17
100
AcDbEntity
  8
TOU
100
AcDbPolyline
 90
4
 70
1
 10
11714.0
 20
9869.5209
 10
11738.0
 20
9869.5209
 10
11738.0
 20
9881.5209
 10
11714.0
 20
9881.5209
  0
LWPOLYLINE
  5
1FD
330
17
100
AcDbEntity
  8
TOU
100
AcDbPolyline
 90
4
 70
1
 10
11814.001
 20
9725.5209
 10
11838.0
 20
9725.5209
 10
11838.0
 20
9737.5209
 10
11814.001
 20
9737.5209
  0
LWPOLYLINE
  5
1FE
330
17
100
AcDbEntity
  8
TOU
100
AcDbPolyline
 90
4
 70
1
 10
11814.001
 20
9869.5209
 10
11838.0
 20
9869.5209
 10
11838.0
 20
9881.5209
 10
11814.001
 20
9881.5209
  0
LWPOLYLINE
  5
1FF
330
17
100
AcDbEntity
  8
TOU
100
AcDbPolyline
 90
4
 70
1
 10
11934.0
 20
9725.5209
 10
11958.0
 20
9725.5209
 10
11958.0
 20
9737.5209
 10
11934.0
 20
9737.5209
  0
LWPOLYLINE
  5
200
330
17
100
AcDbEntity
  8
TOU
100
AcDbPolyline
 90
4
 70
1
 10
11934.0
 20
9869.5209
 10
11958.0
 20
9869.5209
 10
11958.0
 20
9881.5209
 10
11934.0
 20
9881.5209
  0
LWPOLYLINE
  5
201
330
17
100
AcDbEntity
  8
TOU
100
AcDbPolyline
 90
4
 70
1
 10
12034.0
 20
9725.5209
 10
12058.0
 20
9725.5209
 10
12058.0
 20
9737.5209
 10
12034.0
 20
9737.5209
  0
LWPOLYLINE
  5
202
330
17
100
AcDbEntity
  8
TOU
100
AcDbPolyline
 90
4
 70
1
 10
12034.0
 20
9869.5209
 10
12058.0
 20
9869.5209
 10
12058.0
 20
9881.5209
 10
12034.0
 20
9881.5209
  0
LWPOLYLINE
  5
203
330
17
100
AcDbEntity
  8
TOU
100
AcDbPolyline
 90
4
 70
1
 10
11876.0
 20
9747.5209
 10
11896.0
 20
9747.5209
 10
11896.0
 20
9763.5209
 10
11876.0
 20
9763.5209
  0
LWPOLYLINE
  5
204
330
17
100
AcDbEntity
  8
TOU
100
AcDbPolyline
 90
4
 70
1
 10
11876.0
 20
9771.5209
 10
11896.0
 20
9771.5209
 10
11896.0
 20
9787.5208
 10
11876.0
 20
9787.5208
  0
LWPOLYLINE
  5
205
330
17
100
AcDbEntity
  8
TOU
100
AcDbPolyline
 90
4
 70
1
 10
11876.0
 20
9795.5209
 10
11896.0
 20
9795.5209
 10
11896.0
 20
9811.5208
 10
11876.0
 20
9811.5208
  0
LWPOLYLINE
  5
206
330
17
100
AcDbEntity
  8
TOU
100
AcDbPolyline
 90
4
 70
1
 10
11876.0
 20
9819.5209
 10
11896.0
 20
9819.5209
 10
11896.0
 20
9835.5209
 10
11876.0
 20
9835.5209
  0
LWPOLYLINE
  5
207
330
17
100
AcDbEntity
  8
TOU
100
AcDbPolyline
 90
4
 70
1
 10
11876.0
 20
9843.5208
 10
11896.0
 20
9843.5208
 10
11896.0
 20
9859.5209
 10
11876.0
 20
9859.5209
  0
LWPOLYLINE
  5
208
330
17
100
AcDbEntity
  8
TOU
100
AcDbPolyline
 90
4
 70
1
 10
11706.0
 20
9723.5209
 10
12066.0
 20
9723.5209
 10
12066.0
 20
9883.5209
 10
11706.0
 20
9883.5209
  0
LWPOLYLINE
  5
209
330
17
100
AcDbEntity
  8
TOU
100
AcDbPolyline
 90
4
 70
1
 10
11764.0
 20
9734.5209
 10
12012.0
 20
9734.5209
 10
12012.0
 20
9872.5209
 10
11764.0
 20
9872.5209
  0
LWPOLYLINE
  5
20A
330
17
100
AcDbEntity
  8
TOU
100
AcDbPolyline
 90
4
 70
1
 10
11858.2002
 20
9791.5209
 10
11917.8008
 20
9791.5209
 10
11917.8008
 20
9815.5209
 10
11858.2002
 20
9815.5209
  0
LWPOLYLINE
  5
20B
330
17
100
AcDbEntity
  8
TOU
100
AcDbPolyline
 90
4
 70
1
 10
11757.0
 20
9724.5209
 10
11815.0
 20
9724.5209
 10
11815.0
 20
9782.5209
 10
11757.0
 20
9782.5209
  0
LWPOLYLINE
  5
20C
330
17
100
AcDbEntity
  8
TOU
100
AcDbPolyline
 90
4
 70
1
 10
11757.0
 20
9824.5209
 10
11815.0
 20
9824.5209
 10
11815.0
 20
9882.5209
 10
11757.0
 20
9882.5209
  0
LWPOLYLINE
  5
20D
330
17
100
AcDbEntity
  8
TOU
100
AcDbPolyline
 90
4
 70
1
 10
2507.0
 20
9724.5209
 10
2565.0
 20
9724.5209
 10
2565.0
 20
9782.5209
 10
2507.0
 20
9782.5209
  0
LWPOLYLINE
  5
20E
330
17
100
AcDbEntity
  8
TOU
100
AcDbPolyline
 90
4
 70
1
 10
2507.0
 20
9824.5209
 10
2565.0
 20
9824.5209
 10
2565.0
 20
9882.5209
 10
2507.0
 20
9882.5209
  0
LWPOLYLINE
  5
20F
330
17
100
AcDbEntity
  8
TOU
100
AcDbPolyline
 90
4
 70
1
 10
3657.0002
 20
9724.5209
 10
3715.0
 20
9724.5209
 10
3715.0
 20
9782.5209
 10
3657.0002
 20
9782.5209
  0
LWPOLYLINE
  5
210
330
17
100
AcDbEntity
  8
TOU
100
AcDbPolyline
 90
4
 70
1
 10
3657.0002
 20
9824.5209
 10
3715.0
 20
9824.5209
 10
3715.0
 20
9882.5209
 10
3657.0002
 20
9882.5209
  0
LWPOLYLINE
  5
211
330
17
100
AcDbEntity
  8
TOU
100
AcDbPolyline
 90
4
 70
1
 10
4807.0
 20
9724.5209
 10
4865.0002
 20
9724.5209
 10
4865.0002
 20
9782.5209
 10
4807.0
 20
9782.5209
  0
LWPOLYLINE
  5
212
330
17
100
AcDbEntity
  8
TOU
100
AcDbPolyline
 90
4
 70
1
 10
4807.0
 20
9824.5209
 10
4865.0002
 20
9824.5209
 10
4865.0002
 20
9882.5209
 10
4807.0
 20
9882.5209
  0
LWPOLYLINE
  5
213
330
17
100
AcDbEntity
  8
TOU
100
AcDbPolyline
 90
4
 70
1
 10
5957.0
 20
9724.5209
 10
6015.0005
 20
9724.5209
 10
6015.0005
 20
9782.5209
 10
5957.0
 20
9782.5209
  0
LWPOLYLINE
  5
214
330
17
100
AcDbEntity
  8
TOU
100
AcDbPolyline
 90
4
 70
1
 10
5957.0
 20
9824.5209
 10
6015.0005
 20
9824.5209
 10
6015.0005
 20
9882.5209
 10
5957.0
 20
9882.5209
  0
LWPOLYLINE
  5
215
330
17
100
AcDbEntity
  8
TOU
100
AcDbPolyline
 90
4
 70
1
 10
8507.0
 20
9724.5209
 10
8565.0
 20
9724.5209
 10
8565.0
 20
9782.5209
 10
8507.0
 20
9782.5209
  0
LWPOLYLINE
  5
216
330
17
100
AcDbEntity
  8
TOU
100
AcDbPolyline
 90
4
 70
1
 10
8507.0
 20
9824.5209
 10
8565.0
 20
9824.5209
 10
8565.0
 20
9882.5209
 10
8507.0
 20
9882.5209
  0
LWPOLYLINE
  5
217
330
17
100
AcDbEntity
  8
TOU
100
AcDbPolyline
 90
4
 70
1
 10
9657.0
 20
9724.5209
 10
9715.0
 20
9724.5209
 10
9715.0
 20
9782.5209
 10
9657.0
 20
9782.5209
  0
LWPOLYLINE
  5
218
330
17
100
AcDbEntity
  8
TOU
100
AcDbPolyline
 90
4
 70
1
 10
9657.0
 20
9824.5209
 10
9715.0
 20
9824.5209
 10
9715.0
 20
9882.5209
 10
9657.0
 20
9882.5209
  0
LWPOLYLINE
  5
219
330
17
100
AcDbEntity
  8
TOU
100
AcDbPolyline
 90
4
 70
1
 10
10657.0
 20
9724.5209
 10
10715.001
 20
9724.5209
 10
10715.001
 20
9782.5209
 10
10657.0
 20
9782.5209
  0
LWPOLYLINE
  5
21A
330
17
100
AcDbEntity
  8
TOU
100
AcDbPolyline
 90
4
 70
1
 10
10657.0
 20
9824.5209
 10
10715.001
 20
9824.5209
 10
10715.001
 20
9882.5209
 10
10657.0
 20
9882.5209
  0
LWPOLYLINE
  5
21B
330
17
100
AcDbEntity
  8
TOU
100
AcDbPolyline
 90
4
 70
1
 10
11957.0
 20
9724.5209
 10
12015.0
 20
9724.5209
 10
12015.0
 20
9782.5209
 10
11957.0
 20
9782.5209
  0
LWPOLYLINE
  5
21C
330
17
100
AcDbEntity
  8
TOU
100
AcDbPolyline
 90
4
 70
1
 10
11957.0
 20
9824.5209
 10
12015.0
 20
9824.5209
 10
12015.0
 20
9882.5209
 10
11957.0
 20
9882.5209
  0
LWPOLYLINE
  5
21D
330
17
100
AcDbEntity
  8
STOU
100
AcDbPolyline
 90
4
 70
1
 10
1434.0
 20
9283.0194
 10
1788.0
 20
9283.0194
 10
1788.0
 20
9510.0193
 10
1434.0
 20
9510.0193
  0
LWPOLYLINE
  5
21E
330
17
100
AcDbEntity
  8
STOU
100
AcDbPolyline
 90
4
 70
1
 10
1475.1
 20
9318.5194
 10
1499.1
 20
9318.5194
 10
1499.1
 20
9330.5194
 10
1475.1
 20
9330.5194
  0
LWPOLYLINE
  5
21F
330
17
100
AcDbEntity
  8
STOU
100
AcDbPolyline
 90
4
 70
1
 10
1475.1
 20
9462.5193
 10
1499.1
 20
9462.5193
 10
1499.1
 20
9474.5194
 10
1475.1
 20
9474.5194
  0
LWPOLYLINE
  5
220
330
17
100
AcDbEntity
  8
STOU
100
AcDbPolyline
 90
4
 70
1
 10
1556.52
 20
9318.5194
 10
1580.52
 20
9318.5194
 10
1580.52
 20
9330.5194
 10
1556.52
 20
9330.5194
  0
LWPOLYLINE
  5
221
330
17
100
AcDbEntity
  8
STOU
100
AcDbPolyline
 90
4
 70
1
 10
1556.52
 20
9462.5193
 10
1580.52
 20
9462.5193
 10
1580.52
 20
9474.5194
 10
1556.52
 20
9474.5194
  0
LWPOLYLINE
  5
222
330
17
100
AcDbEntity
  8
STOU
100
AcDbPolyline
 90
4
 70
1
 10
1641.48
 20
9318.5194
 10
1665.48
 20
9318.5194
 10
1665.48
 20
9330.5194
 10
1641.48
 20
9330.5194
  0
LWPOLYLINE
  5
223
330
17
100
AcDbEntity
  8
STOU
100
AcDbPolyline
 90
4
 70
1
 10
1641.48
 20
9462.5193
 10
1665.48
 20
9462.5193
 10
1665.48
 20
9474.5194
 10
1641.48
 20
9474.5194
  0
LWPOLYLINE
  5
224
330
17
100
AcDbEntity
  8
STOU
100
AcDbPolyline
 90
4
 70
1
 10
1722.9
 20
9318.5194
 10
1746.9
 20
9318.5194
 10
1746.9
 20
9330.5194
 10
1722.9
 20
9330.5194
  0
LWPOLYLINE
  5
225
330
17
100
AcDbEntity
  8
STOU
100
AcDbPolyline
 90
4
 70
1
 10
1722.9
 20
9462.5193
 10
1746.9
 20
9462.5193
 10
1746.9
 20
9474.5194
 10
1722.9
 20
9474.5194
  0
LWPOLYLINE
  5
226
330
17
100
AcDbEntity
  8
STOU
100
AcDbPolyline
 90
4
 70
1
 10
1601.0
 20
9340.5194
 10
1621.0
 20
9340.5194
 10
1621.0
 20
9356.5194
 10
1601.0
 20
9356.5194
  0
LWPOLYLINE
  5
227
330
17
100
AcDbEntity
  8
STOU
100
AcDbPolyline
 90
4
 70
1
 10
1601.0
 20
9364.5194
 10
1621.0
 20
9364.5194
 10
1621.0
 20
9380.5194
 10
1601.0
 20
9380.5194
  0
LWPOLYLINE
  5
228
330
17
100
AcDbEntity
  8
STOU
100
AcDbPolyline
 90
4
 70
1
 10
1601.0
 20
9388.5193
 10
1621.0
 20
9388.5193
 10
1621.0
 20
9404.5194
 10
1601.0
 20
9404.5194
  0
LWPOLYLINE
  5
229
330
17
100
AcDbEntity
  8
STOU
100
AcDbPolyline
 90
4
 70
1
 10
1601.0
 20
9412.5194
 10
1621.0
 20
9412.5194
 10
1621.0
 20
9428.5194
 10
1601.0
 20
9428.5194
  0
LWPOLYLINE
  5
22A
330
17
100
AcDbEntity
  8
STOU
100
AcDbPolyline
 90
4
 70
1
 10
1601.0
 20
9436.5194
 10
1621.0
 20
9436.5194
 10
1621.0
 20
9452.5194
 10
1601.0
 20
9452.5194
  0
LWPOLYLINE
  5
22B
330
17
100
AcDbEntity
  8
STOU
100
AcDbPolyline
 90
4
 70
1
 10
1454.0
 20
9303.0193
 10
1768.0
 20
9303.0193
 10
1768.0
 20
9490.0194
 10
1454.0
 20
9490.0194
  0
LWPOLYLINE
  5
22C
330
17
100
AcDbEntity
  8
STOU
100
AcDbPolyline
 90
4
 70
1
 10
1534.0
 20
9358.4194
 10
1664.0
 20
9358.4194
 10
1664.0
 20
9434.6194
 10
1534.0
 20
9434.6194
  0
LWPOLYLINE
  5
22D
330
17
100
AcDbEntity
  8
STOU
100
AcDbPolyline
 90
4
 70
1
 10
1583.4
 20
9384.5194
 10
1614.6
 20
9384.5194
 10
1614.6
 20
9408.5194
 10
1583.4
 20
9408.5194
  0
LWPOLYLINE
  5
22E
330
17
100
AcDbEntity
  8
STOU
100
AcDbPolyline
 90
4
 70
1
 10
1662.0
 20
9367.5194
 10
1720.0001
 20
9367.5194
 10
1720.0001
 20
9425.5193
 10
1662.0
 20
9425.5193
  0
LWPOLYLINE
  5
22F
330
17
100
AcDbEntity
  8
STOU
100
AcDbPolyline
 90
4
 70
1
 10
2834.0
 20
9283.0194
 10
3188.0
 20
9283.0194
 10
3188.0
 20
9510.0193
 10
2834.0
 20
9510.0193
  0
LWPOLYLINE
  5
230
330
17
100
AcDbEntity
  8
STOU
100
AcDbPolyline
 90
4
 70
1
 10
2875.1001
 20
9318.5194
 10
2899.1
 20
9318.5194
 10
2899.1
 20
9330.5194
 10
2875.1001
 20
9330.5194
  0
LWPOLYLINE
  5
231
330
17
100
AcDbEntity
  8
STOU
100
AcDbPolyline
 90
4
 70
1
 10
2875.1001
 20
9462.5193
 10
2899.1
 20
9462.5193
 10
2899.1
 20
9474.5194
 10
2875.1001
 20
9474.5194
  0
LWPOLYLINE
  5
232
330
17
100
AcDbEntity
  8
STOU
100
AcDbPolyline
 90
4
 70
1
 10
2956.52
 20
9318.5194
 10
2980.52
 20
9318.5194
 10
2980.52
 20
9330.5194
 10
2956.52
 20
9330.5194
  0
LWPOLYLINE
  5
233
330
17
100
AcDbEntity
  8
STOU
100
AcDbPolyline
 90
4
 70
1
 10
2956.52
 20
9462.5193
 10
2980.52
 20
9462.5193
 10
2980.52
 20
9474.5194
 10
2956.52
 20
9474.5194
  0
LWPOLYLINE
  5
234
330
17
100
AcDbEntity
  8
STOU
100
AcDbPolyline
 90
4
 70
1
 10
3041.48
 20
9318.5194
 10
3065.48
 20
9318.5194
 10
3065.48
 20
9330.5194
 10
3041.48
 20
9330.5194
  0
LWPOLYLINE
  5
235
330
17
100
AcDbEntity
  8
STOU
100
AcDbPolyline
 90
4
 70
1
 10
3041.48
 20
9462.5193
 10
3065.48
 20
9462.5193
 10
3065.48
 20
9474.5194
 10
3041.48
 20
9474.5194
  0
LWPOLYLINE
  5
236
330
17
100
AcDbEntity
  8
STOU
100
AcDbPolyline
 90
4
 70
1
 10
3122.8999
 20
9318.5194
 10
3146.9001
 20
9318.5194
 10
3146.9001
 20
9330.5194
 10
3122.8999
 20
9330.5194
  0
LWPOLYLINE
  5
237
330
17
100
AcDbEntity
  8
STOU
100
AcDbPolyline
 90
4
 70
1
 10
3122.8999
 20
9462.5193
 10
3146.9001
 20
9462.5193
 10
3146.9001
 20
9474.5194
 10
3122.8999
 20
9474.5194
  0
LWPOLYLINE
  5
238
330
17
100
AcDbEntity
  8
STOU
100
AcDbPolyline
 90
4
 70
1
 10
3001.0
 20
9340.5194
 10
3021.0
 20
9340.5194
 10
3021.0
 20
9356.5194
 10
3001.0
 20
9356.5194
  0
LWPOLYLINE
  5
239
330
17
100
AcDbEntity
  8
STOU
100
AcDbPolyline
 90
4
 70
1
 10
3001.0
 20
9364.5194
 10
3021.0
 20
9364.5194
 10
3021.0
 20
9380.5194
 10
3001.0
 20
9380.5194
  0
LWPOLYLINE
  5
23A
330
17
100
AcDbEntity
  8
STOU
100
AcDbPolyline
 90
4
 70
1
 10
3001.0
 20
9388.5193
 10
3021.0
 20
9388.5193
 10
3021.0
 20
9404.5194
 10
3001.0
 20
9404.5194
  0
LWPOLYLINE
  5
23B
330
17
100
AcDbEntity
  8
STOU
100
AcDbPolyline
 90
4
 70
1
 10
3001.0
 20
9412.5194
 10
3021.0
 20
9412.5194
 10
3021.0
 20
9428.5194
 10
3001.0
 20
9428.5194
  0
LWPOLYLINE
  5
23C
330
17
100
AcDbEntity
  8
STOU
100
AcDbPolyline
 90
4
 70
1
 10
3001.0
 20
9436.5194
 10
3021.0
 20
9436.5194
 10
3021.0
 20
9452.5194
 10
3001.0
 20
9452.5194
  0
LWPOLYLINE
  5
23D
330
17
100
AcDbEntity
  8
STOU
100
AcDbPolyline
 90
4
 70
1
 10
2854.0
 20
9303.0193
 10
3168.0
 20
9303.0193
 10
3168.0
 20
9490.0194
 10
2854.0
 20
9490.0194
  0
LWPOLYLINE
  5
23E
330
17
100
AcDbEntity
  8
STOU
100
AcDbPolyline
 90
4
 70
1
 10
2933.9999
 20
9358.4194
 10
3064.0
 20
9358.4194
 10
3064.0
 20
9434.6194
 10
2933.9999
 20
9434.6194
  0
LWPOLYLINE
  5
23F
330
17
100
AcDbEntity
  8
STOU
100
AcDbPolyline
 90
4
 70
1
 10
2983.3999
 20
9384.5194
 10
3014.5999
 20
9384.5194
 10
3014.5999
 20
9408.5194
 10
2983.3999
 20
9408.5194
  0
LWPOLYLINE
  5
240
330
17
100
AcDbEntity
  8
STOU
100
AcDbPolyline
 90
4
 70
1
 10
3062.0002
 20
9367.5194
 10
3120.0
 20
9367.5194
 10
3120.0
 20
9425.5193
 10
3062.0002
 20
9425.5193
  0
LWPOLYLINE
  5
241
330
17
100
AcDbEntity
  8
STOU
100
AcDbPolyline
 90
4
 70
1
 10
3983.9998
 20
9283.0194
 10
4337.9998
 20
9283.0194
 10
4337.9998
 20
9510.0193
 10
3983.9998
 20
9510.0193
  0
LWPOLYLINE
  5
242
330
17
100
AcDbEntity
  8
STOU
100
AcDbPolyline
 90
4
 70
1
 10
4025.0999
 20
9318.5194
 10
4049.0999
 20
9318.5194
 10
4049.0999
 20
9330.5194
 10
4025.0999
 20
9330.5194
  0
LWPOLYLINE
  5
243
330
17
100
AcDbEntity
  8
STOU
100
AcDbPolyline
 90
4
 70
1
 10
4025.0999
 20
9462.5193
 10
4049.0999
 20
9462.5193
 10
4049.0999
 20
9474.5194
 10
4025.0999
 20
9474.5194
  0
LWPOLYLINE
  5
244
330
17
100
AcDbEntity
  8
STOU
100
AcDbPolyline
 90
4
 70
1
 10
4106.5198
 20
9318.5194
 10
4130.5198
 20
9318.5194
 10
4130.5198
 20
9330.5194
 10
4106.5198
 20
9330.5194
  0
LWPOLYLINE
  5
245
330
17
100
AcDbEntity
  8
STOU
100
AcDbPolyline
 90
4
 70
1
 10
4106.5198
 20
9462.5193
 10
4130.5198
 20
9462.5193
 10
4130.5198
 20
9474.5194
 10
4106.5198
 20
9474.5194
  0
LWPOLYLINE
  5
246
330
17
100
AcDbEntity
  8
STOU
100
AcDbPolyline
 90
4
 70
1
 10
4191.4797
 20
9318.5194
 10
4215.4797
 20
9318.5194
 10
4215.4797
 20
9330.5194
 10
4191.4797
 20
9330.5194
  0
LWPOLYLINE
  5
247
330
17
100
AcDbEntity
  8
STOU
100
AcDbPolyline
 90
4
 70
1
 10
4191.4797
 20
9462.5193
 10
4215.4797
 20
9462.5193
 10
4215.4797
 20
9474.5194
 10
4191.4797
 20
9474.5194
  0
LWPOLYLINE
  5
248
330
17
100
AcDbEntity
  8
STOU
100
AcDbPolyline
 90
4
 70
1
 10
4272.8997
 20
9318.5194
 10
4296.8997
 20
9318.5194
 10
4296.8997
 20
9330.5194
 10
4272.8997
 20
9330.5194
  0
LWPOLYLINE
  5
249
330
17
100
AcDbEntity
  8
STOU
100
AcDbPolyline
 90
4
 70
1
 10
4272.8997
 20
9462.5193
 10
4296.8997
 20
9462.5193
 10
4296.8997
 20
9474.5194
 10
4272.8997
 20
9474.5194
  0
LWPOLYLINE
  5
24A
330
17
100
AcDbEntity
  8
STOU
100
AcDbPolyline
 90
4
 70
1
 10
4150.9998
 20
9340.5194
 10
4171.0
 20
9340.5194
 10
4171.0
 20
9356.5194
 10
4150.9998
 20
9356.5194
  0
LWPOLYLINE
  5
24B
330
17
100
AcDbEntity
  8
STOU
100
AcDbPolyline
 90
4
 70
1
 10
4150.9998
 20
9364.5194
 10
4171.0
 20
9364.5194
 10
4171.0
 20
9380.5194
 10
4150.9998
 20
9380.5194
  0
LWPOLYLINE
  5
24C
330
17
100
AcDbEntity
  8
STOU
100
AcDbPolyline
 90
4
 70
1
 10
4150.9998
 20
9388.5193
 10
4171.0
 20
9388.5193
 10
4171.0
 20
9404.5194
 10
4150.9998
 20
9404.5194
  0
LWPOLYLINE
  5
24D
330
17
100
AcDbEntity
  8
STOU
100
AcDbPolyline
 90
4
 70
1
 10
4150.9998
 20
9412.5194
 10
4171.0
 20
9412.5194
 10
4171.0
 20
9428.5194
 10
4150.9998
 20
9428.5194
  0
LWPOLYLINE
  5
24E
330
17
100
AcDbEntity
  8
STOU
100
AcDbPolyline
 90
4
 70
1
 10
4150.9998
 20
9436.5194
 10
4171.0
 20
9436.5194
 10
4171.0
 20
9452.5194
 10
4150.9998
 20
9452.5194
  0
LWPOLYLINE
  5
24F
330
17
100
AcDbEntity
  8
STOU
100
AcDbPolyline
 90
4
 70
1
 10
4003.9998
 20
9303.0193
 10
4317.9998
 20
9303.0193
 10
4317.9998
 20
9490.0194
 10
4003.9998
 20
9490.0194
  0
LWPOLYLINE
  5
250
330
17
100
AcDbEntity
  8
STOU
100
AcDbPolyline
 90
4
 70
1
 10
4083.9998
 20
9358.4194
 10
4214.0
 20
9358.4194
 10
4214.0
 20
9434.6194
 10
4083.9998
 20
9434.6194
  0
LWPOLYLINE
  5
251
330
17
100
AcDbEntity
  8
STOU
100
AcDbPolyline
 90
4
 70
1
 10
4133.3999
 20
9384.5194
 10
4164.5999
 20
9384.5194
 10
4164.5999
 20
9408.5194
 10
4133.3999
 20
9408.5194
  0
LWPOLYLINE
  5
252
330
17
100
AcDbEntity
  8
STOU
100
AcDbPolyline
 90
4
 70
1
 10
4002.0
 20
9367.5194
 10
4059.9998
 20
9367.5194
 10
4059.9998
 20
9425.5193
 10
4002.0
 20
9425.5193
  0
LWPOLYLINE
  5
253
330
17
100
AcDbEntity
  8
STOU
100
AcDbPolyline
 90
4
 70
1
 10
5133.9995
 20
9283.0194
 10
5488.0
 20
9283.0194
 10
5488.0
 20
9510.0193
 10
5133.9995
 20
9510.0193
  0
LWPOLYLINE
  5
254
330
17
100
AcDbEntity
  8
STOU
100
AcDbPolyline
 90
4
 70
1
 10
5175.0996
 20
9318.5194
 10
5199.1001
 20
9318.5194
 10
5199.1001
 20
9330.5194
 10
5175.0996
 20
9330.5194
  0
LWPOLYLINE
  5
255
330
17
100
AcDbEntity
  8
STOU
100
AcDbPolyline
 90
4
 70
1
 10
5175.0996
 20
9462.5193
 10
5199.1001
 20
9462.5193
 10
5199.1001
 20
9474.5194
 10
5175.0996
 20
9474.5194
  0
LWPOLYLINE
  5
256
330
17
100
AcDbEntity
  8
STOU
100
AcDbPolyline
 90
4
 70
1
 10
5256.5195
 20
9318.5194
 10
5280.52
 20
9318.5194
 10
5280.52
 20
9330.5194
 10
5256.5195
 20
9330.5194
  0
LWPOLYLINE
  5
257
330
17
100
AcDbEntity
  8
STOU
100
AcDbPolyline
 90
4
 70
1
 10
5256.5195
 20
9462.5193
 10
5280.52
 20
9462.5193
 10
5280.52
 20
9474.5194
 10
5256.5195
 20
9474.5194
  0
LWPOLYLINE
  5
258
330
17
100
AcDbEntity
  8
STOU
100
AcDbPolyline
 90
4
 70
1
 10
5341.4795
 20
9318.5194
 10
5365.48
 20
9318.5194
 10
5365.48
 20
9330.5194
 10
5341.4795
 20
9330.5194
  0
LWPOLYLINE
  5
259
330
17
100
AcDbEntity
  8
STOU
100
AcDbPolyline
 90
4
 70
1
 10
5341.4795
 20
9462.5193
 10
5365.48
 20
9462.5193
 10
5365.48
 20
9474.5194
 10
5341.4795
 20
9474.5194
  0
LWPOLYLINE
  5
25A
330
17
100
AcDbEntity
  8
STOU
100
AcDbPolyline
 90
4
 70
1
 10
5422.8994
 20
9318.5194
 10
5446.8999
 20
9318.5194
 10
5446.8999
 20
9330.5194
 10
5422.8994
 20
9330.5194
  0
LWPOLYLINE
  5
25B
330
17
100
AcDbEntity
  8
STOU
100
AcDbPolyline
 90
4
 70
1
 10
5422.8994
 20
9462.5193
 10
5446.8999
 20
9462.5193
 10
5446.8999
 20
9474.5194
 10
5422.8994
 20
9474.5194
  0
LWPOLYLINE
  5
25C
330
17
100
AcDbEntity
  8
STOU
100
AcDbPolyline
 90
4
 70
1
 10
5301.0
 20
9340.5194
 10
5321.0
 20
9340.5194
 10
5321.0
 20
9356.5194
 10
5301.0
 20
9356.5194
  0
LWPOLYLINE
  5
25D
330
17
100
AcDbEntity
  8
STOU
100
AcDbPolyline
 90
4
 70
1
 10
5301.0
 20
9364.5194
 10
5321.0
 20
9364.5194
 10
5321.0
 20
9380.5194
 10
5301.0
 20
9380.5194
  0
LWPOLYLINE
  5
25E
330
17
100
AcDbEntity
  8
STOU
100
AcDbPolyline
 90
4
 70
1
 10
5301.0
 20
9388.5193
 10
5321.0
 20
9388.5193
 10
5321.0
 20
9404.5194
 10
5301.0
 20
9404.5194
  0
LWPOLYLINE
  5
25F
330
17
100
AcDbEntity
  8
STOU
100
AcDbPolyline
 90
4
 70
1
 10
5301.0
 20
9412.5194
 10
5321.0
 20
9412.5194
 10
5321.0
 20
9428.5194
 10
5301.0
 20
9428.5194
  0
LWPOLYLINE
  5
260
330
17
100
AcDbEntity
  8
STOU
100
AcDbPolyline
 90
4
 70
1
 10
5301.0
 20
9436.5194
 10
5321.0
 20
9436.5194
 10
5321.0
 20
9452.5194
 10
5301.0
 20
9452.5194
  0
LWPOLYLINE
  5
261
330
17
100
AcDbEntity
  8
STOU
100
AcDbPolyline
 90
4
 70
1
 10
5153.9995
 20
9303.0193
 10
5468.0
 20
9303.0193
 10
5468.0
 20
9490.0194
 10
5153.9995
 20
9490.0194
  0
LWPOLYLINE
  5
262
330
17
100
AcDbEntity
  8
STOU
100
AcDbPolyline
 90
4
 70
1
 10
5233.9995
 20
9358.4194
 10
5363.9995
 20
9358.4194
 10
5363.9995
 20
9434.6194
 10
5233.9995
 20
9434.6194
  0
LWPOLYLINE
  5
263
330
17
100
AcDbEntity
  8
STOU
100
AcDbPolyline
 90
4
 70
1
 10
5283.3999
 20
9384.5194
 10
5314.6001
 20
9384.5194
 10
5314.6001
 20
9408.5194
 10
5283.3999
 20
9408.5194
  0
LWPOLYLINE
  5
264
330
17
100
AcDbEntity
  8
STOU
100
AcDbPolyline
 90
4
 70
1
 10
5362.0
 20
9367.5194
 10
5420.0
 20
9367.5194
 10
5420.0
 20
9425.5193
 10
5362.0
 20
9425.5193
  0
LWPOLYLINE
  5
265
330
17
100
AcDbEntity
  8
STOU
100
AcDbPolyline
 90
4
 70
1
 10
6384.0
 20
9283.0194
 10
6738.0
 20
9283.0194
 10
6738.0
 20
9510.0193
 10
6384.0
 20
9510.0193
  0
LWPOLYLINE
  5
266
330
17
100
AcDbEntity
  8
STOU
100
AcDbPolyline
 90
4
 70
1
 10
6425.1001
 20
9318.5194
 10
6449.1001
 20
9318.5194
 10
6449.1001
 20
9330.5194
 10
6425.1001
 20
9330.5194
  0
LWPOLYLINE
  5
267
330
17
100
AcDbEntity
  8
STOU
100
AcDbPolyline
 90
4
 70
1
 10
6425.1001
 20
9462.5193
 10
6449.1001
 20
9462.5193
 10
6449.1001
 20
9474.5194
 10
6425.1001
 20
9474.5194
  0
LWPOLYLINE
  5
268
330
17
100
AcDbEntity
  8
STOU
100
AcDbPolyline
 90
4
 70
1
 10
6506.52
 20
9318.5194
 10
6530.52
 20
9318.5194
 10
6530.52
 20
9330.5194
 10
6506.52
 20
9330.5194
  0
LWPOLYLINE
  5
269
330
17
100
AcDbEntity
  8
STOU
100
AcDbPolyline
 90
4
 70
1
 10
6506.52
 20
9462.5193
 10
6530.52
 20
9462.5193
 10
6530.52
 20
9474.5194
 10
6506.52
 20
9474.5194
  0
LWPOLYLINE
  5
26A
330
17
100
AcDbEntity
  8
STOU
100
AcDbPolyline
 90
4
 70
1
 10
6591.48
 20
9318.5194
 10
6615.48
 20
9318.5194
 10
6615.48
 20
9330.5194
 10
6591.48
 20
9330.5194
  0
LWPOLYLINE
  5
26B
330
17
100
AcDbEntity
  8
STOU
100
AcDbPolyline
 90
4
 70
1
 10
6591.48
 20
9462.5193
 10
6615.48
 20
9462.5193
 10
6615.48
 20
9474.5194
 10
6591.48
 20
9474.5194
  0
LWPOLYLINE
  5
26C
330
17
100
AcDbEntity
  8
STOU
100
AcDbPolyline
 90
4
 70
1
 10
6672.8999
 20
9318.5194
 10
6696.8999
 20
9318.5194
 10
6696.8999
 20
9330.5194
 10
6672.8999
 20
9330.5194
  0
LWPOLYLINE
  5
26D
330
17
100
AcDbEntity
  8
STOU
100
AcDbPolyline
 90
4
 70
1
 10
6672.8999
 20
9462.5193
 10
6696.8999
 20
9462.5193
 10
6696.8999
 20
9474.5194
 10
6672.8999
 20
9474.5194
  0
LWPOLYLINE
  5
26E
330
17
100
AcDbEntity
  8
STOU
100
AcDbPolyline
 90
4
 70
1
 10
6551.0
 20
9340.5194
 10
6571.0
 20
9340.5194
 10
6571.0
 20
9356.5194
 10
6551.0
 20
9356.5194
  0
LWPOLYLINE
  5
26F
330
17
100
AcDbEntity
  8
STOU
100
AcDbPolyline
 90
4
 70
1
 10
6551.0
 20
9364.5194
 10
6571.0
 20
9364.5194
 10
6571.0
 20
9380.5194
 10
6551.0
 20
9380.5194
  0
LWPOLYLINE
  5
270
330
17
100
AcDbEntity
  8
STOU
100
AcDbPolyline
 90
4
 70
1
 10
6551.0
 20
9388.5193
 10
6571.0
 20
9388.5193
 10
6571.0
 20
9404.5194
 10
6551.0
 20
9404.5194
  0
LWPOLYLINE
  5
271
330
17
100
AcDbEntity
  8
STOU
100
AcDbPolyline
 90
4
 70
1
 10
6551.0
 20
9412.5194
 10
6571.0
 20
9412.5194
 10
6571.0
 20
9428.5194
 10
6551.0
 20
9428.5194
  0
LWPOLYLINE
  5
272
330
17
100
AcDbEntity
  8
STOU
100
AcDbPolyline
 90
4
 70
1
 10
6551.0
 20
9436.5194
 10
6571.0
 20
9436.5194
 10
6571.0
 20
9452.5194
 10
6551.0
 20
9452.5194
  0
LWPOLYLINE
  5
273
330
17
100
AcDbEntity
  8
STOU
100
AcDbPolyline
 90
4
 70
1
 10
6404.0
 20
9303.0193
 10
6718.0
 20
9303.0193
 10
6718.0
 20
9490.0194
 10
6404.0
 20
9490.0194
  0
LWPOLYLINE
  5
274
330
17
100
AcDbEntity
  8
STOU
100
AcDbPolyline
 90
4
 70
1
 10
6484.0
 20
9358.4194
 10
6614.0
 20
9358.4194
 10
6614.0
 20
9434.6194
 10
6484.0
 20
9434.6194
  0
LWPOLYLINE
  5
275
330
17
100
AcDbEntity
  8
STOU
100
AcDbPolyline
 90
4
 70
1
 10
6533.3999
 20
9384.5194
 10
6564.6001
 20
9384.5194
 10
6564.6001
 20
9408.5194
 10
6533.3999
 20
9408.5194
  0
LWPOLYLINE
  5
276
330
17
100
AcDbEntity
  8
STOU
100
AcDbPolyline
 90
4
 70
1
 10
6612.0
 20
9367.5194
 10
6670.0
 20
9367.5194
 10
6670.0
 20
9425.5193
 10
6612.0
 20
9425.5193
  0
LWPOLYLINE
  5
277
330
17
100
AcDbEntity
  8
STOU
100
AcDbPolyline
 90
4
 70
1
 10
6984.0
 20
9283.0194
 10
7338.0
 20
9283.0194
 10
7338.0
 20
9510.0193
 10
6984.0
 20
9510.0193
  0
LWPOLYLINE
  5
278
330
17
100
AcDbEntity
  8
STOU
100
AcDbPolyline
 90
4
 70
1
 10
7025.1001
 20
9318.5194
 10
7049.0996
 20
9318.5194
 10
7049.0996
 20
9330.5194
 10
7025.1001
 20
9330.5194
  0
LWPOLYLINE
  5
279
330
17
100
AcDbEntity
  8
STOU
100
AcDbPolyline
 90
4
 70
1
 10
7025.1001
 20
9462.5193
 10
7049.0996
 20
9462.5193
 10
7049.0996
 20
9474.5194
 10
7025.1001
 20
9474.5194
  0
LWPOLYLINE
  5
27A
330
17
100
AcDbEntity
  8
STOU
100
AcDbPolyline
 90
4
 70
1
 10
7106.52
 20
9318.5194
 10
7130.5195
 20
9318.5194
 10
7130.5195
 20
9330.5194
 10
7106.52
 20
9330.5194
  0
LWPOLYLINE
  5
27B
330
17
100
AcDbEntity
  8
STOU
100
AcDbPolyline
 90
4
 70
1
 10
7106.52
 20
9462.5193
 10
7130.5195
 20
9462.5193
 10
7130.5195
 20
9474.5194
 10
7106.52
 20
9474.5194
  0
LWPOLYLINE
  5
27C
330
17
100
AcDbEntity
  8
STOU
100
AcDbPolyline
 90
4
 70
1
 10
7191.48
 20
9318.5194
 10
7215.4805
 20
9318.5194
 10
7215.4805
 20
9330.5194
 10
7191.48
 20
9330.5194
  0
LWPOLYLINE
  5
27D
330
17
100
AcDbEntity
  8
STOU
100
AcDbPolyline
 90
4
 70
1
 10
7191.48
 20
9462.5193
 10
7215.4805
 20
9462.5193
 10
7215.4805
 20
9474.5194
 10
7191.48
 20
9474.5194
  0
LWPOLYLINE
  5
27E
330
17
100
AcDbEntity
  8
STOU
100
AcDbPolyline
 90
4
 70
1
 10
7272.8999
 20
9318.5194
 10
7296.9004
 20
9318.5194
 10
7296.9004
 20
9330.5194
 10
7272.8999
 20
9330.5194
  0
LWPOLYLINE
  5
27F
330
17
100
AcDbEntity
  8
STOU
100
AcDbPolyline
 90
4
 70
1
 10
7272.8999
 20
9462.5193
 10
7296.9004
 20
9462.5193
 10
7296.9004
 20
9474.5194
 10
7272.8999
 20
9474.5194
  0
LWPOLYLINE
  5
280
330
17
100
AcDbEntity
  8
STOU
100
AcDbPolyline
 90
4
 70
1
 10
7151.0
 20
9340.5194
 10
7171.0
 20
9340.5194
 10
7171.0
 20
9356.5194
 10
7151.0
 20
9356.5194
  0
LWPOLYLINE
  5
281
330
17
100
AcDbEntity
  8
STOU
100
AcDbPolyline
 90
4
 70
1
 10
7151.0
 20
9364.5194
 10
7171.0
 20
9364.5194
 10
7171.0
 20
9380.5194
 10
7151.0
 20
9380.5194
  0
LWPOLYLINE
  5
282
330
17
100
AcDbEntity
  8
STOU
100
AcDbPolyline
 90
4
 70
1
 10
7151.0
 20
9388.5193
 10
7171.0
 20
9388.5193
 10
7171.0
 20
9404.5194
 10
7151.0
 20
9404.5194
  0
LWPOLYLINE
  5
283
330
17
100
AcDbEntity
  8
STOU
100
AcDbPolyline
 90
4
 70
1
 10
7151.0
 20
9412.5194
 10
7171.0
 20
9412.5194
 10
7171.0
 20
9428.5194
 10
7151.0
 20
9428.5194
  0
LWPOLYLINE
  5
284
330
17
100
AcDbEntity
  8
STOU
100
AcDbPolyline
 90
4
 70
1
 10
7151.0
 20
9436.5194
 10
7171.0
 20
9436.5194
 10
7171.0
 20
9452.5194
 10
7151.0
 20
9452.5194
  0
LWPOLYLINE
  5
285
330
17
100
AcDbEntity
  8
STOU
100
AcDbPolyline
 90
4
 70
1
 10
7004.0
 20
9303.0193
 10
7318.0
 20
9303.0193
 10
7318.0
 20
9490.0194
 10
7004.0
 20
9490.0194
  0
LWPOLYLINE
  5
286
330
17
100
AcDbEntity
  8
STOU
100
AcDbPolyline
 90
4
 70
1
 10
7084.0
 20
9358.4194
 10
7214.0
 20
9358.4194
 10
7214.0
 20
9434.6194
 10
7084.0
 20
9434.6194
  0
LWPOLYLINE
  5
287
330
17
100
AcDbEntity
  8
STOU
100
AcDbPolyline
 90
4
 70
1
 10
7133.3999
 20
9384.5194
 10
7164.5996
 20
9384.5194
 10
7164.5996
 20
9408.5194
 10
7133.3999
 20
9408.5194
  0
LWPOLYLINE
  5
288
330
17
100
AcDbEntity
  8
STOU
100
AcDbPolyline
 90
4
 70
1
 10
7212.0005
 20
9367.5194
 10
7270.0005
 20
9367.5194
 10
7270.0005
 20
9425.5193
 10
7212.0005
 20
9425.5193
  0
LWPOLYLINE
  5
289
330
17
100
AcDbEntity
  8
STOU
100
AcDbPolyline
 90
4
 70
1
 10
7584.0
 20
9283.0194
 10
7938.0
 20
9283.0194
 10
7938.0
 20
9510.0193
 10
7584.0
 20
9510.0193
  0
LWPOLYLINE
  5
28A
330
17
100
AcDbEntity
  8
STOU
100
AcDbPolyline
 90
4
 70
1
 10
7625.1001
 20
9318.5194
 10
7649.1001
 20
9318.5194
 10
7649.1001
 20
9330.5194
 10
7625.1001
 20
9330.5194
  0
LWPOLYLINE
  5
28B
330
17
100
AcDbEntity
  8
STOU
100
AcDbPolyline
 90
4
 70
1
 10
7625.1001
 20
9462.5193
 10
7649.1001
 20
9462.5193
 10
7649.1001
 20
9474.5194
 10
7625.1001
 20
9474.5194
  0
LWPOLYLINE
  5
28C
330
17
100
AcDbEntity
  8
STOU
100
AcDbPolyline
 90
4
 70
1
 10
7706.5205
 20
9318.5194
 10
7730.52
 20
9318.5194
 10
7730.52
 20
9330.5194
 10
7706.5205
 20
9330.5194
  0
LWPOLYLINE
  5
28D
330
17
100
AcDbEntity
  8
STOU
100
AcDbPolyline
 90
4
 70
1
 10
7706.5205
 20
9462.5193
 10
7730.52
 20
9462.5193
 10
7730.52
 20
9474.5194
 10
7706.5205
 20
9474.5194
  0
LWPOLYLINE
  5
28E
330
17
100
AcDbEntity
  8
STOU
100
AcDbPolyline
 90
4
 70
1
 10
7791.4805
 20
9318.5194
 10
7815.48
 20
9318.5194
 10
7815.48
 20
9330.5194
 10
7791.4805
 20
9330.5194
  0
LWPOLYLINE
  5
28F
330
17
100
AcDbEntity
  8
STOU
100
AcDbPolyline
 90
4
 70
1
 10
7791.4805
 20
9462.5193
 10
7815.48
 20
9462.5193
 10
7815.48
 20
9474.5194
 10
7791.4805
 20
9474.5194
  0
LWPOLYLINE
  5
290
330
17
100
AcDbEntity
  8
STOU
100
AcDbPolyline
 90
4
 70
1
 10
7872.9004
 20
9318.5194
 10
7896.8999
 20
9318.5194
 10
7896.8999
 20
9330.5194
 10
7872.9004
 20
9330.5194
  0
LWPOLYLINE
  5
291
330
17
100
AcDbEntity
  8
STOU
100
AcDbPolyline
 90
4
 70
1
 10
7872.9004
 20
9462.5193
 10
7896.8999
 20
9462.5193
 10
7896.8999
 20
9474.5194
 10
7872.9004
 20
9474.5194
  0
LWPOLYLINE
  5
292
330
17
100
AcDbEntity
  8
STOU
100
AcDbPolyline
 90
4
 70
1
 10
7751.0005
 20
9340.5194
 10
7771.0005
 20
9340.5194
 10
7771.0005
 20
9356.5194
 10
7751.0005
 20
9356.5194
  0
LWPOLYLINE
  5
293
330
17
100
AcDbEntity
  8
STOU
100
AcDbPolyline
 90
4
 70
1
 10
7751.0005
 20
9364.5194
 10
7771.0005
 20
9364.5194
 10
7771.0005
 20
9380.5194
 10
7751.0005
 20
9380.5194
  0
LWPOLYLINE
  5
294
330
17
100
AcDbEntity
  8
STOU
100
AcDbPolyline
 90
4
 70
1
 10
7751.0005
 20
9388.5193
 10
7771.0005
 20
9388.5193
 10
7771.0005
 20
9404.5194
 10
7751.0005
 20
9404.5194
  0
LWPOLYLINE
  5
295
330
17
100
AcDbEntity
  8
STOU
100
AcDbPolyline
 90
4
 70
1
 10
7751.0005
 20
9412.5194
 10
7771.0005
 20
9412.5194
 10
7771.0005
 20
9428.5194
 10
7751.0005
 20
9428.5194
  0
LWPOLYLINE
  5
296
330
17
100
AcDbEntity
  8
STOU
100
AcDbPolyline
 90
4
 70
1
 10
7751.0005
 20
9436.5194
 10
7771.0005
 20
9436.5194
 10
7771.0005
 20
9452.5194
 10
7751.0005
 20
9452.5194
  0
LWPOLYLINE
  5
297
330
17
100
AcDbEntity
  8
STOU
100
AcDbPolyline
 90
4
 70
1
 10
7604.0
 20
9303.0193
 10
7918.0
 20
9303.0193
 10
7918.0
 20
9490.0194
 10
7604.0
 20
9490.0194
  0
LWPOLYLINE
  5
298
330
17
100
AcDbEntity
  8
STOU
100
AcDbPolyline
 90
4
 70
1
 10
7684.0005
 20
9358.4194
 10
7814.0
 20
9358.4194
 10
7814.0
 20
9434.6194
 10
7684.0005
 20
9434.6194
  0
LWPOLYLINE
  5
299
330
17
100
AcDbEntity
  8
STOU
100
AcDbPolyline
 90
4
 70
1
 10
7733.4004
 20
9384.5194
 10
7764.6001
 20
9384.5194
 10
7764.6001
 20
9408.5194
 10
7733.4004
 20
9408.5194
  0
LWPOLYLINE
  5
29A
330
17
100
AcDbEntity
  8
STOU
100
AcDbPolyline
 90
4
 70
1
 10
7812.0
 20
9367.5194
 10
7870.0005
 20
9367.5194
 10
7870.0005
 20
9425.5193
 10
7812.0
 20
9425.5193
  0
LWPOLYLINE
  5
29B
330
17
100
AcDbEntity
  8
STOU
100
AcDbPolyline
 90
4
 70
1
 10
8834.0
 20
9283.0194
 10
9188.0
 20
9283.0194
 10
9188.0
 20
9510.0193
 10
8834.0
 20
9510.0193
  0
LWPOLYLINE
  5
29C
330
17
100
AcDbEntity
  8
STOU
100
AcDbPolyline
 90
4
 70
1
 10
8875.1001
 20
9318.5194
 10
8899.1001
 20
9318.5194
 10
8899.1001
 20
9330.5194
 10
8875.1001
 20
9330.5194
  0
LWPOLYLINE
  5
29D
330
17
100
AcDbEntity
  8
STOU
100
AcDbPolyline
 90
4
 70
1
 10
8875.1001
 20
9462.5193
 10
8899.1001
 20
9462.5193
 10
8899.1001
 20
9474.5194
 10
8875.1001
 20
9474.5194
  0
LWPOLYLINE
  5
29E
330
17
100
AcDbEntity
  8
STOU
100
AcDbPolyline
 90
4
 70
1
 10
8956.520499999999
 20
9318.5194
 10
8980.5195
 20
9318.5194
 10
8980.5195
 20
9330.5194
 10
8956.520499999999
 20
9330.5194
  0
LWPOLYLINE
  5
29F
330
17
100
AcDbEntity
  8
STOU
100
AcDbPolyline
 90
4
 70
1
 10
8956.520499999999
 20
9462.5193
 10
8980.5195
 20
9462.5193
 10
8980.5195
 20
9474.5194
 10
8956.520499999999
 20
9474.5194
  0
LWPOLYLINE
  5
2A0
330
17
100
AcDbEntity
  8
STOU
100
AcDbPolyline
 90
4
 70
1
 10
9041.4805
 20
9318.5194
 10
9065.479500000001
 20
9318.5194
 10
9065.479500000001
 20
9330.5194
 10
9041.4805
 20
9330.5194
  0
LWPOLYLINE
  5
2A1
330
17
100
AcDbEntity
  8
STOU
100
AcDbPolyline
 90
4
 70
1
 10
9041.4805
 20
9462.5193
 10
9065.479500000001
 20
9462.5193
 10
9065.479500000001
 20
9474.5194
 10
9041.4805
 20
9474.5194
  0
LWPOLYLINE
  5
2A2
330
17
100
AcDbEntity
  8
STOU
100
AcDbPolyline
 90
4
 70
1
 10
9122.9004
 20
9318.5194
 10
9146.8994
 20
9318.5194
 10
9146.8994
 20
9330.5194
 10
9122.9004
 20
9330.5194
  0
LWPOLYLINE
  5
2A3
330
17
100
AcDbEntity
  8
STOU
100
AcDbPolyline
 90
4
 70
1
 10
9122.9004
 20
9462.5193
 10
9146.8994
 20
9462.5193
 10
9146.8994
 20
9474.5194
 10
9122.9004
 20
9474.5194
  0
LWPOLYLINE
  5
2A4
330
17
100
AcDbEntity
  8
STOU
100
AcDbPolyline
 90
4
 70
1
 10
9001.0
 20
9340.5194
 10
9021.0005
 20
9340.5194
 10
9021.0005
 20
9356.5194
 10
9001.0
 20
9356.5194
  0
LWPOLYLINE
  5
2A5
330
17
100
AcDbEntity
  8
STOU
100
AcDbPolyline
 90
4
 70
1
 10
9001.0
 20
9364.5194
 10
9021.0005
 20
9364.5194
 10
9021.0005
 20
9380.5194
 10
9001.0
 20
9380.5194
  0
LWPOLYLINE
  5
2A6
330
17
100
AcDbEntity
  8
STOU
100
AcDbPolyline
 90
4
 70
1
 10
9001.0
 20
9388.5193
 10
9021.0005
 20
9388.5193
 10
9021.0005
 20
9404.5194
 10
9001.0
 20
9404.5194
  0
LWPOLYLINE
  5
2A7
330
17
100
AcDbEntity
  8
STOU
100
AcDbPolyline
 90
4
 70
1
 10
9001.0
 20
9412.5194
 10
9021.0005
 20
9412.5194
 10
9021.0005
 20
9428.5194
 10
9001.0
 20
9428.5194
  0
LWPOLYLINE
  5
2A8
330
17
100
AcDbEntity
  8
STOU
100
AcDbPolyline
 90
4
 70
1
 10
9001.0
 20
9436.5194
 10
9021.0005
 20
9436.5194
 10
9021.0005
 20
9452.5194
 10
9001.0
 20
9452.5194
  0
LWPOLYLINE
  5
2A9
330
17
100
AcDbEntity
  8
STOU
100
AcDbPolyline
 90
4
 70
1
 10
8854.0
 20
9303.0193
 10
9168.0
 20
9303.0193
 10
9168.0
 20
9490.0194
 10
8854.0
 20
9490.0194
  0
LWPOLYLINE
  5
2AA
330
17
100
AcDbEntity
  8
STOU
100
AcDbPolyline
 90
4
 70
1
 10
8934.0005
 20
9358.4194
 10
9063.9995
 20
9358.4194
 10
9063.9995
 20
9434.6194
 10
8934.0005
 20
9434.6194
  0
LWPOLYLINE
  5
2AB
330
17
100
AcDbEntity
  8
STOU
100
AcDbPolyline
 90
4
 70
1
 10
8983.3999
 20
9384.5194
 10
9014.6001
 20
9384.5194
 10
9014.6001
 20
9408.5194
 10
8983.3999
 20
9408.5194
  0
LWPOLYLINE
  5
2AC
330
17
100
AcDbEntity
  8
STOU
100
AcDbPolyline
 90
4
 70
1
 10
9061.9995
 20
9367.5194
 10
9120.0
 20
9367.5194
 10
9120.0
 20
9425.5193
 10
9061.9995
 20
9425.5193
  0
LWPOLYLINE
  5
2AD
330
17
100
AcDbEntity
  8
STOU
100
AcDbPolyline
 90
4
 70
1
 10
9984.0
 20
9283.0194
 10
10338.0
 20
9283.0194
 10
10338.0
 20
9510.0193
 10
9984.0
 20
9510.0193
  0
LWPOLYLINE
  5
2AE
330
17
100
AcDbEntity
  8
STOU
100
AcDbPolyline
 90
4
 70
1
 10
10025.1006
 20
9318.5194
 10
10049.0996
 20
9318.5194
 10
10049.0996
 20
9330.5194
 10
10025.1006
 20
9330.5194
  0
LWPOLYLINE
  5
2AF
330
17
100
AcDbEntity
  8
STOU
100
AcDbPolyline
 90
4
 70
1
 10
10025.1006
 20
9462.5193
 10
10049.0996
 20
9462.5193
 10
10049.0996
 20
9474.5194
 10
10025.1006
 20
9474.5194
  0
LWPOLYLINE
  5
2B0
330
17
100
AcDbEntity
  8
STOU
100
AcDbPolyline
 90
4
 70
1
 10
10106.5205
 20
9318.5194
 10
10130.5205
 20
9318.5194
 10
10130.5205
 20
9330.5194
 10
10106.5205
 20
9330.5194
  0
LWPOLYLINE
  5
2B1
330
17
100
AcDbEntity
  8
STOU
100
AcDbPolyline
 90
4
 70
1
 10
10106.5205
 20
9462.5193
 10
10130.5205
 20
9462.5193
 10
10130.5205
 20
9474.5194
 10
10106.5205
 20
9474.5194
  0
LWPOLYLINE
  5
2B2
330
17
100
AcDbEntity
  8
STOU
100
AcDbPolyline
 90
4
 70
1
 10
10191.4805
 20
9318.5194
 10
10215.4805
 20
9318.5194
 10
10215.4805
 20
9330.5194
 10
10191.4805
 20
9330.5194
  0
LWPOLYLINE
  5
2B3
330
17
100
AcDbEntity
  8
STOU
100
AcDbPolyline
 90
4
 70
1
 10
10191.4805
 20
9462.5193
 10
10215.4805
 20
9462.5193
 10
10215.4805
 20
9474.5194
 10
10191.4805
 20
9474.5194
  0
LWPOLYLINE
  5
2B4
330
17
100
AcDbEntity
  8
STOU
100
AcDbPolyline
 90
4
 70
1
 10
10272.9004
 20
9318.5194
 10
10296.9004
 20
9318.5194
 10
10296.9004
 20
9330.5194
 10
10272.9004
 20
9330.5194
  0
LWPOLYLINE
  5
2B5
330
17
100
AcDbEntity
  8
STOU
100
AcDbPolyline
 90
4
 70
1
 10
10272.9004
 20
9462.5193
 10
10296.9004
 20
9462.5193
 10
10296.9004
 20
9474.5194
 10
10272.9004
 20
9474.5194
  0
LWPOLYLINE
  5
2B6
330
17
100
AcDbEntity
  8
STOU
100
AcDbPolyline
 90
4
 70
1
 10
10150.999
 20
9340.5194
 10
10171.0
 20
9340.5194
 10
10171.0
 20
9356.5194
 10
10150.999
 20
9356.5194
  0
LWPOLYLINE
  5
2B7
330
17
100
AcDbEntity
  8
STOU
100
AcDbPolyline
 90
4
 70
1
 10
10150.999
 20
9364.5194
 10
10171.0
 20
9364.5194
 10
10171.0
 20
9380.5194
 10
10150.999
 20
9380.5194
  0
LWPOLYLINE
  5
2B8
330
17
100
AcDbEntity
  8
STOU
100
AcDbPolyline
 90
4
 70
1
 10
10150.999
 20
9388.5193
 10
10171.0
 20
9388.5193
 10
10171.0
 20
9404.5194
 10
10150.999
 20
9404.5194
  0
LWPOLYLINE
  5
2B9
330
17
100
AcDbEntity
  8
STOU
100
AcDbPolyline
 90
4
 70
1
 10
10150.999
 20
9412.5194
 10
10171.0
 20
9412.5194
 10
10171.0
 20
9428.5194
 10
10150.999
 20
9428.5194
  0
LWPOLYLINE
  5
2BA
330
17
100
AcDbEntity
  8
STOU
100
AcDbPolyline
 90
4
 70
1
 10
10150.999
 20
9436.5194
 10
10171.0
 20
9436.5194
 10
10171.0
 20
9452.5194
 10
10150.999
 20
9452.5194
  0
LWPOLYLINE
  5
2BB
330
17
100
AcDbEntity
  8
STOU
100
AcDbPolyline
 90
4
 70
1
 10
10004.0
 20
9303.0193
 10
10318.0
 20
9303.0193
 10
10318.0
 20
9490.0194
 10
10004.0
 20
9490.0194
  0
LWPOLYLINE
  5
2BC
330
17
100
AcDbEntity
  8
STOU
100
AcDbPolyline
 90
4
 70
1
 10
10084.0
 20
9358.4194
 10
10214.0
 20
9358.4194
 10
10214.0
 20
9434.6194
 10
10084.0
 20
9434.6194
  0
LWPOLYLINE
  5
2BD
330
17
100
AcDbEntity
  8
STOU
100
AcDbPolyline
 90
4
 70
1
 10
10133.3994
 20
9384.5194
 10
10164.5996
 20
9384.5194
 10
10164.5996
 20
9408.5194
 10
10133.3994
 20
9408.5194
  0
LWPOLYLINE
  5
2BE
330
17
100
AcDbEntity
  8
STOU
100
AcDbPolyline
 90
4
 70
1
 10
10211.999
 20
9367.5194
 10
10270.0
 20
9367.5194
 10
10270.0
 20
9425.5193
 10
10211.999
 20
9425.5193
  0
LWPOLYLINE
  5
2BF
330
17
100
AcDbEntity
  8
STOU
100
AcDbPolyline
 90
4
 70
1
 10
11134.0
 20
9283.0194
 10
11488.0
 20
9283.0194
 10
11488.0
 20
9510.0193
 10
11134.0
 20
9510.0193
  0
LWPOLYLINE
  5
2C0
330
17
100
AcDbEntity
  8
STOU
100
AcDbPolyline
 90
4
 70
1
 10
11175.1006
 20
9318.5194
 10
11199.0996
 20
9318.5194
 10
11199.0996
 20
9330.5194
 10
11175.1006
 20
9330.5194
  0
LWPOLYLINE
  5
2C1
330
17
100
AcDbEntity
  8
STOU
100
AcDbPolyline
 90
4
 70
1
 10
11175.1006
 20
9462.5193
 10
11199.0996
 20
9462.5193
 10
11199.0996
 20
9474.5194
 10
11175.1006
 20
9474.5194
  0
LWPOLYLINE
  5
2C2
330
17
100
AcDbEntity
  8
STOU
100
AcDbPolyline
 90
4
 70
1
 10
11256.5205
 20
9318.5194
 10
11280.5195
 20
9318.5194
 10
11280.5195
 20
9330.5194
 10
11256.5205
 20
9330.5194
  0
LWPOLYLINE
  5
2C3
330
17
100
AcDbEntity
  8
STOU
100
AcDbPolyline
 90
4
 70
1
 10
11256.5205
 20
9462.5193
 10
11280.5195
 20
9462.5193
 10
11280.5195
 20
9474.5194
 10
11256.5205
 20
9474.5194
  0
LWPOLYLINE
  5
2C4
330
17
100
AcDbEntity
  8
STOU
100
AcDbPolyline
 90
4
 70
1
 10
11341.4805
 20
9318.5194
 10
11365.4795
 20
9318.5194
 10
11365.4795
 20
9330.5194
 10
11341.4805
 20
9330.5194
  0
LWPOLYLINE
  5
2C5
330
17
100
AcDbEntity
  8
STOU
100
AcDbPolyline
 90
4
 70
1
 10
11341.4805
 20
9462.5193
 10
11365.4795
 20
9462.5193
 10
11365.4795
 20
9474.5194
 10
11341.4805
 20
9474.5194
  0
LWPOLYLINE
  5
2C6
330
17
100
AcDbEntity
  8
STOU
100
AcDbPolyline
 90
4
 70
1
 10
11422.9004
 20
9318.5194
 10
11446.8994
 20
9318.5194
 10
11446.8994
 20
9330.5194
 10
11422.9004
 20
9330.5194
  0
LWPOLYLINE
  5
2C7
330
17
100
AcDbEntity
  8
STOU
100
AcDbPolyline
 90
4
 70
1
 10
11422.9004
 20
9462.5193
 10
11446.8994
 20
9462.5193
 10
11446.8994
 20
9474.5194
 10
11422.9004
 20
9474.5194
  0
LWPOLYLINE
  5
2C8
330
17
100
AcDbEntity
  8
STOU
100
AcDbPolyline
 90
4
 70
1
 10
11301.0
 20
9340.5194
 10
11321.0
 20
9340.5194
 10
11321.0
 20
9356.5194
 10
11301.0
 20
9356.5194
  0
LWPOLYLINE
  5
2C9
330
17
100
AcDbEntity
  8
STOU
100
AcDbPolyline
 90
4
 70
1
 10
11301.0
 20
9364.5194
 10
11321.0
 20
9364.5194
 10
11321.0
 20
9380.5194
 10
11301.0
 20
9380.5194
  0
LWPOLYLINE
  5
2CA
330
17
100
AcDbEntity
  8
STOU
100
AcDbPolyline
 90
4
 70
1
 10
11301.0
 20
9388.5193
 10
11321.0
 20
9388.5193
 10
11321.0
 20
9404.5194
 10
11301.0
 20
9404.5194
  0
LWPOLYLINE
  5
2CB
330
17
100
AcDbEntity
  8
STOU
100
AcDbPolyline
 90
4
 70
1
 10
11301.0
 20
9412.5194
 10
11321.0
 20
9412.5194
 10
11321.0
 20
9428.5194
 10
11301.0
 20
9428.5194
  0
LWPOLYLINE
  5
2CC
330
17
100
AcDbEntity
  8
STOU
100
AcDbPolyline
 90
4
 70
1
 10
11301.0
 20
9436.5194
 10
11321.0
 20
9436.5194
 10
11321.0
 20
9452.5194
 10
11301.0
 20
9452.5194
  0
LWPOLYLINE
  5
2CD
330
17
100
AcDbEntity
  8
STOU
100
AcDbPolyline
 90
4
 70
1
 10
11154.001
 20
9303.0193
 10
11468.0
 20
9303.0193
 10
11468.0
 20
9490.0194
 10
11154.001
 20
9490.0194
  0
LWPOLYLINE
  5
2CE
330
17
100
AcDbEntity
  8
STOU
100
AcDbPolyline
 90
4
 70
1
 10
11234.001
 20
9358.4194
 10
11364.001
 20
9358.4194
 10
11364.001
 20
9434.6194
 10
11234.001
 20
9434.6194
  0
LWPOLYLINE
  5
2CF
330
17
100
AcDbEntity
  8
STOU
100
AcDbPolyline
 90
4
 70
1
 10
11283.4004
 20
9384.5194
 10
11314.6006
 20
9384.5194
 10
11314.6006
 20
9408.5194
 10
11283.4004
 20
9408.5194
  0
LWPOLYLINE
  5
2D0
330
17
100
AcDbEntity
  8
STOU
100
AcDbPolyline
 90
4
 70
1
 10
11362.0
 20
9367.5194
 10
11420.0
 20
9367.5194
 10
11420.0
 20
9425.5193
 10
11362.0
 20
9425.5193
  0
LWPOLYLINE
  5
2D1
330
17
100
AcDbEntity
  8
STOU
100
AcDbPolyline
 90
4
 70
1
 10
12534.0
 20
9283.0194
 10
12888.0
 20
9283.0194
 10
12888.0
 20
9510.0193
 10
12534.0
 20
9510.0193
  0
LWPOLYLINE
  5
2D2
330
17
100
AcDbEntity
  8
STOU
100
AcDbPolyline
 90
4
 70
1
 10
12575.1006
 20
9318.5194
 10
12599.0996
 20
9318.5194
 10
12599.0996
 20
9330.5194
 10
12575.1006
 20
9330.5194
  0
LWPOLYLINE
  5
2D3
330
17
100
AcDbEntity
  8
STOU
100
AcDbPolyline
 90
4
 70
1
 10
12575.1006
 20
9462.5193
 10
12599.0996
 20
9462.5193
 10
12599.0996
 20
9474.5194
 10
12575.1006
 20
9474.5194
  0
LWPOLYLINE
  5
2D4
330
17
100
AcDbEntity
  8
STOU
100
AcDbPolyline
 90
4
 70
1
 10
12656.5205
 20
9318.5194
 10
12680.5195
 20
9318.5194
 10
12680.5195
 20
9330.5194
 10
12656.5205
 20
9330.5194
  0
LWPOLYLINE
  5
2D5
330
17
100
AcDbEntity
  8
STOU
100
AcDbPolyline
 90
4
 70
1
 10
12656.5205
 20
9462.5193
 10
12680.5195
 20
9462.5193
 10
12680.5195
 20
9474.5194
 10
12656.5205
 20
9474.5194
  0
LWPOLYLINE
  5
2D6
330
17
100
AcDbEntity
  8
STOU
100
AcDbPolyline
 90
4
 70
1
 10
12741.4805
 20
9318.5194
 10
12765.4795
 20
9318.5194
 10
12765.4795
 20
9330.5194
 10
12741.4805
 20
9330.5194
  0
LWPOLYLINE
  5
2D7
330
17
100
AcDbEntity
  8
STOU
100
AcDbPolyline
 90
4
 70
1
 10
12741.4805
 20
9462.5193
 10
12765.4795
 20
9462.5193
 10
12765.4795
 20
9474.5194
 10
12741.4805
 20
9474.5194
  0
LWPOLYLINE
  5
2D8
330
17
100
AcDbEntity
  8
STOU
100
AcDbPolyline
 90
4
 70
1
 10
12822.9004
 20
9318.5194
 10
12846.8994
 20
9318.5194
 10
12846.8994
 20
9330.5194
 10
12822.9004
 20
9330.5194
  0
LWPOLYLINE
  5
2D9
330
17
100
AcDbEntity
  8
STOU
100
AcDbPolyline
 90
4
 70
1
 10
12822.9004
 20
9462.5193
 10
12846.8994
 20
9462.5193
 10
12846.8994
 20
9474.5194
 10
12822.9004
 20
9474.5194
  0
LWPOLYLINE
  5
2DA
330
17
100
AcDbEntity
  8
STOU
100
AcDbPolyline
 90
4
 70
1
 10
12701.0
 20
9340.5194
 10
12721.0
 20
9340.5194
 10
12721.0
 20
9356.5194
 10
12701.0
 20
9356.5194
  0
LWPOLYLINE
  5
2DB
330
17
100
AcDbEntity
  8
STOU
100
AcDbPolyline
 90
4
 70
1
 10
12701.0
 20
9364.5194
 10
12721.0
 20
9364.5194
 10
12721.0
 20
9380.5194
 10
12701.0
 20
9380.5194
  0
LWPOLYLINE
  5
2DC
330
17
100
AcDbEntity
  8
STOU
100
AcDbPolyline
 90
4
 70
1
 10
12701.0
 20
9388.5193
 10
12721.0
 20
9388.5193
 10
12721.0
 20
9404.5194
 10
12701.0
 20
9404.5194
  0
LWPOLYLINE
  5
2DD
330
17
100
AcDbEntity
  8
STOU
100
AcDbPolyline
 90
4
 70
1
 10
12701.0
 20
9412.5194
 10
12721.0
 20
9412.5194
 10
12721.0
 20
9428.5194
 10
12701.0
 20
9428.5194
  0
LWPOLYLINE
  5
2DE
330
17
100
AcDbEntity
  8
STOU
100
AcDbPolyline
 90
4
 70
1
 10
12701.0
 20
9436.5194
 10
12721.0
 20
9436.5194
 10
12721.0
 20
9452.5194
 10
12701.0
 20
9452.5194
  0
LWPOLYLINE
  5
2DF
330
17
100
AcDbEntity
  8
STOU
100
AcDbPolyline
 90
4
 70
1
 10
12554.0
 20
9303.0193
 10
12867.999
 20
9303.0193
 10
12867.999
 20
9490.0194
 10
12554.0
 20
9490.0194
  0
LWPOLYLINE
  5
2E0
330
17
100
AcDbEntity
  8
STOU
100
AcDbPolyline
 90
4
 70
1
 10
12634.0
 20
9358.4194
 10
12764.0
 20
9358.4194
 10
12764.0
 20
9434.6194
 10
12634.0
 20
9434.6194
  0
LWPOLYLINE
  5
2E1
330
17
100
AcDbEntity
  8
STOU
100
AcDbPolyline
 90
4
 70
1
 10
12683.3994
 20
9384.5194
 10
12714.5996
 20
9384.5194
 10
12714.5996
 20
9408.5194
 10
12683.3994
 20
9408.5194
  0
LWPOLYLINE
  5
2E2
330
17
100
AcDbEntity
  8
STOU
100
AcDbPolyline
 90
4
 70
1
 10
12762.0
 20
9367.5194
 10
12820.0
 20
9367.5194
 10
12820.0
 20
9425.5193
 10
12762.0
 20
9425.5193
  0
LWPOLYLINE
  5
2E3
330
17
100
AcDbEntity
  8
STOU
100
AcDbPolyline
 90
4
 70
1
 10
12923.0
 20
9283.0194
 10
13277.0
 20
9283.0194
 10
13277.0
 20
9510.0193
 10
12923.0
 20
9510.0193
  0
LWPOLYLINE
  5
2E4
330
17
100
AcDbEntity
  8
STOU
100
AcDbPolyline
 90
4
 70
1
 10
12964.1006
 20
9318.5194
 10
12988.1006
 20
9318.5194
 10
12988.1006
 20
9330.5194
 10
12964.1006
 20
9330.5194
  0
LWPOLYLINE
  5
2E5
330
17
100
AcDbEntity
  8
STOU
100
AcDbPolyline
 90
4
 70
1
 10
12964.1006
 20
9462.5193
 10
12988.1006
 20
9462.5193
 10
12988.1006
 20
9474.5194
 10
12964.1006
 20
9474.5194
  0
LWPOLYLINE
  5
2E6
330
17
100
AcDbEntity
  8
STOU
100
AcDbPolyline
 90
4
 70
1
 10
13045.5205
 20
9318.5194
 10
13069.5205
 20
9318.5194
 10
13069.5205
 20
9330.5194
 10
13045.5205
 20
9330.5194
  0
LWPOLYLINE
  5
2E7
330
17
100
AcDbEntity
  8
STOU
100
AcDbPolyline
 90
4
 70
1
 10
13045.5205
 20
9462.5193
 10
13069.5205
 20
9462.5193
 10
13069.5205
 20
9474.5194
 10
13045.5205
 20
9474.5194
  0
LWPOLYLINE
  5
2E8
330
17
100
AcDbEntity
  8
STOU
100
AcDbPolyline
 90
4
 70
1
 10
13130.4805
 20
9318.5194
 10
13154.4805
 20
9318.5194
 10
13154.4805
 20
9330.5194
 10
13130.4805
 20
9330.5194
  0
LWPOLYLINE
  5
2E9
330
17
100
AcDbEntity
  8
STOU
100
AcDbPolyline
 90
4
 70
1
 10
13130.4805
 20
9462.5193
 10
13154.4805
 20
9462.5193
 10
13154.4805
 20
9474.5194
 10
13130.4805
 20
9474.5194
  0
LWPOLYLINE
  5
2EA
330
17
100
AcDbEntity
  8
STOU
100
AcDbPolyline
 90
4
 70
1
 10
13211.9004
 20
9318.5194
 10
13235.9004
 20
9318.5194
 10
13235.9004
 20
9330.5194
 10
13211.9004
 20
9330.5194
  0
LWPOLYLINE
  5
2EB
330
17
100
AcDbEntity
  8
STOU
100
AcDbPolyline
 90
4
 70
1
 10
13211.9004
 20
9462.5193
 10
13235.9004
 20
9462.5193
 10
13235.9004
 20
9474.5194
 10
13211.9004
 20
9474.5194
  0
LWPOLYLINE
  5
2EC
330
17
100
AcDbEntity
  8
STOU
100
AcDbPolyline
 90
4
 70
1
 10
13090.0
 20
9340.5194
 10
13110.0
 20
9340.5194
 10
13110.0
 20
9356.5194
 10
13090.0
 20
9356.5194
  0
LWPOLYLINE
  5
2ED
330
17
100
AcDbEntity
  8
STOU
100
AcDbPolyline
 90
4
 70
1
 10
13090.0
 20
9364.5194
 10
13110.0
 20
9364.5194
 10
13110.0
 20
9380.5194
 10
13090.0
 20
9380.5194
  0
LWPOLYLINE
  5
2EE
330
17
100
AcDbEntity
  8
STOU
100
AcDbPolyline
 90
4
 70
1
 10
13090.0
 20
9388.5193
 10
13110.0
 20
9388.5193
 10
13110.0
 20
9404.5194
 10
13090.0
 20
9404.5194
  0
LWPOLYLINE
  5
2EF
330
17
100
AcDbEntity
  8
STOU
100
AcDbPolyline
 90
4
 70
1
 10
13090.0
 20
9412.5194
 10
13110.0
 20
9412.5194
 10
13110.0
 20
9428.5194
 10
13090.0
 20
9428.5194
  0
LWPOLYLINE
  5
2F0
330
17
100
AcDbEntity
  8
STOU
100
AcDbPolyline
 90
4
 70
1
 10
13090.0
 20
9436.5194
 10
13110.0
 20
9436.5194
 10
13110.0
 20
9452.5194
 10
13090.0
 20
9452.5194
  0
LWPOLYLINE
  5
2F1
330
17
100
AcDbEntity
  8
STOU
100
AcDbPolyline
 90
4
 70
1
 10
12943.0
 20
9303.0193
 10
13257.0
 20
9303.0193
 10
13257.0
 20
9490.0194
 10
12943.0
 20
9490.0194
  0
LWPOLYLINE
  5
2F2
330
17
100
AcDbEntity
  8
STOU
100
AcDbPolyline
 90
4
 70
1
 10
13023.0
 20
9358.4194
 10
13153.0
 20
9358.4194
 10
13153.0
 20
9434.6194
 10
13023.0
 20
9434.6194
  0
LWPOLYLINE
  5
2F3
330
17
100
AcDbEntity
  8
STOU
100
AcDbPolyline
 90
4
 70
1
 10
13072.4004
 20
9384.5194
 10
13103.5996
 20
9384.5194
 10
13103.5996
 20
9408.5194
 10
13072.4004
 20
9408.5194
  0
LWPOLYLINE
  5
2F4
330
17
100
AcDbEntity
  8
STOU
100
AcDbPolyline
 90
4
 70
1
 10
13150.999
 20
9367.5194
 10
13209.0
 20
9367.5194
 10
13209.0
 20
9425.5193
 10
13150.999
 20
9425.5193
  0
LWPOLYLINE
  5
2F5
330
17
100
AcDbEntity
  8
STOU
100
AcDbPolyline
 90
4
 70
1
 10
13373.0
 20
9283.0194
 10
13727.0
 20
9283.0194
 10
13727.0
 20
9510.0193
 10
13373.0
 20
9510.0193
  0
LWPOLYLINE
  5
2F6
330
17
100
AcDbEntity
  8
STOU
100
AcDbPolyline
 90
4
 70
1
 10
13414.0996
 20
9318.5194
 10
13438.0996
 20
9318.5194
 10
13438.0996
 20
9330.5194
 10
13414.0996
 20
9330.5194
  0
LWPOLYLINE
  5
2F7
330
17
100
AcDbEntity
  8
STOU
100
AcDbPolyline
 90
4
 70
1
 10
13414.0996
 20
9462.5193
 10
13438.0996
 20
9462.5193
 10
13438.0996
 20
9474.5194
 10
13414.0996
 20
9474.5194
  0
LWPOLYLINE
  5
2F8
330
17
100
AcDbEntity
  8
STOU
100
AcDbPolyline
 90
4
 70
1
 10
13495.5
 20
9318.5194
 10
13519.499
 20
9318.5194
 10
13519.499
 20
9330.5194
 10
13495.5
 20
9330.5194
  0
LWPOLYLINE
  5
2F9
330
17
100
AcDbEntity
  8
STOU
100
AcDbPolyline
 90
4
 70
1
 10
13495.5
 20
9462.5193
 10
13519.499
 20
9462.5193
 10
13519.499
 20
9474.5194
 10
13495.5
 20
9474.5194
  0
LWPOLYLINE
  5
2FA
330
17
100
AcDbEntity
  8
STOU
100
AcDbPolyline
 90
4
 70
1
 10
13580.5
 20
9318.5194
 10
13604.499
 20
9318.5194
 10
13604.499
 20
9330.5194
 10
13580.5
 20
9330.5194
  0
LWPOLYLINE
  5
2FB
330
17
100
AcDbEntity
  8
STOU
100
AcDbPolyline
 90
4
 70
1
 10
13580.5
 20
9462.5193
 10
13604.499
 20
9462.5193
 10
13604.499
 20
9474.5194
 10
13580.5
 20
9474.5194
  0
LWPOLYLINE
  5
2FC
330
17
100
AcDbEntity
  8
STOU
100
AcDbPolyline
 90
4
 70
1
 10
13661.9004
 20
9318.5194
 10
13685.8994
 20
9318.5194
 10
13685.8994
 20
9330.5194
 10
13661.9004
 20
9330.5194
  0
LWPOLYLINE
  5
2FD
330
17
100
AcDbEntity
  8
STOU
100
AcDbPolyline
 90
4
 70
1
 10
13661.9004
 20
9462.5193
 10
13685.8994
 20
9462.5193
 10
13685.8994
 20
9474.5194
 10
13661.9004
 20
9474.5194
  0
LWPOLYLINE
  5
2FE
330
17
100
AcDbEntity
  8
STOU
100
AcDbPolyline
 90
4
 70
1
 10
13539.999
 20
9340.5194
 10
13560.0
 20
9340.5194
 10
13560.0
 20
9356.5193
 10
13539.999
 20
9356.5193
  0
LWPOLYLINE
  5
2FF
330
17
100
AcDbEntity
  8
STOU
100
AcDbPolyline
 90
4
 70
1
 10
13539.999
 20
9364.5194
 10
13560.0
 20
9364.5194
 10
13560.0
 20
9380.5194
 10
13539.999
 20
9380.5194
  0
LWPOLYLINE
  5
300
330
17
100
AcDbEntity
  8
STOU
100
AcDbPolyline
 90
4
 70
1
 10
13539.999
 20
9388.5193
 10
13560.0
 20
9388.5193
 10
13560.0
 20
9404.5194
 10
13539.999
 20
9404.5194
  0
LWPOLYLINE
  5
301
330
17
100
AcDbEntity
  8
STOU
100
AcDbPolyline
 90
4
 70
1
 10
13539.999
 20
9412.5194
 10
13560.0
 20
9412.5194
 10
13560.0
 20
9428.5194
 10
13539.999
 20
9428.5194
  0
LWPOLYLINE
  5
302
330
17
100
AcDbEntity
  8
STOU
100
AcDbPolyline
 90
4
 70
1
 10
13539.999
 20
9436.5194
 10
13560.0
 20
9436.5194
 10
13560.0
 20
9452.5194
 10
13539.999
 20
9452.5194
  0
LWPOLYLINE
  5
303
330
17
100
AcDbEntity
  8
STOU
100
AcDbPolyline
 90
4
 70
1
 10
13393.0
 20
9303.0193
 10
13706.999
 20
9303.0193
 10
13706.999
 20
9490.0194
 10
13393.0
 20
9490.0194
  0
LWPOLYLINE
  5
304
330
17
100
AcDbEntity
  8
STOU
100
AcDbPolyline
 90
4
 70
1
 10
13473.0
 20
9358.4194
 10
13603.0
 20
9358.4194
 10
13603.0
 20
9434.6194
 10
13473.0
 20
9434.6194
  0
LWPOLYLINE
  5
305
330
17
100
AcDbEntity
  8
STOU
100
AcDbPolyline
 90
4
 70
1
 10
13522.3994
 20
9384.5194
 10
13553.5996
 20
9384.5194
 10
13553.5996
 20
9408.5194
 10
13522.3994
 20
9408.5194
  0
LWPOLYLINE
  5
306
330
17
100
AcDbEntity
  8
STOU
100
AcDbPolyline
 90
4
 70
1
 10
13595.0
 20
9361.5194
 10
13664.999
 20
9361.5194
 10
13664.999
 20
9431.5194
 10
13595.0
 20
9431.5194
  0
LWPOLYLINE
  5
307
330
17
100
AcDbEntity
  8
STOU
100
AcDbPolyline
 90
4
 70
1
 10
1434.0
 20
9690.0209
 10
1788.0
 20
9690.0209
 10
1788.0
 20
9917.0209
 10
1434.0
 20
9917.0209
  0
LWPOLYLINE
  5
308
330
17
100
AcDbEntity
  8
STOU
100
AcDbPolyline
 90
4
 70
1
 10
1475.1
 20
9725.5209
 10
1499.1
 20
9725.5209
 10
1499.1
 20
9737.5208
 10
1475.1
 20
9737.5208
  0
LWPOLYLINE
  5
309
330
17
100
AcDbEntity
  8
STOU
100
AcDbPolyline
 90
4
 70
1
 10
1475.1
 20
9869.5209
 10
1499.1
 20
9869.5209
 10
1499.1
 20
9881.5209
 10
1475.1
 20
9881.5209
  0
LWPOLYLINE
  5
30A
330
17
100
AcDbEntity
  8
STOU
100
AcDbPolyline
 90
4
 70
1
 10
1556.52
 20
9725.5209
 10
1580.52
 20
9725.5209
 10
1580.52
 20
9737.5208
 10
1556.52
 20
9737.5208
  0
LWPOLYLINE
  5
30B
330
17
100
AcDbEntity
  8
STOU
100
AcDbPolyline
 90
4
 70
1
 10
1556.52
 20
9869.5209
 10
1580.52
 20
9869.5209
 10
1580.52
 20
9881.5209
 10
1556.52
 20
9881.5209
  0
LWPOLYLINE
  5
30C
330
17
100
AcDbEntity
  8
STOU
100
AcDbPolyline
 90
4
 70
1
 10
1641.48
 20
9725.5209
 10
1665.48
 20
9725.5209
 10
1665.48
 20
9737.5208
 10
1641.48
 20
9737.5208
  0
LWPOLYLINE
  5
30D
330
17
100
AcDbEntity
  8
STOU
100
AcDbPolyline
 90
4
 70
1
 10
1641.48
 20
9869.5209
 10
1665.48
 20
9869.5209
 10
1665.48
 20
9881.5209
 10
1641.48
 20
9881.5209
  0
LWPOLYLINE
  5
30E
330
17
100
AcDbEntity
  8
STOU
100
AcDbPolyline
 90
4
 70
1
 10
1722.9
 20
9725.5209
 10
1746.9
 20
9725.5209
 10
1746.9
 20
9737.5208
 10
1722.9
 20
9737.5208
  0
LWPOLYLINE
  5
30F
330
17
100
AcDbEntity
  8
STOU
100
AcDbPolyline
 90
4
 70
1
 10
1722.9
 20
9869.5209
 10
1746.9
 20
9869.5209
 10
1746.9
 20
9881.5209
 10
1722.9
 20
9881.5209
  0
LWPOLYLINE
  5
310
330
17
100
AcDbEntity
  8
STOU
100
AcDbPolyline
 90
4
 70
1
 10
1601.0
 20
9747.5209
 10
1621.0
 20
9747.5209
 10
1621.0
 20
9763.5209
 10
1601.0
 20
9763.5209
  0
LWPOLYLINE
  5
311
330
17
100
AcDbEntity
  8
STOU
100
AcDbPolyline
 90
4
 70
1
 10
1601.0
 20
9771.5209
 10
1621.0
 20
9771.5209
 10
1621.0
 20
9787.5208
 10
1601.0
 20
9787.5208
  0
LWPOLYLINE
  5
312
330
17
100
AcDbEntity
  8
STOU
100
AcDbPolyline
 90
4
 70
1
 10
1601.0
 20
9795.5209
 10
1621.0
 20
9795.5209
 10
1621.0
 20
9811.5208
 10
1601.0
 20
9811.5208
  0
LWPOLYLINE
  5
313
330
17
100
AcDbEntity
  8
STOU
100
AcDbPolyline
 90
4
 70
1
 10
1601.0
 20
9819.5209
 10
1621.0
 20
9819.5209
 10
1621.0
 20
9835.5209
 10
1601.0
 20
9835.5209
  0
LWPOLYLINE
  5
314
330
17
100
AcDbEntity
  8
STOU
100
AcDbPolyline
 90
4
 70
1
 10
1601.0
 20
9843.5208
 10
1621.0
 20
9843.5208
 10
1621.0
 20
9859.5209
 10
1601.0
 20
9859.5209
  0
LWPOLYLINE
  5
315
330
17
100
AcDbEntity
  8
STOU
100
AcDbPolyline
 90
4
 70
1
 10
1454.0
 20
9710.0209
 10
1768.0
 20
9710.0209
 10
1768.0
 20
9897.0208
 10
1454.0
 20
9897.0208
  0
LWPOLYLINE
  5
316
330
17
100
AcDbEntity
  8
STOU
100
AcDbPolyline
 90
4
 70
1
 10
1534.0
 20
9765.4209
 10
1664.0
 20
9765.4209
 10
1664.0
 20
9841.6208
 10
1534.0
 20
9841.6208
  0
LWPOLYLINE
  5
317
330
17
100
AcDbEntity
  8
STOU
100
AcDbPolyline
 90
4
 70
1
 10
1583.4
 20
9791.5209
 10
1614.6
 20
9791.5209
 10
1614.6
 20
9815.5208
 10
1583.4
 20
9815.5208
  0
LWPOLYLINE
  5
318
330
17
100
AcDbEntity
  8
STOU
100
AcDbPolyline
 90
4
 70
1
 10
1662.0
 20
9774.5209
 10
1720.0001
 20
9774.5209
 10
1720.0001
 20
9832.5209
 10
1662.0
 20
9832.5209
  0
LWPOLYLINE
  5
319
330
17
100
AcDbEntity
  8
STOU
100
AcDbPolyline
 90
4
 70
1
 10
2834.0
 20
9690.0209
 10
3188.0
 20
9690.0209
 10
3188.0
 20
9917.0209
 10
2834.0
 20
9917.0209
  0
LWPOLYLINE
  5
31A
330
17
100
AcDbEntity
  8
STOU
100
AcDbPolyline
 90
4
 70
1
 10
2875.1001
 20
9725.5209
 10
2899.1
 20
9725.5209
 10
2899.1
 20
9737.5208
 10
2875.1001
 20
9737.5208
  0
LWPOLYLINE
  5
31B
330
17
100
AcDbEntity
  8
STOU
100
AcDbPolyline
 90
4
 70
1
 10
2875.1001
 20
9869.5209
 10
2899.1
 20
9869.5209
 10
2899.1
 20
9881.5209
 10
2875.1001
 20
9881.5209
  0
LWPOLYLINE
  5
31C
330
17
100
AcDbEntity
  8
STOU
100
AcDbPolyline
 90
4
 70
1
 10
2956.52
 20
9725.5209
 10
2980.52
 20
9725.5209
 10
2980.52
 20
9737.5208
 10
2956.52
 20
9737.5208
  0
LWPOLYLINE
  5
31D
330
17
100
AcDbEntity
  8
STOU
100
AcDbPolyline
 90
4
 70
1
 10
2956.52
 20
9869.5209
 10
2980.52
 20
9869.5209
 10
2980.52
 20
9881.5209
 10
2956.52
 20
9881.5209
  0
LWPOLYLINE
  5
31E
330
17
100
AcDbEntity
  8
STOU
100
AcDbPolyline
 90
4
 70
1
 10
3041.48
 20
9725.5209
 10
3065.48
 20
9725.5209
 10
3065.48
 20
9737.5208
 10
3041.48
 20
9737.5208
  0
LWPOLYLINE
  5
31F
330
17
100
AcDbEntity
  8
STOU
100
AcDbPolyline
 90
4
 70
1
 10
3041.48
 20
9869.5209
 10
3065.48
 20
9869.5209
 10
3065.48
 20
9881.5209
 10
3041.48
 20
9881.5209
  0
LWPOLYLINE
  5
320
330
17
100
AcDbEntity
  8
STOU
100
AcDbPolyline
 90
4
 70
1
 10
3122.8999
 20
9725.5209
 10
3146.9001
 20
9725.5209
 10
3146.9001
 20
9737.5208
 10
3122.8999
 20
9737.5208
  0
LWPOLYLINE
  5
321
330
17
100
AcDbEntity
  8
STOU
100
AcDbPolyline
 90
4
 70
1
 10
3122.8999
 20
9869.5209
 10
3146.9001
 20
9869.5209
 10
3146.9001
 20
9881.5209
 10
3122.8999
 20
9881.5209
  0
LWPOLYLINE
  5
322
330
17
100
AcDbEntity
  8
STOU
100
AcDbPolyline
 90
4
 70
1
 10
3001.0
 20
9747.5209
 10
3021.0
 20
9747.5209
 10
3021.0
 20
9763.5209
 10
3001.0
 20
9763.5209
  0
LWPOLYLINE
  5
323
330
17
100
AcDbEntity
  8
STOU
100
AcDbPolyline
 90
4
 70
1
 10
3001.0
 20
9771.5209
 10
3021.0
 20
9771.5209
 10
3021.0
 20
9787.5208
 10
3001.0
 20
9787.5208
  0
LWPOLYLINE
  5
324
330
17
100
AcDbEntity
  8
STOU
100
AcDbPolyline
 90
4
 70
1
 10
3001.0
 20
9795.5209
 10
3021.0
 20
9795.5209
 10
3021.0
 20
9811.5208
 10
3001.0
 20
9811.5208
  0
LWPOLYLINE
  5
325
330
17
100
AcDbEntity
  8
STOU
100
AcDbPolyline
 90
4
 70
1
 10
3001.0
 20
9819.5209
 10
3021.0
 20
9819.5209
 10
3021.0
 20
9835.5209
 10
3001.0
 20
9835.5209
  0
LWPOLYLINE
  5
326
330
17
100
AcDbEntity
  8
STOU
100
AcDbPolyline
 90
4
 70
1
 10
3001.0
 20
9843.5208
 10
3021.0
 20
9843.5208
 10
3021.0
 20
9859.5209
 10
3001.0
 20
9859.5209
  0
LWPOLYLINE
  5
327
330
17
100
AcDbEntity
  8
STOU
100
AcDbPolyline
 90
4
 70
1
 10
2854.0
 20
9710.0209
 10
3168.0
 20
9710.0209
 10
3168.0
 20
9897.0208
 10
2854.0
 20
9897.0208
  0
LWPOLYLINE
  5
328
330
17
100
AcDbEntity
  8
STOU
100
AcDbPolyline
 90
4
 70
1
 10
2933.9999
 20
9765.4209
 10
3064.0
 20
9765.4209
 10
3064.0
 20
9841.6208
 10
2933.9999
 20
9841.6208
  0
LWPOLYLINE
  5
329
330
17
100
AcDbEntity
  8
STOU
100
AcDbPolyline
 90
4
 70
1
 10
2983.3999
 20
9791.5209
 10
3014.5999
 20
9791.5209
 10
3014.5999
 20
9815.5208
 10
2983.3999
 20
9815.5208
  0
LWPOLYLINE
  5
32A
330
17
100
AcDbEntity
  8
STOU
100
AcDbPolyline
 90
4
 70
1
 10
3062.0002
 20
9774.5209
 10
3120.0
 20
9774.5209
 10
3120.0
 20
9832.5209
 10
3062.0002
 20
9832.5209
  0
LWPOLYLINE
  5
32B
330
17
100
AcDbEntity
  8
STOU
100
AcDbPolyline
 90
4
 70
1
 10
3983.9998
 20
9690.0209
 10
4337.9998
 20
9690.0209
 10
4337.9998
 20
9917.0209
 10
3983.9998
 20
9917.0209
  0
LWPOLYLINE
  5
32C
330
17
100
AcDbEntity
  8
STOU
100
AcDbPolyline
 90
4
 70
1
 10
4025.0999
 20
9725.5209
 10
4049.0999
 20
9725.5209
 10
4049.0999
 20
9737.5208
 10
4025.0999
 20
9737.5208
  0
LWPOLYLINE
  5
32D
330
17
100
AcDbEntity
  8
STOU
100
AcDbPolyline
 90
4
 70
1
 10
4025.0999
 20
9869.5209
 10
4049.0999
 20
9869.5209
 10
4049.0999
 20
9881.5209
 10
4025.0999
 20
9881.5209
  0
LWPOLYLINE
  5
32E
330
17
100
AcDbEntity
  8
STOU
100
AcDbPolyline
 90
4
 70
1
 10
4106.5198
 20
9725.5209
 10
4130.5198
 20
9725.5209
 10
4130.5198
 20
9737.5208
 10
4106.5198
 20
9737.5208
  0
LWPOLYLINE
  5
32F
330
17
100
AcDbEntity
  8
STOU
100
AcDbPolyline
 90
4
 70
1
 10
4106.5198
 20
9869.5209
 10
4130.5198
 20
9869.5209
 10
4130.5198
 20
9881.5209
 10
4106.5198
 20
9881.5209
  0
LWPOLYLINE
  5
330
330
17
100
AcDbEntity
  8
STOU
100
AcDbPolyline
 90
4
 70
1
 10
4191.4797
 20
9725.5209
 10
4215.4797
 20
9725.5209
 10
4215.4797
 20
9737.5208
 10
4191.4797
 20
9737.5208
  0
LWPOLYLINE
  5
331
330
17
100
AcDbEntity
  8
STOU
100
AcDbPolyline
 90
4
 70
1
 10
4191.4797
 20
9869.5209
 10
4215.4797
 20
9869.5209
 10
4215.4797
 20
9881.5209
 10
4191.4797
 20
9881.5209
  0
LWPOLYLINE
  5
332
330
17
100
AcDbEntity
  8
STOU
100
AcDbPolyline
 90
4
 70
1
 10
4272.8997
 20
9725.5209
 10
4296.8997
 20
9725.5209
 10
4296.8997
 20
9737.5208
 10
4272.8997
 20
9737.5208
  0
LWPOLYLINE
  5
333
330
17
100
AcDbEntity
  8
STOU
100
AcDbPolyline
 90
4
 70
1
 10
4272.8997
 20
9869.5209
 10
4296.8997
 20
9869.5209
 10
4296.8997
 20
9881.5209
 10
4272.8997
 20
9881.5209
  0
LWPOLYLINE
  5
334
330
17
100
AcDbEntity
  8
STOU
100
AcDbPolyline
 90
4
 70
1
 10
4150.9998
 20
9747.5209
 10
4171.0
 20
9747.5209
 10
4171.0
 20
9763.5209
 10
4150.9998
 20
9763.5209
  0
LWPOLYLINE
  5
335
330
17
100
AcDbEntity
  8
STOU
100
AcDbPolyline
 90
4
 70
1
 10
4150.9998
 20
9771.5209
 10
4171.0
 20
9771.5209
 10
4171.0
 20
9787.5208
 10
4150.9998
 20
9787.5208
  0
LWPOLYLINE
  5
336
330
17
100
AcDbEntity
  8
STOU
100
AcDbPolyline
 90
4
 70
1
 10
4150.9998
 20
9795.5209
 10
4171.0
 20
9795.5209
 10
4171.0
 20
9811.5208
 10
4150.9998
 20
9811.5208
  0
LWPOLYLINE
  5
337
330
17
100
AcDbEntity
  8
STOU
100
AcDbPolyline
 90
4
 70
1
 10
4150.9998
 20
9819.5209
 10
4171.0
 20
9819.5209
 10
4171.0
 20
9835.5209
 10
4150.9998
 20
9835.5209
  0
LWPOLYLINE
  5
338
330
17
100
AcDbEntity
  8
STOU
100
AcDbPolyline
 90
4
 70
1
 10
4150.9998
 20
9843.5208
 10
4171.0
 20
9843.5208
 10
4171.0
 20
9859.5209
 10
4150.9998
 20
9859.5209
  0
LWPOLYLINE
  5
339
330
17
100
AcDbEntity
  8
STOU
100
AcDbPolyline
 90
4
 70
1
 10
4003.9998
 20
9710.0209
 10
4317.9998
 20
9710.0209
 10
4317.9998
 20
9897.0208
 10
4003.9998
 20
9897.0208
  0
LWPOLYLINE
  5
33A
330
17
100
AcDbEntity
  8
STOU
100
AcDbPolyline
 90
4
 70
1
 10
4083.9998
 20
9765.4209
 10
4214.0
 20
9765.4209
 10
4214.0
 20
9841.6208
 10
4083.9998
 20
9841.6208
  0
LWPOLYLINE
  5
33B
330
17
100
AcDbEntity
  8
STOU
100
AcDbPolyline
 90
4
 70
1
 10
4133.3999
 20
9791.5209
 10
4164.5999
 20
9791.5209
 10
4164.5999
 20
9815.5208
 10
4133.3999
 20
9815.5208
  0
LWPOLYLINE
  5
33C
330
17
100
AcDbEntity
  8
STOU
100
AcDbPolyline
 90
4
 70
1
 10
4002.0
 20
9774.5209
 10
4059.9998
 20
9774.5209
 10
4059.9998
 20
9832.5209
 10
4002.0
 20
9832.5209
  0
LWPOLYLINE
  5
33D
330
17
100
AcDbEntity
  8
STOU
100
AcDbPolyline
 90
4
 70
1
 10
5133.9995
 20
9690.0209
 10
5488.0
 20
9690.0209
 10
5488.0
 20
9917.0209
 10
5133.9995
 20
9917.0209
  0
LWPOLYLINE
  5
33E
330
17
100
AcDbEntity
  8
STOU
100
AcDbPolyline
 90
4
 70
1
 10
5175.0996
 20
9725.5209
 10
5199.1001
 20
9725.5209
 10
5199.1001
 20
9737.5208
 10
5175.0996
 20
9737.5208
  0
LWPOLYLINE
  5
33F
330
17
100
AcDbEntity
  8
STOU
100
AcDbPolyline
 90
4
 70
1
 10
5175.0996
 20
9869.5209
 10
5199.1001
 20
9869.5209
 10
5199.1001
 20
9881.5209
 10
5175.0996
 20
9881.5209
  0
LWPOLYLINE
  5
340
330
17
100
AcDbEntity
  8
STOU
100
AcDbPolyline
 90
4
 70
1
 10
5256.5195
 20
9725.5209
 10
5280.52
 20
9725.5209
 10
5280.52
 20
9737.5208
 10
5256.5195
 20
9737.5208
  0
LWPOLYLINE
  5
341
330
17
100
AcDbEntity
  8
STOU
100
AcDbPolyline
 90
4
 70
1
 10
5256.5195
 20
9869.5209
 10
5280.52
 20
9869.5209
 10
5280.52
 20
9881.5209
 10
5256.5195
 20
9881.5209
  0
LWPOLYLINE
  5
342
330
17
100
AcDbEntity
  8
STOU
100
AcDbPolyline
 90
4
 70
1
 10
5341.4795
 20
9725.5209
 10
5365.48
 20
9725.5209
 10
5365.48
 20
9737.5208
 10
5341.4795
 20
9737.5208
  0
LWPOLYLINE
  5
343
330
17
100
AcDbEntity
  8
STOU
100
AcDbPolyline
 90
4
 70
1
 10
5341.4795
 20
9869.5209
 10
5365.48
 20
9869.5209
 10
5365.48
 20
9881.5209
 10
5341.4795
 20
9881.5209
  0
LWPOLYLINE
  5
344
330
17
100
AcDbEntity
  8
STOU
100
AcDbPolyline
 90
4
 70
1
 10
5422.8994
 20
9725.5209
 10
5446.8999
 20
9725.5209
 10
5446.8999
 20
9737.5208
 10
5422.8994
 20
9737.5208
  0
LWPOLYLINE
  5
345
330
17
100
AcDbEntity
  8
STOU
100
AcDbPolyline
 90
4
 70
1
 10
5422.8994
 20
9869.5209
 10
5446.8999
 20
9869.5209
 10
5446.8999
 20
9881.5209
 10
5422.8994
 20
9881.5209
  0
LWPOLYLINE
  5
346
330
17
100
AcDbEntity
  8
STOU
100
AcDbPolyline
 90
4
 70
1
 10
5301.0
 20
9747.5209
 10
5321.0
 20
9747.5209
 10
5321.0
 20
9763.5209
 10
5301.0
 20
9763.5209
  0
LWPOLYLINE
  5
347
330
17
100
AcDbEntity
  8
STOU
100
AcDbPolyline
 90
4
 70
1
 10
5301.0
 20
9771.5209
 10
5321.0
 20
9771.5209
 10
5321.0
 20
9787.5208
 10
5301.0
 20
9787.5208
  0
LWPOLYLINE
  5
348
330
17
100
AcDbEntity
  8
STOU
100
AcDbPolyline
 90
4
 70
1
 10
5301.0
 20
9795.5209
 10
5321.0
 20
9795.5209
 10
5321.0
 20
9811.5208
 10
5301.0
 20
9811.5208
  0
LWPOLYLINE
  5
349
330
17
100
AcDbEntity
  8
STOU
100
AcDbPolyline
 90
4
 70
1
 10
5301.0
 20
9819.5209
 10
5321.0
 20
9819.5209
 10
5321.0
 20
9835.5209
 10
5301.0
 20
9835.5209
  0
LWPOLYLINE
  5
34A
330
17
100
AcDbEntity
  8
STOU
100
AcDbPolyline
 90
4
 70
1
 10
5301.0
 20
9843.5208
 10
5321.0
 20
9843.5208
 10
5321.0
 20
9859.5209
 10
5301.0
 20
9859.5209
  0
LWPOLYLINE
  5
34B
330
17
100
AcDbEntity
  8
STOU
100
AcDbPolyline
 90
4
 70
1
 10
5153.9995
 20
9710.0209
 10
5468.0
 20
9710.0209
 10
5468.0
 20
9897.0208
 10
5153.9995
 20
9897.0208
  0
LWPOLYLINE
  5
34C
330
17
100
AcDbEntity
  8
STOU
100
AcDbPolyline
 90
4
 70
1
 10
5233.9995
 20
9765.4209
 10
5363.9995
 20
9765.4209
 10
5363.9995
 20
9841.6208
 10
5233.9995
 20
9841.6208
  0
LWPOLYLINE
  5
34D
330
17
100
AcDbEntity
  8
STOU
100
AcDbPolyline
 90
4
 70
1
 10
5283.3999
 20
9791.5209
 10
5314.6001
 20
9791.5209
 10
5314.6001
 20
9815.5208
 10
5283.3999
 20
9815.5208
  0
LWPOLYLINE
  5
34E
330
17
100
AcDbEntity
  8
STOU
100
AcDbPolyline
 90
4
 70
1
 10
5362.0
 20
9774.5209
 10
5420.0
 20
9774.5209
 10
5420.0
 20
9832.5209
 10
5362.0
 20
9832.5209
  0
LWPOLYLINE
  5
34F
330
17
100
AcDbEntity
  8
STOU
100
AcDbPolyline
 90
4
 70
1
 10
6384.0
 20
9690.0209
 10
6738.0
 20
9690.0209
 10
6738.0
 20
9917.0209
 10
6384.0
 20
9917.0209
  0
LWPOLYLINE
  5
350
330
17
100
AcDbEntity
  8
STOU
100
AcDbPolyline
 90
4
 70
1
 10
6425.1001
 20
9725.5209
 10
6449.1001
 20
9725.5209
 10
6449.1001
 20
9737.5208
 10
6425.1001
 20
9737.5208
  0
LWPOLYLINE
  5
351
330
17
100
AcDbEntity
  8
STOU
100
AcDbPolyline
 90
4
 70
1
 10
6425.1001
 20
9869.5209
 10
6449.1001
 20
9869.5209
 10
6449.1001
 20
9881.5209
 10
6425.1001
 20
9881.5209
  0
LWPOLYLINE
  5
352
330
17
100
AcDbEntity
  8
STOU
100
AcDbPolyline
 90
4
 70
1
 10
6506.52
 20
9725.5209
 10
6530.52
 20
9725.5209
 10
6530.52
 20
9737.5208
 10
6506.52
 20
9737.5208
  0
LWPOLYLINE
  5
353
330
17
100
AcDbEntity
  8
STOU
100
AcDbPolyline
 90
4
 70
1
 10
6506.52
 20
9869.5209
 10
6530.52
 20
9869.5209
 10
6530.52
 20
9881.5209
 10
6506.52
 20
9881.5209
  0
LWPOLYLINE
  5
354
330
17
100
AcDbEntity
  8
STOU
100
AcDbPolyline
 90
4
 70
1
 10
6591.48
 20
9725.5209
 10
6615.48
 20
9725.5209
 10
6615.48
 20
9737.5208
 10
6591.48
 20
9737.5208
  0
LWPOLYLINE
  5
355
330
17
100
AcDbEntity
  8
STOU
100
AcDbPolyline
 90
4
 70
1
 10
6591.48
 20
9869.5209
 10
6615.48
 20
9869.5209
 10
6615.48
 20
9881.5209
 10
6591.48
 20
9881.5209
  0
LWPOLYLINE
  5
356
330
17
100
AcDbEntity
  8
STOU
100
AcDbPolyline
 90
4
 70
1
 10
6672.8999
 20
9725.5209
 10
6696.8999
 20
9725.5209
 10
6696.8999
 20
9737.5208
 10
6672.8999
 20
9737.5208
  0
LWPOLYLINE
  5
357
330
17
100
AcDbEntity
  8
STOU
100
AcDbPolyline
 90
4
 70
1
 10
6672.8999
 20
9869.5209
 10
6696.8999
 20
9869.5209
 10
6696.8999
 20
9881.5209
 10
6672.8999
 20
9881.5209
  0
LWPOLYLINE
  5
358
330
17
100
AcDbEntity
  8
STOU
100
AcDbPolyline
 90
4
 70
1
 10
6551.0
 20
9747.5209
 10
6571.0
 20
9747.5209
 10
6571.0
 20
9763.5209
 10
6551.0
 20
9763.5209
  0
LWPOLYLINE
  5
359
330
17
100
AcDbEntity
  8
STOU
100
AcDbPolyline
 90
4
 70
1
 10
6551.0
 20
9771.5209
 10
6571.0
 20
9771.5209
 10
6571.0
 20
9787.5208
 10
6551.0
 20
9787.5208
  0
LWPOLYLINE
  5
35A
330
17
100
AcDbEntity
  8
STOU
100
AcDbPolyline
 90
4
 70
1
 10
6551.0
 20
9795.5209
 10
6571.0
 20
9795.5209
 10
6571.0
 20
9811.5208
 10
6551.0
 20
9811.5208
  0
LWPOLYLINE
  5
35B
330
17
100
AcDbEntity
  8
STOU
100
AcDbPolyline
 90
4
 70
1
 10
6551.0
 20
9819.5209
 10
6571.0
 20
9819.5209
 10
6571.0
 20
9835.5209
 10
6551.0
 20
9835.5209
  0
LWPOLYLINE
  5
35C
330
17
100
AcDbEntity
  8
STOU
100
AcDbPolyline
 90
4
 70
1
 10
6551.0
 20
9843.5208
 10
6571.0
 20
9843.5208
 10
6571.0
 20
9859.5209
 10
6551.0
 20
9859.5209
  0
LWPOLYLINE
  5
35D
330
17
100
AcDbEntity
  8
STOU
100
AcDbPolyline
 90
4
 70
1
 10
6404.0
 20
9710.0209
 10
6718.0
 20
9710.0209
 10
6718.0
 20
9897.0208
 10
6404.0
 20
9897.0208
  0
LWPOLYLINE
  5
35E
330
17
100
AcDbEntity
  8
STOU
100
AcDbPolyline
 90
4
 70
1
 10
6484.0
 20
9765.4209
 10
6614.0
 20
9765.4209
 10
6614.0
 20
9841.6208
 10
6484.0
 20
9841.6208
  0
LWPOLYLINE
  5
35F
330
17
100
AcDbEntity
  8
STOU
100
AcDbPolyline
 90
4
 70
1
 10
6533.3999
 20
9791.5209
 10
6564.6001
 20
9791.5209
 10
6564.6001
 20
9815.5208
 10
6533.3999
 20
9815.5208
  0
LWPOLYLINE
  5
360
330
17
100
AcDbEntity
  8
STOU
100
AcDbPolyline
 90
4
 70
1
 10
6612.0
 20
9774.5209
 10
6670.0
 20
9774.5209
 10
6670.0
 20
9832.5209
 10
6612.0
 20
9832.5209
  0
LWPOLYLINE
  5
361
330
17
100
AcDbEntity
  8
STOU
100
AcDbPolyline
 90
4
 70
1
 10
6984.0
 20
9690.0209
 10
7338.0
 20
9690.0209
 10
7338.0
 20
9917.0209
 10
6984.0
 20
9917.0209
  0
LWPOLYLINE
  5
362
330
17
100
AcDbEntity
  8
STOU
100
AcDbPolyline
 90
4
 70
1
 10
7025.1001
 20
9725.5209
 10
7049.0996
 20
9725.5209
 10
7049.0996
 20
9737.5208
 10
7025.1001
 20
9737.5208
  0
LWPOLYLINE
  5
363
330
17
100
AcDbEntity
  8
STOU
100
AcDbPolyline
 90
4
 70
1
 10
7025.1001
 20
9869.5209
 10
7049.0996
 20
9869.5209
 10
7049.0996
 20
9881.5209
 10
7025.1001
 20
9881.5209
  0
LWPOLYLINE
  5
364
330
17
100
AcDbEntity
  8
STOU
100
AcDbPolyline
 90
4
 70
1
 10
7106.52
 20
9725.5209
 10
7130.5195
 20
9725.5209
 10
7130.5195
 20
9737.5208
 10
7106.52
 20
9737.5208
  0
LWPOLYLINE
  5
365
330
17
100
AcDbEntity
  8
STOU
100
AcDbPolyline
 90
4
 70
1
 10
7106.52
 20
9869.5209
 10
7130.5195
 20
9869.5209
 10
7130.5195
 20
9881.5209
 10
7106.52
 20
9881.5209
  0
LWPOLYLINE
  5
366
330
17
100
AcDbEntity
  8
STOU
100
AcDbPolyline
 90
4
 70
1
 10
7191.48
 20
9725.5209
 10
7215.4805
 20
9725.5209
 10
7215.4805
 20
9737.5208
 10
7191.48
 20
9737.5208
  0
LWPOLYLINE
  5
367
330
17
100
AcDbEntity
  8
STOU
100
AcDbPolyline
 90
4
 70
1
 10
7191.48
 20
9869.5209
 10
7215.4805
 20
9869.5209
 10
7215.4805
 20
9881.5209
 10
7191.48
 20
9881.5209
  0
LWPOLYLINE
  5
368
330
17
100
AcDbEntity
  8
STOU
100
AcDbPolyline
 90
4
 70
1
 10
7272.8999
 20
9725.5209
 10
7296.9004
 20
9725.5209
 10
7296.9004
 20
9737.5208
 10
7272.8999
 20
9737.5208
  0
LWPOLYLINE
  5
369
330
17
100
AcDbEntity
  8
STOU
100
AcDbPolyline
 90
4
 70
1
 10
7272.8999
 20
9869.5209
 10
7296.9004
 20
9869.5209
 10
7296.9004
 20
9881.5209
 10
7272.8999
 20
9881.5209
  0
LWPOLYLINE
  5
36A
330
17
100
AcDbEntity
  8
STOU
100
AcDbPolyline
 90
4
 70
1
 10
7151.0
 20
9747.5209
 10
7171.0
 20
9747.5209
 10
7171.0
 20
9763.5209
 10
7151.0
 20
9763.5209
  0
LWPOLYLINE
  5
36B
330
17
100
AcDbEntity
  8
STOU
100
AcDbPolyline
 90
4
 70
1
 10
7151.0
 20
9771.5209
 10
7171.0
 20
9771.5209
 10
7171.0
 20
9787.5208
 10
7151.0
 20
9787.5208
  0
LWPOLYLINE
  5
36C
330
17
100
AcDbEntity
  8
STOU
100
AcDbPolyline
 90
4
 70
1
 10
7151.0
 20
9795.5209
 10
7171.0
 20
9795.5209
 10
7171.0
 20
9811.5208
 10
7151.0
 20
9811.5208
  0
LWPOLYLINE
  5
36D
330
17
100
AcDbEntity
  8
STOU
100
AcDbPolyline
 90
4
 70
1
 10
7151.0
 20
9819.5209
 10
7171.0
 20
9819.5209
 10
7171.0
 20
9835.5209
 10
7151.0
 20
9835.5209
  0
LWPOLYLINE
  5
36E
330
17
100
AcDbEntity
  8
STOU
100
AcDbPolyline
 90
4
 70
1
 10
7151.0
 20
9843.5208
 10
7171.0
 20
9843.5208
 10
7171.0
 20
9859.5209
 10
7151.0
 20
9859.5209
  0
LWPOLYLINE
  5
36F
330
17
100
AcDbEntity
  8
STOU
100
AcDbPolyline
 90
4
 70
1
 10
7004.0
 20
9710.0209
 10
7318.0
 20
9710.0209
 10
7318.0
 20
9897.0208
 10
7004.0
 20
9897.0208
  0
LWPOLYLINE
  5
370
330
17
100
AcDbEntity
  8
STOU
100
AcDbPolyline
 90
4
 70
1
 10
7084.0
 20
9765.4209
 10
7214.0
 20
9765.4209
 10
7214.0
 20
9841.6208
 10
7084.0
 20
9841.6208
  0
LWPOLYLINE
  5
371
330
17
100
AcDbEntity
  8
STOU
100
AcDbPolyline
 90
4
 70
1
 10
7133.3999
 20
9791.5209
 10
7164.5996
 20
9791.5209
 10
7164.5996
 20
9815.5208
 10
7133.3999
 20
9815.5208
  0
LWPOLYLINE
  5
372
330
17
100
AcDbEntity
  8
STOU
100
AcDbPolyline
 90
4
 70
1
 10
7212.0005
 20
9774.5209
 10
7270.0005
 20
9774.5209
 10
7270.0005
 20
9832.5209
 10
7212.0005
 20
9832.5209
  0
LWPOLYLINE
  5
373
330
17
100
AcDbEntity
  8
STOU
100
AcDbPolyline
 90
4
 70
1
 10
7584.0
 20
9690.0209
 10
7938.0
 20
9690.0209
 10
7938.0
 20
9917.0209
 10
7584.0
 20
9917.0209
  0
LWPOLYLINE
  5
374
330
17
100
AcDbEntity
  8
STOU
100
AcDbPolyline
 90
4
 70
1
 10
7625.1001
 20
9725.5209
 10
7649.1001
 20
9725.5209
 10
7649.1001
 20
9737.5208
 10
7625.1001
 20
9737.5208
  0
LWPOLYLINE
  5
375
330
17
100
AcDbEntity
  8
STOU
100
AcDbPolyline
 90
4
 70
1
 10
7625.1001
 20
9869.5209
 10
7649.1001
 20
9869.5209
 10
7649.1001
 20
9881.5209
 10
7625.1001
 20
9881.5209
  0
LWPOLYLINE
  5
376
330
17
100
AcDbEntity
  8
STOU
100
AcDbPolyline
 90
4
 70
1
 10
7706.5205
 20
9725.5209
 10
7730.52
 20
9725.5209
 10
7730.52
 20
9737.5208
 10
7706.5205
 20
9737.5208
  0
LWPOLYLINE
  5
377
330
17
100
AcDbEntity
  8
STOU
100
AcDbPolyline
 90
4
 70
1
 10
7706.5205
 20
9869.5209
 10
7730.52
 20
9869.5209
 10
7730.52
 20
9881.5209
 10
7706.5205
 20
9881.5209
  0
LWPOLYLINE
  5
378
330
17
100
AcDbEntity
  8
STOU
100
AcDbPolyline
 90
4
 70
1
 10
7791.4805
 20
9725.5209
 10
7815.48
 20
9725.5209
 10
7815.48
 20
9737.5208
 10
7791.4805
 20
9737.5208
  0
LWPOLYLINE
  5
379
330
17
100
AcDbEntity
  8
STOU
100
AcDbPolyline
 90
4
 70
1
 10
7791.4805
 20
9869.5209
 10
7815.48
 20
9869.5209
 10
7815.48
 20
9881.5209
 10
7791.4805
 20
9881.5209
  0
LWPOLYLINE
  5
37A
330
17
100
AcDbEntity
  8
STOU
100
AcDbPolyline
 90
4
 70
1
 10
7872.9004
 20
9725.5209
 10
7896.8999
 20
9725.5209
 10
7896.8999
 20
9737.5208
 10
7872.9004
 20
9737.5208
  0
LWPOLYLINE
  5
37B
330
17
100
AcDbEntity
  8
STOU
100
AcDbPolyline
 90
4
 70
1
 10
7872.9004
 20
9869.5209
 10
7896.8999
 20
9869.5209
 10
7896.8999
 20
9881.5209
 10
7872.9004
 20
9881.5209
  0
LWPOLYLINE
  5
37C
330
17
100
AcDbEntity
  8
STOU
100
AcDbPolyline
 90
4
 70
1
 10
7751.0005
 20
9747.5209
 10
7771.0005
 20
9747.5209
 10
7771.0005
 20
9763.5209
 10
7751.0005
 20
9763.5209
  0
LWPOLYLINE
  5
37D
330
17
100
AcDbEntity
  8
STOU
100
AcDbPolyline
 90
4
 70
1
 10
7751.0005
 20
9771.5209
 10
7771.0005
 20
9771.5209
 10
7771.0005
 20
9787.5208
 10
7751.0005
 20
9787.5208
  0
LWPOLYLINE
  5
37E
330
17
100
AcDbEntity
  8
STOU
100
AcDbPolyline
 90
4
 70
1
 10
7751.0005
 20
9795.5209
 10
7771.0005
 20
9795.5209
 10
7771.0005
 20
9811.5208
 10
7751.0005
 20
9811.5208
  0
LWPOLYLINE
  5
37F
330
17
100
AcDbEntity
  8
STOU
100
AcDbPolyline
 90
4
 70
1
 10
7751.0005
 20
9819.5209
 10
7771.0005
 20
9819.5209
 10
7771.0005
 20
9835.5209
 10
7751.0005
 20
9835.5209
  0
LWPOLYLINE
  5
380
330
17
100
AcDbEntity
  8
STOU
100
AcDbPolyline
 90
4
 70
1
 10
7751.0005
 20
9843.5208
 10
7771.0005
 20
9843.5208
 10
7771.0005
 20
9859.5209
 10
7751.0005
 20
9859.5209
  0
LWPOLYLINE
  5
381
330
17
100
AcDbEntity
  8
STOU
100
AcDbPolyline
 90
4
 70
1
 10
7604.0
 20
9710.0209
 10
7918.0
 20
9710.0209
 10
7918.0
 20
9897.0208
 10
7604.0
 20
9897.0208
  0
LWPOLYLINE
  5
382
330
17
100
AcDbEntity
  8
STOU
100
AcDbPolyline
 90
4
 70
1
 10
7684.0005
 20
9765.4209
 10
7814.0
 20
9765.4209
 10
7814.0
 20
9841.6208
 10
7684.0005
 20
9841.6208
  0
LWPOLYLINE
  5
383
330
17
100
AcDbEntity
  8
STOU
100
AcDbPolyline
 90
4
 70
1
 10
7733.4004
 20
9791.5209
 10
7764.6001
 20
9791.5209
 10
7764.6001
 20
9815.5208
 10
7733.4004
 20
9815.5208
  0
LWPOLYLINE
  5
384
330
17
100
AcDbEntity
  8
STOU
100
AcDbPolyline
 90
4
 70
1
 10
7812.0
 20
9774.5209
 10
7870.0005
 20
9774.5209
 10
7870.0005
 20
9832.5209
 10
7812.0
 20
9832.5209
  0
LWPOLYLINE
  5
385
330
17
100
AcDbEntity
  8
STOU
100
AcDbPolyline
 90
4
 70
1
 10
8834.0
 20
9690.0209
 10
9188.0
 20
9690.0209
 10
9188.0
 20
9917.0209
 10
8834.0
 20
9917.0209
  0
LWPOLYLINE
  5
386
330
17
100
AcDbEntity
  8
STOU
100
AcDbPolyline
 90
4
 70
1
 10
8875.1001
 20
9725.5209
 10
8899.1001
 20
9725.5209
 10
8899.1001
 20
9737.5208
 10
8875.1001
 20
9737.5208
  0
LWPOLYLINE
  5
387
330
17
100
AcDbEntity
  8
STOU
100
AcDbPolyline
 90
4
 70
1
 10
8875.1001
 20
9869.5209
 10
8899.1001
 20
9869.5209
 10
8899.1001
 20
9881.5209
 10
8875.1001
 20
9881.5209
  0
LWPOLYLINE
  5
388
330
17
100
AcDbEntity
  8
STOU
100
AcDbPolyline
 90
4
 70
1
 10
8956.520499999999
 20
9725.5209
 10
8980.5195
 20
9725.5209
 10
8980.5195
 20
9737.5208
 10
8956.520499999999
 20
9737.5208
  0
LWPOLYLINE
  5
389
330
17
100
AcDbEntity
  8
STOU
100
AcDbPolyline
 90
4
 70
1
 10
8956.520499999999
 20
9869.5209
 10
8980.5195
 20
9869.5209
 10
8980.5195
 20
9881.5209
 10
8956.520499999999
 20
9881.5209
  0
LWPOLYLINE
  5
38A
330
17
100
AcDbEntity
  8
STOU
100
AcDbPolyline
 90
4
 70
1
 10
9041.4805
 20
9725.5209
 10
9065.479500000001
 20
9725.5209
 10
9065.479500000001
 20
9737.5208
 10
9041.4805
 20
9737.5208
  0
LWPOLYLINE
  5
38B
330
17
100
AcDbEntity
  8
STOU
100
AcDbPolyline
 90
4
 70
1
 10
9041.4805
 20
9869.5209
 10
9065.479500000001
 20
9869.5209
 10
9065.479500000001
 20
9881.5209
 10
9041.4805
 20
9881.5209
  0
LWPOLYLINE
  5
38C
330
17
100
AcDbEntity
  8
STOU
100
AcDbPolyline
 90
4
 70
1
 10
9122.9004
 20
9725.5209
 10
9146.8994
 20
9725.5209
 10
9146.8994
 20
9737.5208
 10
9122.9004
 20
9737.5208
  0
LWPOLYLINE
  5
38D
330
17
100
AcDbEntity
  8
STOU
100
AcDbPolyline
 90
4
 70
1
 10
9122.9004
 20
9869.5209
 10
9146.8994
 20
9869.5209
 10
9146.8994
 20
9881.5209
 10
9122.9004
 20
9881.5209
  0
LWPOLYLINE
  5
38E
330
17
100
AcDbEntity
  8
STOU
100
AcDbPolyline
 90
4
 70
1
 10
9001.0
 20
9747.5209
 10
9021.0005
 20
9747.5209
 10
9021.0005
 20
9763.5209
 10
9001.0
 20
9763.5209
  0
LWPOLYLINE
  5
38F
330
17
100
AcDbEntity
  8
STOU
100
AcDbPolyline
 90
4
 70
1
 10
9001.0
 20
9771.5209
 10
9021.0005
 20
9771.5209
 10
9021.0005
 20
9787.5208
 10
9001.0
 20
9787.5208
  0
LWPOLYLINE
  5
390
330
17
100
AcDbEntity
  8
STOU
100
AcDbPolyline
 90
4
 70
1
 10
9001.0
 20
9795.5209
 10
9021.0005
 20
9795.5209
 10
9021.0005
 20
9811.5208
 10
9001.0
 20
9811.5208
  0
LWPOLYLINE
  5
391
330
17
100
AcDbEntity
  8
STOU
100
AcDbPolyline
 90
4
 70
1
 10
9001.0
 20
9819.5209
 10
9021.0005
 20
9819.5209
 10
9021.0005
 20
9835.5209
 10
9001.0
 20
9835.5209
  0
LWPOLYLINE
  5
392
330
17
100
AcDbEntity
  8
STOU
100
AcDbPolyline
 90
4
 70
1
 10
9001.0
 20
9843.5208
 10
9021.0005
 20
9843.5208
 10
9021.0005
 20
9859.5209
 10
9001.0
 20
9859.5209
  0
LWPOLYLINE
  5
393
330
17
100
AcDbEntity
  8
STOU
100
AcDbPolyline
 90
4
 70
1
 10
8854.0
 20
9710.0209
 10
9168.0
 20
9710.0209
 10
9168.0
 20
9897.0208
 10
8854.0
 20
9897.0208
  0
LWPOLYLINE
  5
394
330
17
100
AcDbEntity
  8
STOU
100
AcDbPolyline
 90
4
 70
1
 10
8934.0005
 20
9765.4209
 10
9063.9995
 20
9765.4209
 10
9063.9995
 20
9841.6208
 10
8934.0005
 20
9841.6208
  0
LWPOLYLINE
  5
395
330
17
100
AcDbEntity
  8
STOU
100
AcDbPolyline
 90
4
 70
1
 10
8983.3999
 20
9791.5209
 10
9014.6001
 20
9791.5209
 10
9014.6001
 20
9815.5208
 10
8983.3999
 20
9815.5208
  0
LWPOLYLINE
  5
396
330
17
100
AcDbEntity
  8
STOU
100
AcDbPolyline
 90
4
 70
1
 10
9061.9995
 20
9774.5209
 10
9120.0
 20
9774.5209
 10
9120.0
 20
9832.5209
 10
9061.9995
 20
9832.5209
  0
LWPOLYLINE
  5
397
330
17
100
AcDbEntity
  8
STOU
100
AcDbPolyline
 90
4
 70
1
 10
9984.0
 20
9690.0209
 10
10338.0
 20
9690.0209
 10
10338.0
 20
9917.0209
 10
9984.0
 20
9917.0209
  0
LWPOLYLINE
  5
398
330
17
100
AcDbEntity
  8
STOU
100
AcDbPolyline
 90
4
 70
1
 10
10025.1006
 20
9725.5209
 10
10049.0996
 20
9725.5209
 10
10049.0996
 20
9737.5208
 10
10025.1006
 20
9737.5208
  0
LWPOLYLINE
  5
399
330
17
100
AcDbEntity
  8
STOU
100
AcDbPolyline
 90
4
 70
1
 10
10025.1006
 20
9869.5209
 10
10049.0996
 20
9869.5209
 10
10049.0996
 20
9881.5209
 10
10025.1006
 20
9881.5209
  0
LWPOLYLINE
  5
39A
330
17
100
AcDbEntity
  8
STOU
100
AcDbPolyline
 90
4
 70
1
 10
10106.5205
 20
9725.5209
 10
10130.5205
 20
9725.5209
 10
10130.5205
 20
9737.5208
 10
10106.5205
 20
9737.5208
  0
LWPOLYLINE
  5
39B
330
17
100
AcDbEntity
  8
STOU
100
AcDbPolyline
 90
4
 70
1
 10
10106.5205
 20
9869.5209
 10
10130.5205
 20
9869.5209
 10
10130.5205
 20
9881.5209
 10
10106.5205
 20
9881.5209
  0
LWPOLYLINE
  5
39C
330
17
100
AcDbEntity
  8
STOU
100
AcDbPolyline
 90
4
 70
1
 10
10191.4805
 20
9725.5209
 10
10215.4805
 20
9725.5209
 10
10215.4805
 20
9737.5208
 10
10191.4805
 20
9737.5208
  0
LWPOLYLINE
  5
39D
330
17
100
AcDbEntity
  8
STOU
100
AcDbPolyline
 90
4
 70
1
 10
10191.4805
 20
9869.5209
 10
10215.4805
 20
9869.5209
 10
10215.4805
 20
9881.5209
 10
10191.4805
 20
9881.5209
  0
LWPOLYLINE
  5
39E
330
17
100
AcDbEntity
  8
STOU
100
AcDbPolyline
 90
4
 70
1
 10
10272.9004
 20
9725.5209
 10
10296.9004
 20
9725.5209
 10
10296.9004
 20
9737.5208
 10
10272.9004
 20
9737.5208
  0
LWPOLYLINE
  5
39F
330
17
100
AcDbEntity
  8
STOU
100
AcDbPolyline
 90
4
 70
1
 10
10272.9004
 20
9869.5209
 10
10296.9004
 20
9869.5209
 10
10296.9004
 20
9881.5209
 10
10272.9004
 20
9881.5209
  0
LWPOLYLINE
  5
3A0
330
17
100
AcDbEntity
  8
STOU
100
AcDbPolyline
 90
4
 70
1
 10
10150.999
 20
9747.5209
 10
10171.0
 20
9747.5209
 10
10171.0
 20
9763.5209
 10
10150.999
 20
9763.5209
  0
LWPOLYLINE
  5
3A1
330
17
100
AcDbEntity
  8
STOU
100
AcDbPolyline
 90
4
 70
1
 10
10150.999
 20
9771.5209
 10
10171.0
 20
9771.5209
 10
10171.0
 20
9787.5208
 10
10150.999
 20
9787.5208
  0
LWPOLYLINE
  5
3A2
330
17
100
AcDbEntity
  8
STOU
100
AcDbPolyline
 90
4
 70
1
 10
10150.999
 20
9795.5209
 10
10171.0
 20
9795.5209
 10
10171.0
 20
9811.5208
 10
10150.999
 20
9811.5208
  0
LWPOLYLINE
  5
3A3
330
17
100
AcDbEntity
  8
STOU
100
AcDbPolyline
 90
4
 70
1
 10
10150.999
 20
9819.5209
 10
10171.0
 20
9819.5209
 10
10171.0
 20
9835.5209
 10
10150.999
 20
9835.5209
  0
LWPOLYLINE
  5
3A4
330
17
100
AcDbEntity
  8
STOU
100
AcDbPolyline
 90
4
 70
1
 10
10150.999
 20
9843.5208
 10
10171.0
 20
9843.5208
 10
10171.0
 20
9859.5209
 10
10150.999
 20
9859.5209
  0
LWPOLYLINE
  5
3A5
330
17
100
AcDbEntity
  8
STOU
100
AcDbPolyline
 90
4
 70
1
 10
10004.0
 20
9710.0209
 10
10318.0
 20
9710.0209
 10
10318.0
 20
9897.0208
 10
10004.0
 20
9897.0208
  0
LWPOLYLINE
  5
3A6
330
17
100
AcDbEntity
  8
STOU
100
AcDbPolyline
 90
4
 70
1
 10
10084.0
 20
9765.4209
 10
10214.0
 20
9765.4209
 10
10214.0
 20
9841.6208
 10
10084.0
 20
9841.6208
  0
LWPOLYLINE
  5
3A7
330
17
100
AcDbEntity
  8
STOU
100
AcDbPolyline
 90
4
 70
1
 10
10133.3994
 20
9791.5209
 10
10164.5996
 20
9791.5209
 10
10164.5996
 20
9815.5208
 10
10133.3994
 20
9815.5208
  0
LWPOLYLINE
  5
3A8
330
17
100
AcDbEntity
  8
STOU
100
AcDbPolyline
 90
4
 70
1
 10
10211.999
 20
9774.5209
 10
10270.0
 20
9774.5209
 10
10270.0
 20
9832.5209
 10
10211.999
 20
9832.5209
  0
LWPOLYLINE
  5
3A9
330
17
100
AcDbEntity
  8
STOU
100
AcDbPolyline
 90
4
 70
1
 10
11134.0
 20
9690.0209
 10
11488.0
 20
9690.0209
 10
11488.0
 20
9917.0209
 10
11134.0
 20
9917.0209
  0
LWPOLYLINE
  5
3AA
330
17
100
AcDbEntity
  8
STOU
100
AcDbPolyline
 90
4
 70
1
 10
11175.1006
 20
9725.5209
 10
11199.0996
 20
9725.5209
 10
11199.0996
 20
9737.5208
 10
11175.1006
 20
9737.5208
  0
LWPOLYLINE
  5
3AB
330
17
100
AcDbEntity
  8
STOU
100
AcDbPolyline
 90
4
 70
1
 10
11175.1006
 20
9869.5209
 10
11199.0996
 20
9869.5209
 10
11199.0996
 20
9881.5209
 10
11175.1006
 20
9881.5209
  0
LWPOLYLINE
  5
3AC
330
17
100
AcDbEntity
  8
STOU
100
AcDbPolyline
 90
4
 70
1
 10
11256.5205
 20
9725.5209
 10
11280.5195
 20
9725.5209
 10
11280.5195
 20
9737.5208
 10
11256.5205
 20
9737.5208
  0
LWPOLYLINE
  5
3AD
330
17
100
AcDbEntity
  8
STOU
100
AcDbPolyline
 90
4
 70
1
 10
11256.5205
 20
9869.5209
 10
11280.5195
 20
9869.5209
 10
11280.5195
 20
9881.5209
 10
11256.5205
 20
9881.5209
  0
LWPOLYLINE
  5
3AE
330
17
100
AcDbEntity
  8
STOU
100
AcDbPolyline
 90
4
 70
1
 10
11341.4805
 20
9725.5209
 10
11365.4795
 20
9725.5209
 10
11365.4795
 20
9737.5208
 10
11341.4805
 20
9737.5208
  0
LWPOLYLINE
  5
3AF
330
17
100
AcDbEntity
  8
STOU
100
AcDbPolyline
 90
4
 70
1
 10
11341.4805
 20
9869.5209
 10
11365.4795
 20
9869.5209
 10
11365.4795
 20
9881.5209
 10
11341.4805
 20
9881.5209
  0
LWPOLYLINE
  5
3B0
330
17
100
AcDbEntity
  8
STOU
100
AcDbPolyline
 90
4
 70
1
 10
11422.9004
 20
9725.5209
 10
11446.8994
 20
9725.5209
 10
11446.8994
 20
9737.5208
 10
11422.9004
 20
9737.5208
  0
LWPOLYLINE
  5
3B1
330
17
100
AcDbEntity
  8
STOU
100
AcDbPolyline
 90
4
 70
1
 10
11422.9004
 20
9869.5209
 10
11446.8994
 20
9869.5209
 10
11446.8994
 20
9881.5209
 10
11422.9004
 20
9881.5209
  0
LWPOLYLINE
  5
3B2
330
17
100
AcDbEntity
  8
STOU
100
AcDbPolyline
 90
4
 70
1
 10
11301.0
 20
9747.5209
 10
11321.0
 20
9747.5209
 10
11321.0
 20
9763.5209
 10
11301.0
 20
9763.5209
  0
LWPOLYLINE
  5
3B3
330
17
100
AcDbEntity
  8
STOU
100
AcDbPolyline
 90
4
 70
1
 10
11301.0
 20
9771.5209
 10
11321.0
 20
9771.5209
 10
11321.0
 20
9787.5208
 10
11301.0
 20
9787.5208
  0
LWPOLYLINE
  5
3B4
330
17
100
AcDbEntity
  8
STOU
100
AcDbPolyline
 90
4
 70
1
 10
11301.0
 20
9795.5209
 10
11321.0
 20
9795.5209
 10
11321.0
 20
9811.5208
 10
11301.0
 20
9811.5208
  0
LWPOLYLINE
  5
3B5
330
17
100
AcDbEntity
  8
STOU
100
AcDbPolyline
 90
4
 70
1
 10
11301.0
 20
9819.5209
 10
11321.0
 20
9819.5209
 10
11321.0
 20
9835.5209
 10
11301.0
 20
9835.5209
  0
LWPOLYLINE
  5
3B6
330
17
100
AcDbEntity
  8
STOU
100
AcDbPolyline
 90
4
 70
1
 10
11301.0
 20
9843.5208
 10
11321.0
 20
9843.5208
 10
11321.0
 20
9859.5209
 10
11301.0
 20
9859.5209
  0
LWPOLYLINE
  5
3B7
330
17
100
AcDbEntity
  8
STOU
100
AcDbPolyline
 90
4
 70
1
 10
11154.001
 20
9710.0209
 10
11468.0
 20
9710.0209
 10
11468.0
 20
9897.0208
 10
11154.001
 20
9897.0208
  0
LWPOLYLINE
  5
3B8
330
17
100
AcDbEntity
  8
STOU
100
AcDbPolyline
 90
4
 70
1
 10
11234.001
 20
9765.4209
 10
11364.001
 20
9765.4209
 10
11364.001
 20
9841.6208
 10
11234.001
 20
9841.6208
  0
LWPOLYLINE
  5
3B9
330
17
100
AcDbEntity
  8
STOU
100
AcDbPolyline
 90
4
 70
1
 10
11283.4004
 20
9791.5209
 10
11314.6006
 20
9791.5209
 10
11314.6006
 20
9815.5208
 10
11283.4004
 20
9815.5208
  0
LWPOLYLINE
  5
3BA
330
17
100
AcDbEntity
  8
STOU
100
AcDbPolyline
 90
4
 70
1
 10
11362.0
 20
9774.5209
 10
11420.0
 20
9774.5209
 10
11420.0
 20
9832.5209
 10
11362.0
 20
9832.5209
  0
LWPOLYLINE
  5
3BB
330
17
100
AcDbEntity
  8
STOU
100
AcDbPolyline
 90
4
 70
1
 10
12534.0
 20
9690.0209
 10
12888.0
 20
9690.0209
 10
12888.0
 20
9917.0209
 10
12534.0
 20
9917.0209
  0
LWPOLYLINE
  5
3BC
330
17
100
AcDbEntity
  8
STOU
100
AcDbPolyline
 90
4
 70
1
 10
12575.1006
 20
9725.5209
 10
12599.0996
 20
9725.5209
 10
12599.0996
 20
9737.5208
 10
12575.1006
 20
9737.5208
  0
LWPOLYLINE
  5
3BD
330
17
100
AcDbEntity
  8
STOU
100
AcDbPolyline
 90
4
 70
1
 10
12575.1006
 20
9869.5209
 10
12599.0996
 20
9869.5209
 10
12599.0996
 20
9881.5209
 10
12575.1006
 20
9881.5209
  0
LWPOLYLINE
  5
3BE
330
17
100
AcDbEntity
  8
STOU
100
AcDbPolyline
 90
4
 70
1
 10
12656.5205
 20
9725.5209
 10
12680.5195
 20
9725.5209
 10
12680.5195
 20
9737.5208
 10
12656.5205
 20
9737.5208
  0
LWPOLYLINE
  5
3BF
330
17
100
AcDbEntity
  8
STOU
100
AcDbPolyline
 90
4
 70
1
 10
12656.5205
 20
9869.5209
 10
12680.5195
 20
9869.5209
 10
12680.5195
 20
9881.5209
 10
12656.5205
 20
9881.5209
  0
LWPOLYLINE
  5
3C0
330
17
100
AcDbEntity
  8
STOU
100
AcDbPolyline
 90
4
 70
1
 10
12741.4805
 20
9725.5209
 10
12765.4795
 20
9725.5209
 10
12765.4795
 20
9737.5208
 10
12741.4805
 20
9737.5208
  0
LWPOLYLINE
  5
3C1
330
17
100
AcDbEntity
  8
STOU
100
AcDbPolyline
 90
4
 70
1
 10
12741.4805
 20
9869.5209
 10
12765.4795
 20
9869.5209
 10
12765.4795
 20
9881.5209
 10
12741.4805
 20
9881.5209
  0
LWPOLYLINE
  5
3C2
330
17
100
AcDbEntity
  8
STOU
100
AcDbPolyline
 90
4
 70
1
 10
12822.9004
 20
9725.5209
 10
12846.8994
 20
9725.5209
 10
12846.8994
 20
9737.5208
 10
12822.9004
 20
9737.5208
  0
LWPOLYLINE
  5
3C3
330
17
100
AcDbEntity
  8
STOU
100
AcDbPolyline
 90
4
 70
1
 10
12822.9004
 20
9869.5209
 10
12846.8994
 20
9869.5209
 10
12846.8994
 20
9881.5209
 10
12822.9004
 20
9881.5209
  0
LWPOLYLINE
  5
3C4
330
17
100
AcDbEntity
  8
STOU
100
AcDbPolyline
 90
4
 70
1
 10
12701.0
 20
9747.5209
 10
12721.0
 20
9747.5209
 10
12721.0
 20
9763.5209
 10
12701.0
 20
9763.5209
  0
LWPOLYLINE
  5
3C5
330
17
100
AcDbEntity
  8
STOU
100
AcDbPolyline
 90
4
 70
1
 10
12701.0
 20
9771.5209
 10
12721.0
 20
9771.5209
 10
12721.0
 20
9787.5208
 10
12701.0
 20
9787.5208
  0
LWPOLYLINE
  5
3C6
330
17
100
AcDbEntity
  8
STOU
100
AcDbPolyline
 90
4
 70
1
 10
12701.0
 20
9795.5209
 10
12721.0
 20
9795.5209
 10
12721.0
 20
9811.5208
 10
12701.0
 20
9811.5208
  0
LWPOLYLINE
  5
3C7
330
17
100
AcDbEntity
  8
STOU
100
AcDbPolyline
 90
4
 70
1
 10
12701.0
 20
9819.5209
 10
12721.0
 20
9819.5209
 10
12721.0
 20
9835.5209
 10
12701.0
 20
9835.5209
  0
LWPOLYLINE
  5
3C8
330
17
100
AcDbEntity
  8
STOU
100
AcDbPolyline
 90
4
 70
1
 10
12701.0
 20
9843.5208
 10
12721.0
 20
9843.5208
 10
12721.0
 20
9859.5209
 10
12701.0
 20
9859.5209
  0
LWPOLYLINE
  5
3C9
330
17
100
AcDbEntity
  8
STOU
100
AcDbPolyline
 90
4
 70
1
 10
12554.0
 20
9710.0209
 10
12867.999
 20
9710.0209
 10
12867.999
 20
9897.0208
 10
12554.0
 20
9897.0208
  0
LWPOLYLINE
  5
3CA
330
17
100
AcDbEntity
  8
STOU
100
AcDbPolyline
 90
4
 70
1
 10
12634.0
 20
9765.4209
 10
12764.0
 20
9765.4209
 10
12764.0
 20
9841.6208
 10
12634.0
 20
9841.6208
  0
LWPOLYLINE
  5
3CB
330
17
100
AcDbEntity
  8
STOU
100
AcDbPolyline
 90
4
 70
1
 10
12683.3994
 20
9791.5209
 10
12714.5996
 20
9791.5209
 10
12714.5996
 20
9815.5208
 10
12683.3994
 20
9815.5208
  0
LWPOLYLINE
  5
3CC
330
17
100
AcDbEntity
  8
STOU
100
AcDbPolyline
 90
4
 70
1
 10
12762.0
 20
9774.5209
 10
12820.0
 20
9774.5209
 10
12820.0
 20
9832.5209
 10
12762.0
 20
9832.5209
  0
LWPOLYLINE
  5
3CD
330
17
100
AcDbEntity
  8
STOU
100
AcDbPolyline
 90
4
 70
1
 10
12923.0
 20
9690.0209
 10
13277.0
 20
9690.0209
 10
13277.0
 20
9917.0209
 10
12923.0
 20
9917.0209
  0
LWPOLYLINE
  5
3CE
330
17
100
AcDbEntity
  8
STOU
100
AcDbPolyline
 90
4
 70
1
 10
12964.1006
 20
9725.5209
 10
12988.1006
 20
9725.5209
 10
12988.1006
 20
9737.5208
 10
12964.1006
 20
9737.5208
  0
LWPOLYLINE
  5
3CF
330
17
100
AcDbEntity
  8
STOU
100
AcDbPolyline
 90
4
 70
1
 10
12964.1006
 20
9869.5209
 10
12988.1006
 20
9869.5209
 10
12988.1006
 20
9881.5209
 10
12964.1006
 20
9881.5209
  0
LWPOLYLINE
  5
3D0
330
17
100
AcDbEntity
  8
STOU
100
AcDbPolyline
 90
4
 70
1
 10
13045.5205
 20
9725.5209
 10
13069.5205
 20
9725.5209
 10
13069.5205
 20
9737.5208
 10
13045.5205
 20
9737.5208
  0
LWPOLYLINE
  5
3D1
330
17
100
AcDbEntity
  8
STOU
100
AcDbPolyline
 90
4
 70
1
 10
13045.5205
 20
9869.5209
 10
13069.5205
 20
9869.5209
 10
13069.5205
 20
9881.5209
 10
13045.5205
 20
9881.5209
  0
LWPOLYLINE
  5
3D2
330
17
100
AcDbEntity
  8
STOU
100
AcDbPolyline
 90
4
 70
1
 10
13130.4805
 20
9725.5209
 10
13154.4805
 20
9725.5209
 10
13154.4805
 20
9737.5208
 10
13130.4805
 20
9737.5208
  0
LWPOLYLINE
  5
3D3
330
17
100
AcDbEntity
  8
STOU
100
AcDbPolyline
 90
4
 70
1
 10
13130.4805
 20
9869.5209
 10
13154.4805
 20
9869.5209
 10
13154.4805
 20
9881.5209
 10
13130.4805
 20
9881.5209
  0
LWPOLYLINE
  5
3D4
330
17
100
AcDbEntity
  8
STOU
100
AcDbPolyline
 90
4
 70
1
 10
13211.9004
 20
9725.5209
 10
13235.9004
 20
9725.5209
 10
13235.9004
 20
9737.5208
 10
13211.9004
 20
9737.5208
  0
LWPOLYLINE
  5
3D5
330
17
100
AcDbEntity
  8
STOU
100
AcDbPolyline
 90
4
 70
1
 10
13211.9004
 20
9869.5209
 10
13235.9004
 20
9869.5209
 10
13235.9004
 20
9881.5209
 10
13211.9004
 20
9881.5209
  0
LWPOLYLINE
  5
3D6
330
17
100
AcDbEntity
  8
STOU
100
AcDbPolyline
 90
4
 70
1
 10
13090.0
 20
9747.5209
 10
13110.0
 20
9747.5209
 10
13110.0
 20
9763.5209
 10
13090.0
 20
9763.5209
  0
LWPOLYLINE
  5
3D7
330
17
100
AcDbEntity
  8
STOU
100
AcDbPolyline
 90
4
 70
1
 10
13090.0
 20
9771.5209
 10
13110.0
 20
9771.5209
 10
13110.0
 20
9787.5208
 10
13090.0
 20
9787.5208
  0
LWPOLYLINE
  5
3D8
330
17
100
AcDbEntity
  8
STOU
100
AcDbPolyline
 90
4
 70
1
 10
13090.0
 20
9795.5209
 10
13110.0
 20
9795.5209
 10
13110.0
 20
9811.5208
 10
13090.0
 20
9811.5208
  0
LWPOLYLINE
  5
3D9
330
17
100
AcDbEntity
  8
STOU
100
AcDbPolyline
 90
4
 70
1
 10
13090.0
 20
9819.5209
 10
13110.0
 20
9819.5209
 10
13110.0
 20
9835.5209
 10
13090.0
 20
9835.5209
  0
LWPOLYLINE
  5
3DA
330
17
100
AcDbEntity
  8
STOU
100
AcDbPolyline
 90
4
 70
1
 10
13090.0
 20
9843.5208
 10
13110.0
 20
9843.5208
 10
13110.0
 20
9859.5209
 10
13090.0
 20
9859.5209
  0
LWPOLYLINE
  5
3DB
330
17
100
AcDbEntity
  8
STOU
100
AcDbPolyline
 90
4
 70
1
 10
12943.0
 20
9710.0209
 10
13257.0
 20
9710.0209
 10
13257.0
 20
9897.0208
 10
12943.0
 20
9897.0208
  0
LWPOLYLINE
  5
3DC
330
17
100
AcDbEntity
  8
STOU
100
AcDbPolyline
 90
4
 70
1
 10
13023.0
 20
9765.4209
 10
13153.0
 20
9765.4209
 10
13153.0
 20
9841.6208
 10
13023.0
 20
9841.6208
  0
LWPOLYLINE
  5
3DD
330
17
100
AcDbEntity
  8
STOU
100
AcDbPolyline
 90
4
 70
1
 10
13072.4004
 20
9791.5209
 10
13103.5996
 20
9791.5209
 10
13103.5996
 20
9815.5208
 10
13072.4004
 20
9815.5208
  0
LWPOLYLINE
  5
3DE
330
17
100
AcDbEntity
  8
STOU
100
AcDbPolyline
 90
4
 70
1
 10
13150.999
 20
9774.5209
 10
13209.0
 20
9774.5209
 10
13209.0
 20
9832.5209
 10
13150.999
 20
9832.5209
  0
LWPOLYLINE
  5
3DF
330
17
100
AcDbEntity
  8
STOU
100
AcDbPolyline
 90
4
 70
1
 10
13373.0
 20
9690.0209
 10
13727.0
 20
9690.0209
 10
13727.0
 20
9917.0209
 10
13373.0
 20
9917.0209
  0
LWPOLYLINE
  5
3E0
330
17
100
AcDbEntity
  8
STOU
100
AcDbPolyline
 90
4
 70
1
 10
13414.0996
 20
9725.5209
 10
13438.0996
 20
9725.5209
 10
13438.0996
 20
9737.5209
 10
13414.0996
 20
9737.5209
  0
LWPOLYLINE
  5
3E1
330
17
100
AcDbEntity
  8
STOU
100
AcDbPolyline
 90
4
 70
1
 10
13414.0996
 20
9869.5209
 10
13438.0996
 20
9869.5209
 10
13438.0996
 20
9881.5209
 10
13414.0996
 20
9881.5209
  0
LWPOLYLINE
  5
3E2
330
17
100
AcDbEntity
  8
STOU
100
AcDbPolyline
 90
4
 70
1
 10
13495.5
 20
9725.5209
 10
13519.499
 20
9725.5209
 10
13519.499
 20
9737.5209
 10
13495.5
 20
9737.5209
  0
LWPOLYLINE
  5
3E3
330
17
100
AcDbEntity
  8
STOU
100
AcDbPolyline
 90
4
 70
1
 10
13495.5
 20
9869.5209
 10
13519.499
 20
9869.5209
 10
13519.499
 20
9881.5209
 10
13495.5
 20
9881.5209
  0
LWPOLYLINE
  5
3E4
330
17
100
AcDbEntity
  8
STOU
100
AcDbPolyline
 90
4
 70
1
 10
13580.5
 20
9725.5209
 10
13604.499
 20
9725.5209
 10
13604.499
 20
9737.5209
 10
13580.5
 20
9737.5209
  0
LWPOLYLINE
  5
3E5
330
17
100
AcDbEntity
  8
STOU
100
AcDbPolyline
 90
4
 70
1
 10
13580.5
 20
9869.5209
 10
13604.499
 20
9869.5209
 10
13604.499
 20
9881.5209
 10
13580.5
 20
9881.5209
  0
LWPOLYLINE
  5
3E6
330
17
100
AcDbEntity
  8
STOU
100
AcDbPolyline
 90
4
 70
1
 10
13661.9004
 20
9725.5209
 10
13685.8994
 20
9725.5209
 10
13685.8994
 20
9737.5209
 10
13661.9004
 20
9737.5209
  0
LWPOLYLINE
  5
3E7
330
17
100
AcDbEntity
  8
STOU
100
AcDbPolyline
 90
4
 70
1
 10
13661.9004
 20
9869.5209
 10
13685.8994
 20
9869.5209
 10
13685.8994
 20
9881.5209
 10
13661.9004
 20
9881.5209
  0
LWPOLYLINE
  5
3E8
330
17
100
AcDbEntity
  8
STOU
100
AcDbPolyline
 90
4
 70
1
 10
13539.999
 20
9747.5209
 10
13560.0
 20
9747.5209
 10
13560.0
 20
9763.5209
 10
13539.999
 20
9763.5209
  0
LWPOLYLINE
  5
3E9
330
17
100
AcDbEntity
  8
STOU
100
AcDbPolyline
 90
4
 70
1
 10
13539.999
 20
9771.5209
 10
13560.0
 20
9771.5209
 10
13560.0
 20
9787.5209
 10
13539.999
 20
9787.5209
  0
LWPOLYLINE
  5
3EA
330
17
100
AcDbEntity
  8
STOU
100
AcDbPolyline
 90
4
 70
1
 10
13539.999
 20
9795.5209
 10
13560.0
 20
9795.5209
 10
13560.0
 20
9811.5209
 10
13539.999
 20
9811.5209
  0
LWPOLYLINE
  5
3EB
330
17
100
AcDbEntity
  8
STOU
100
AcDbPolyline
 90
4
 70
1
 10
13539.999
 20
9819.5209
 10
13560.0
 20
9819.5209
 10
13560.0
 20
9835.5209
 10
13539.999
 20
9835.5209
  0
LWPOLYLINE
  5
3EC
330
17
100
AcDbEntity
  8
STOU
100
AcDbPolyline
 90
4
 70
1
 10
13539.999
 20
9843.5209
 10
13560.0
 20
9843.5209
 10
13560.0
 20
9859.5209
 10
13539.999
 20
9859.5209
  0
LWPOLYLINE
  5
3ED
330
17
100
AcDbEntity
  8
STOU
100
AcDbPolyline
 90
4
 70
1
 10
13393.0
 20
9710.0209
 10
13706.999
 20
9710.0209
 10
13706.999
 20
9897.0209
 10
13393.0
 20
9897.0209
  0
LWPOLYLINE
  5
3EE
330
17
100
AcDbEntity
  8
STOU
100
AcDbPolyline
 90
4
 70
1
 10
13473.0
 20
9765.4209
 10
13603.0
 20
9765.4209
 10
13603.0
 20
9841.6208
 10
13473.0
 20
9841.6208
  0
LWPOLYLINE
  5
3EF
330
17
100
AcDbEntity
  8
STOU
100
AcDbPolyline
 90
4
 70
1
 10
13522.3994
 20
9791.5209
 10
13553.5996
 20
9791.5209
 10
13553.5996
 20
9815.5209
 10
13522.3994
 20
9815.5209
  0
LWPOLYLINE
  5
3F0
330
17
100
AcDbEntity
  8
STOU
100
AcDbPolyline
 90
4
 70
1
 10
13595.0
 20
9768.5209
 10
13664.999
 20
9768.5209
 10
13664.999
 20
9838.5209
 10
13595.0
 20
9838.5209
  0
LWPOLYLINE
  5
3F1
330
17
100
AcDbEntity
  8
WHIP
100
AcDbPolyline
 90
4
 70
1
 10
2270.428
 20
9290.8073
 10
2351.572
 20
9290.8073
 10
2351.572
 20
9362.2315
 10
2270.428
 20
9362.2315
  0
LWPOLYLINE
  5
3F2
330
17
100
AcDbEntity
  8
WHIP
100
AcDbPolyline
 90
4
 70
1
 10
2231.0
 20
9251.5194
 10
2341.0
 20
9251.5194
 10
2341.0
 20
9361.5194
 10
2231.0
 20
9361.5194
  0
LWPOLYLINE
  5
3F3
330
17
100
AcDbEntity
  8
WHIP
100
AcDbPolyline
 90
4
 70
1
 10
2270.428
 20
9430.8073
 10
2351.572
 20
9430.8073
 10
2351.572
 20
9502.2315
 10
2270.428
 20
9502.2315
  0
LWPOLYLINE
  5
3F4
330
17
100
AcDbEntity
  8
WHIP
100
AcDbPolyline
 90
4
 70
1
 10
2231.0
 20
9431.5194
 10
2341.0
 20
9431.5194
 10
2341.0
 20
9541.5193
 10
2231.0
 20
9541.5193
  0
LWPOLYLINE
  5
3F5
330
17
100
AcDbEntity
  8
WHIP
100
AcDbPolyline
 90
4
 70
1
 10
3420.4282
 20
9290.8073
 10
3501.572
 20
9290.8073
 10
3501.572
 20
9362.2315
 10
3420.4282
 20
9362.2315
  0
LWPOLYLINE
  5
3F6
330
17
100
AcDbEntity
  8
WHIP
100
AcDbPolyline
 90
4
 70
1
 10
3381.0002
 20
9251.5194
 10
3491.0
 20
9251.5194
 10
3491.0
 20
9361.5194
 10
3381.0002
 20
9361.5194
  0
LWPOLYLINE
  5
3F7
330
17
100
AcDbEntity
  8
WHIP
100
AcDbPolyline
 90
4
 70
1
 10
3420.4282
 20
9430.8073
 10
3501.572
 20
9430.8073
 10
3501.572
 20
9502.2315
 10
3420.4282
 20
9502.2315
  0
LWPOLYLINE
  5
3F8
330
17
100
AcDbEntity
  8
WHIP
100
AcDbPolyline
 90
4
 70
1
 10
3381.0002
 20
9431.5194
 10
3491.0
 20
9431.5194
 10
3491.0
 20
9541.5193
 10
3381.0002
 20
9541.5193
  0
LWPOLYLINE
  5
3F9
330
17
100
AcDbEntity
  8
WHIP
100
AcDbPolyline
 90
4
 70
1
 10
4570.428
 20
9290.8073
 10
4651.5718
 20
9290.8073
 10
4651.5718
 20
9362.2315
 10
4570.428
 20
9362.2315
  0
LWPOLYLINE
  5
3FA
330
17
100
AcDbEntity
  8
WHIP
100
AcDbPolyline
 90
4
 70
1
 10
4531.0
 20
9251.5194
 10
4641.0
 20
9251.5194
 10
4641.0
 20
9361.5194
 10
4531.0
 20
9361.5194
  0
LWPOLYLINE
  5
3FB
330
17
100
AcDbEntity
  8
WHIP
100
AcDbPolyline
 90
4
 70
1
 10
4570.428
 20
9430.8073
 10
4651.5718
 20
9430.8073
 10
4651.5718
 20
9502.2315
 10
4570.428
 20
9502.2315
  0
LWPOLYLINE
  5
3FC
330
17
100
AcDbEntity
  8
WHIP
100
AcDbPolyline
 90
4
 70
1
 10
4531.0
 20
9431.5194
 10
4641.0
 20
9431.5194
 10
4641.0
 20
9541.5193
 10
4531.0
 20
9541.5193
  0
LWPOLYLINE
  5
3FD
330
17
100
AcDbEntity
  8
WHIP
100
AcDbPolyline
 90
4
 70
1
 10
5720.4277
 20
9290.8073
 10
5801.5723
 20
9290.8073
 10
5801.5723
 20
9362.2315
 10
5720.4277
 20
9362.2315
  0
LWPOLYLINE
  5
3FE
330
17
100
AcDbEntity
  8
WHIP
100
AcDbPolyline
 90
4
 70
1
 10
5681.0
 20
9251.5194
 10
5791.0005
 20
9251.5194
 10
5791.0005
 20
9361.5194
 10
5681.0
 20
9361.5194
  0
LWPOLYLINE
  5
3FF
330
17
100
AcDbEntity
  8
WHIP
100
AcDbPolyline
 90
4
 70
1
 10
5720.4277
 20
9430.8073
 10
5801.5723
 20
9430.8073
 10
5801.5723
 20
9502.2315
 10
5720.4277
 20
9502.2315
  0
LWPOLYLINE
  5
400
330
17
100
AcDbEntity
  8
WHIP
100
AcDbPolyline
 90
4
 70
1
 10
5681.0
 20
9431.5194
 10
5791.0005
 20
9431.5194
 10
5791.0005
 20
9541.5193
 10
5681.0
 20
9541.5193
  0
LWPOLYLINE
  5
401
330
17
100
AcDbEntity
  8
WHIP
100
AcDbPolyline
 90
4
 70
1
 10
8270.4277
 20
9290.8073
 10
8351.5718
 20
9290.8073
 10
8351.5718
 20
9362.2315
 10
8270.4277
 20
9362.2315
  0
LWPOLYLINE
  5
402
330
17
100
AcDbEntity
  8
WHIP
100
AcDbPolyline
 90
4
 70
1
 10
8231.0
 20
9251.5194
 10
8341.0
 20
9251.5194
 10
8341.0
 20
9361.5194
 10
8231.0
 20
9361.5194
  0
LWPOLYLINE
  5
403
330
17
100
AcDbEntity
  8
WHIP
100
AcDbPolyline
 90
4
 70
1
 10
8270.4277
 20
9430.8073
 10
8351.5718
 20
9430.8073
 10
8351.5718
 20
9502.2315
 10
8270.4277
 20
9502.2315
  0
LWPOLYLINE
  5
404
330
17
100
AcDbEntity
  8
WHIP
100
AcDbPolyline
 90
4
 70
1
 10
8231.0
 20
9431.5194
 10
8341.0
 20
9431.5194
 10
8341.0
 20
9541.5193
 10
8231.0
 20
9541.5193
  0
LWPOLYLINE
  5
405
330
17
100
AcDbEntity
  8
WHIP
100
AcDbPolyline
 90
4
 70
1
 10
9420.4277
 20
9290.8073
 10
9501.5723
 20
9290.8073
 10
9501.5723
 20
9362.2315
 10
9420.4277
 20
9362.2315
  0
LWPOLYLINE
  5
406
330
17
100
AcDbEntity
  8
WHIP
100
AcDbPolyline
 90
4
 70
1
 10
9381.0
 20
9251.5194
 10
9491.0
 20
9251.5194
 10
9491.0
 20
9361.5194
 10
9381.0
 20
9361.5194
  0
LWPOLYLINE
  5
407
330
17
100
AcDbEntity
  8
WHIP
100
AcDbPolyline
 90
4
 70
1
 10
9420.4277
 20
9430.8073
 10
9501.5723
 20
9430.8073
 10
9501.5723
 20
9502.2315
 10
9420.4277
 20
9502.2315
  0
LWPOLYLINE
  5
408
330
17
100
AcDbEntity
  8
WHIP
100
AcDbPolyline
 90
4
 70
1
 10
9381.0
 20
9431.5194
 10
9491.0
 20
9431.5194
 10
9491.0
 20
9541.5193
 10
9381.0
 20
9541.5193
  0
LWPOLYLINE
  5
409
330
17
100
AcDbEntity
  8
WHIP
100
AcDbPolyline
 90
4
 70
1
 10
10545.1113
 20
9290.8073
 10
10601.8896
 20
9290.8073
 10
10601.8896
 20
9362.2315
 10
10545.1113
 20
9362.2315
  0
LWPOLYLINE
  5
40A
330
17
100
AcDbEntity
  8
WHIP
100
AcDbPolyline
 90
4
 70
1
 10
10506.001
 20
9251.5194
 10
10616.001
 20
9251.5194
 10
10616.001
 20
9361.5194
 10
10506.001
 20
9361.5194
  0
LWPOLYLINE
  5
40B
330
17
100
AcDbEntity
  8
WHIP
100
AcDbPolyline
 90
4
 70
1
 10
10545.1113
 20
9430.8073
 10
10601.8896
 20
9430.8073
 10
10601.8896
 20
9502.2315
 10
10545.1113
 20
9502.2315
  0
LWPOLYLINE
  5
40C
330
17
100
AcDbEntity
  8
WHIP
100
AcDbPolyline
 90
4
 70
1
 10
10506.001
 20
9431.5194
 10
10616.001
 20
9431.5194
 10
10616.001
 20
9541.5193
 10
10506.001
 20
9541.5193
  0
LWPOLYLINE
  5
40D
330
17
100
AcDbEntity
  8
WHIP
100
AcDbPolyline
 90
4
 70
1
 10
11720.4277
 20
9290.8073
 10
11801.5723
 20
9290.8073
 10
11801.5723
 20
9362.2315
 10
11720.4277
 20
9362.2315
  0
LWPOLYLINE
  5
40E
330
17
100
AcDbEntity
  8
WHIP
100
AcDbPolyline
 90
4
 70
1
 10
11681.0
 20
9251.5194
 10
11791.0
 20
9251.5194
 10
11791.0
 20
9361.5194
 10
11681.0
 20
9361.5194
  0
LWPOLYLINE
  5
40F
330
17
100
AcDbEntity
  8
WHIP
100
AcDbPolyline
 90
4
 70
1
 10
11720.4277
 20
9430.8073
 10
11801.5723
 20
9430.8073
 10
11801.5723
 20
9502.2315
 10
11720.4277
 20
9502.2315
  0
LWPOLYLINE
  5
410
330
17
100
AcDbEntity
  8
WHIP
100
AcDbPolyline
 90
4
 70
1
 10
11681.0
 20
9431.5194
 10
11791.0
 20
9431.5194
 10
11791.0
 20
9541.5193
 10
11681.0
 20
9541.5193
  0
LWPOLYLINE
  5
411
330
17
100
AcDbEntity
  8
WHIP
100
AcDbPolyline
 90
4
 70
1
 10
1675.0001
 20
9380.5194
 10
1707.0001
 20
9380.5194
 10
1707.0001
 20
9412.5194
 10
1675.0001
 20
9412.5194
  0
LWPOLYLINE
  5
412
330
17
100
AcDbEntity
  8
WHIP
100
AcDbPolyline
 90
4
 70
1
 10
1636.0
 20
9341.5194
 10
1746.0
 20
9341.5194
 10
1746.0
 20
9451.5194
 10
1636.0
 20
9451.5194
  0
LWPOLYLINE
  5
413
330
17
100
AcDbEntity
  8
WHIP
100
AcDbPolyline
 90
4
 70
1
 10
3075.0
 20
9380.5194
 10
3107.0
 20
9380.5194
 10
3107.0
 20
9412.5194
 10
3075.0
 20
9412.5194
  0
LWPOLYLINE
  5
414
330
17
100
AcDbEntity
  8
WHIP
100
AcDbPolyline
 90
4
 70
1
 10
3036.0002
 20
9341.5194
 10
3146.0
 20
9341.5194
 10
3146.0
 20
9451.5194
 10
3036.0002
 20
9451.5194
  0
LWPOLYLINE
  5
415
330
17
100
AcDbEntity
  8
WHIP
100
AcDbPolyline
 90
4
 70
1
 10
4015.0
 20
9380.5194
 10
4046.9998
 20
9380.5194
 10
4046.9998
 20
9412.5194
 10
4015.0
 20
9412.5194
  0
LWPOLYLINE
  5
416
330
17
100
AcDbEntity
  8
WHIP
100
AcDbPolyline
 90
4
 70
1
 10
3976.0
 20
9341.5194
 10
4085.9998
 20
9341.5194
 10
4085.9998
 20
9451.5194
 10
3976.0
 20
9451.5194
  0
LWPOLYLINE
  5
417
330
17
100
AcDbEntity
  8
WHIP
100
AcDbPolyline
 90
4
 70
1
 10
5375.0
 20
9380.5194
 10
5407.0
 20
9380.5194
 10
5407.0
 20
9412.5194
 10
5375.0
 20
9412.5194
  0
LWPOLYLINE
  5
418
330
17
100
AcDbEntity
  8
WHIP
100
AcDbPolyline
 90
4
 70
1
 10
5336.0
 20
9341.5194
 10
5446.0
 20
9341.5194
 10
5446.0
 20
9451.5194
 10
5336.0
 20
9451.5194
  0
LWPOLYLINE
  5
419
330
17
100
AcDbEntity
  8
WHIP
100
AcDbPolyline
 90
4
 70
1
 10
6625.0
 20
9380.5194
 10
6657.0
 20
9380.5194
 10
6657.0
 20
9412.5194
 10
6625.0
 20
9412.5194
  0
LWPOLYLINE
  5
41A
330
17
100
AcDbEntity
  8
WHIP
100
AcDbPolyline
 90
4
 70
1
 10
6586.0
 20
9341.5194
 10
6696.0
 20
9341.5194
 10
6696.0
 20
9451.5194
 10
6586.0
 20
9451.5194
  0
LWPOLYLINE
  5
41B
330
17
100
AcDbEntity
  8
WHIP
100
AcDbPolyline
 90
4
 70
1
 10
7225.0005
 20
9380.5194
 10
7257.0005
 20
9380.5194
 10
7257.0005
 20
9412.5194
 10
7225.0005
 20
9412.5194
  0
LWPOLYLINE
  5
41C
330
17
100
AcDbEntity
  8
WHIP
100
AcDbPolyline
 90
4
 70
1
 10
7186.0005
 20
9341.5194
 10
7296.0005
 20
9341.5194
 10
7296.0005
 20
9451.5194
 10
7186.0005
 20
9451.5194
  0
LWPOLYLINE
  5
41D
330
17
100
AcDbEntity
  8
WHIP
100
AcDbPolyline
 90
4
 70
1
 10
7825.0
 20
9380.5194
 10
7857.0005
 20
9380.5194
 10
7857.0005
 20
9412.5194
 10
7825.0
 20
9412.5194
  0
LWPOLYLINE
  5
41E
330
17
100
AcDbEntity
  8
WHIP
100
AcDbPolyline
 90
4
 70
1
 10
7786.0
 20
9341.5194
 10
7896.0005
 20
9341.5194
 10
7896.0005
 20
9451.5194
 10
7786.0
 20
9451.5194
  0
LWPOLYLINE
  5
41F
330
17
100
AcDbEntity
  8
WHIP
100
AcDbPolyline
 90
4
 70
1
 10
9075.0
 20
9380.5194
 10
9107.0
 20
9380.5194
 10
9107.0
 20
9412.5194
 10
9075.0
 20
9412.5194
  0
LWPOLYLINE
  5
420
330
17
100
AcDbEntity
  8
WHIP
100
AcDbPolyline
 90
4
 70
1
 10
9035.9995
 20
9341.5194
 10
9146.0
 20
9341.5194
 10
9146.0
 20
9451.5194
 10
9035.9995
 20
9451.5194
  0
LWPOLYLINE
  5
421
330
17
100
AcDbEntity
  8
WHIP
100
AcDbPolyline
 90
4
 70
1
 10
10225.0
 20
9380.5194
 10
10256.999
 20
9380.5194
 10
10256.999
 20
9412.5194
 10
10225.0
 20
9412.5194
  0
LWPOLYLINE
  5
422
330
17
100
AcDbEntity
  8
WHIP
100
AcDbPolyline
 90
4
 70
1
 10
10185.999
 20
9341.5194
 10
10296.0
 20
9341.5194
 10
10296.0
 20
9451.5194
 10
10185.999
 20
9451.5194
  0
LWPOLYLINE
  5
423
330
17
100
AcDbEntity
  8
WHIP
100
AcDbPolyline
 90
4
 70
1
 10
11375.0
 20
9380.5194
 10
11407.0
 20
9380.5194
 10
11407.0
 20
9412.5194
 10
11375.0
 20
9412.5194
  0
LWPOLYLINE
  5
424
330
17
100
AcDbEntity
  8
WHIP
100
AcDbPolyline
 90
4
 70
1
 10
11336.0
 20
9341.5194
 10
11446.0
 20
9341.5194
 10
11446.0
 20
9451.5194
 10
11336.0
 20
9451.5194
  0
LWPOLYLINE
  5
425
330
17
100
AcDbEntity
  8
WHIP
100
AcDbPolyline
 90
4
 70
1
 10
12775.0
 20
9380.5194
 10
12807.0
 20
9380.5194
 10
12807.0
 20
9412.5194
 10
12775.0
 20
9412.5194
  0
LWPOLYLINE
  5
426
330
17
100
AcDbEntity
  8
WHIP
100
AcDbPolyline
 90
4
 70
1
 10
12735.999
 20
9341.5194
 10
12846.0
 20
9341.5194
 10
12846.0
 20
9451.5194
 10
12735.999
 20
9451.5194
  0
LWPOLYLINE
  5
427
330
17
100
AcDbEntity
  8
WHIP
100
AcDbPolyline
 90
4
 70
1
 10
13164.0
 20
9380.5194
 10
13196.0
 20
9380.5194
 10
13196.0
 20
9412.5194
 10
13164.0
 20
9412.5194
  0
LWPOLYLINE
  5
428
330
17
100
AcDbEntity
  8
WHIP
100
AcDbPolyline
 90
4
 70
1
 10
13124.999
 20
9341.5194
 10
13235.0
 20
9341.5194
 10
13235.0
 20
9451.5194
 10
13124.999
 20
9451.5194
  0
LWPOLYLINE
  5
429
330
17
100
AcDbEntity
  8
WHIP
100
AcDbPolyline
 90
4
 70
1
 10
2270.428
 20
9697.8088
 10
2351.572
 20
9697.8088
 10
2351.572
 20
9769.233
 10
2270.428
 20
9769.233
  0
LWPOLYLINE
  5
42A
330
17
100
AcDbEntity
  8
WHIP
100
AcDbPolyline
 90
4
 70
1
 10
2231.0
 20
9658.5209
 10
2341.0
 20
9658.5209
 10
2341.0
 20
9768.5209
 10
2231.0
 20
9768.5209
  0
LWPOLYLINE
  5
42B
330
17
100
AcDbEntity
  8
WHIP
100
AcDbPolyline
 90
4
 70
1
 10
2270.428
 20
9837.8087
 10
2351.572
 20
9837.8087
 10
2351.572
 20
9909.233
 10
2270.428
 20
9909.233
  0
LWPOLYLINE
  5
42C
330
17
100
AcDbEntity
  8
WHIP
100
AcDbPolyline
 90
4
 70
1
 10
2231.0
 20
9838.5209
 10
2341.0
 20
9838.5209
 10
2341.0
 20
9948.5209
 10
2231.0
 20
9948.5209
  0
LWPOLYLINE
  5
42D
330
17
100
AcDbEntity
  8
WHIP
100
AcDbPolyline
 90
4
 70
1
 10
3420.4282
 20
9697.8088
 10
3501.572
 20
9697.8088
 10
3501.572
 20
9769.233
 10
3420.4282
 20
9769.233
  0
LWPOLYLINE
  5
42E
330
17
100
AcDbEntity
  8
WHIP
100
AcDbPolyline
 90
4
 70
1
 10
3381.0002
 20
9658.5209
 10
3491.0
 20
9658.5209
 10
3491.0
 20
9768.5209
 10
3381.0002
 20
9768.5209
  0
LWPOLYLINE
  5
42F
330
17
100
AcDbEntity
  8
WHIP
100
AcDbPolyline
 90
4
 70
1
 10
3420.4282
 20
9837.8087
 10
3501.572
 20
9837.8087
 10
3501.572
 20
9909.233
 10
3420.4282
 20
9909.233
  0
LWPOLYLINE
  5
430
330
17
100
AcDbEntity
  8
WHIP
100
AcDbPolyline
 90
4
 70
1
 10
3381.0002
 20
9838.5209
 10
3491.0
 20
9838.5209
 10
3491.0
 20
9948.5209
 10
3381.0002
 20
9948.5209
  0
LWPOLYLINE
  5
431
330
17
100
AcDbEntity
  8
WHIP
100
AcDbPolyline
 90
4
 70
1
 10
4570.428
 20
9697.8088
 10
4651.5718
 20
9697.8088
 10
4651.5718
 20
9769.233
 10
4570.428
 20
9769.233
  0
LWPOLYLINE
  5
432
330
17
100
AcDbEntity
  8
WHIP
100
AcDbPolyline
 90
4
 70
1
 10
4531.0
 20
9658.5209
 10
4641.0
 20
9658.5209
 10
4641.0
 20
9768.5209
 10
4531.0
 20
9768.5209
  0
LWPOLYLINE
  5
433
330
17
100
AcDbEntity
  8
WHIP
100
AcDbPolyline
 90
4
 70
1
 10
4570.428
 20
9837.8087
 10
4651.5718
 20
9837.8087
 10
4651.5718
 20
9909.233
 10
4570.428
 20
9909.233
  0
LWPOLYLINE
  5
434
330
17
100
AcDbEntity
  8
WHIP
100
AcDbPolyline
 90
4
 70
1
 10
4531.0
 20
9838.5209
 10
4641.0
 20
9838.5209
 10
4641.0
 20
9948.5209
 10
4531.0
 20
9948.5209
  0
LWPOLYLINE
  5
435
330
17
100
AcDbEntity
  8
WHIP
100
AcDbPolyline
 90
4
 70
1
 10
5720.4277
 20
9697.8088
 10
5801.5723
 20
9697.8088
 10
5801.5723
 20
9769.233
 10
5720.4277
 20
9769.233
  0
LWPOLYLINE
  5
436
330
17
100
AcDbEntity
  8
WHIP
100
AcDbPolyline
 90
4
 70
1
 10
5681.0
 20
9658.5209
 10
5791.0005
 20
9658.5209
 10
5791.0005
 20
9768.5209
 10
5681.0
 20
9768.5209
  0
LWPOLYLINE
  5
437
330
17
100
AcDbEntity
  8
WHIP
100
AcDbPolyline
 90
4
 70
1
 10
5720.4277
 20
9837.8087
 10
5801.5723
 20
9837.8087
 10
5801.5723
 20
9909.233
 10
5720.4277
 20
9909.233
  0
LWPOLYLINE
  5
438
330
17
100
AcDbEntity
  8
WHIP
100
AcDbPolyline
 90
4
 70
1
 10
5681.0
 20
9838.5209
 10
5791.0005
 20
9838.5209
 10
5791.0005
 20
9948.5209
 10
5681.0
 20
9948.5209
  0
LWPOLYLINE
  5
439
330
17
100
AcDbEntity
  8
WHIP
100
AcDbPolyline
 90
4
 70
1
 10
8270.4277
 20
9697.8088
 10
8351.5718
 20
9697.8088
 10
8351.5718
 20
9769.233
 10
8270.4277
 20
9769.233
  0
LWPOLYLINE
  5
43A
330
17
100
AcDbEntity
  8
WHIP
100
AcDbPolyline
 90
4
 70
1
 10
8231.0
 20
9658.5209
 10
8341.0
 20
9658.5209
 10
8341.0
 20
9768.5209
 10
8231.0
 20
9768.5209
  0
LWPOLYLINE
  5
43B
330
17
100
AcDbEntity
  8
WHIP
100
AcDbPolyline
 90
4
 70
1
 10
8270.4277
 20
9837.8087
 10
8351.5718
 20
9837.8087
 10
8351.5718
 20
9909.233
 10
8270.4277
 20
9909.233
  0
LWPOLYLINE
  5
43C
330
17
100
AcDbEntity
  8
WHIP
100
AcDbPolyline
 90
4
 70
1
 10
8231.0
 20
9838.5209
 10
8341.0
 20
9838.5209
 10
8341.0
 20
9948.5209
 10
8231.0
 20
9948.5209
  0
LWPOLYLINE
  5
43D
330
17
100
AcDbEntity
  8
WHIP
100
AcDbPolyline
 90
4
 70
1
 10
9420.4277
 20
9697.8088
 10
9501.5723
 20
9697.8088
 10
9501.5723
 20
9769.233
 10
9420.4277
 20
9769.233
  0
LWPOLYLINE
  5
43E
330
17
100
AcDbEntity
  8
WHIP
100
AcDbPolyline
 90
4
 70
1
 10
9381.0
 20
9658.5209
 10
9491.0
 20
9658.5209
 10
9491.0
 20
9768.5209
 10
9381.0
 20
9768.5209
  0
LWPOLYLINE
  5
43F
330
17
100
AcDbEntity
  8
WHIP
100
AcDbPolyline
 90
4
 70
1
 10
9420.4277
 20
9837.8087
 10
9501.5723
 20
9837.8087
 10
9501.5723
 20
9909.233
 10
9420.4277
 20
9909.233
  0
LWPOLYLINE
  5
440
330
17
100
AcDbEntity
  8
WHIP
100
AcDbPolyline
 90
4
 70
1
 10
9381.0
 20
9838.5209
 10
9491.0
 20
9838.5209
 10
9491.0
 20
9948.5209
 10
9381.0
 20
9948.5209
  0
LWPOLYLINE
  5
441
330
17
100
AcDbEntity
  8
WHIP
100
AcDbPolyline
 90
4
 70
1
 10
10545.1113
 20
9697.8088
 10
10601.8896
 20
9697.8088
 10
10601.8896
 20
9769.233
 10
10545.1113
 20
9769.233
  0
LWPOLYLINE
  5
442
330
17
100
AcDbEntity
  8
WHIP
100
AcDbPolyline
 90
4
 70
1
 10
10506.001
 20
9658.5209
 10
10616.001
 20
9658.5209
 10
10616.001
 20
9768.5209
 10
10506.001
 20
9768.5209
  0
LWPOLYLINE
  5
443
330
17
100
AcDbEntity
  8
WHIP
100
AcDbPolyline
 90
4
 70
1
 10
10545.1113
 20
9837.8087
 10
10601.8896
 20
9837.8087
 10
10601.8896
 20
9909.233
 10
10545.1113
 20
9909.233
  0
LWPOLYLINE
  5
444
330
17
100
AcDbEntity
  8
WHIP
100
AcDbPolyline
 90
4
 70
1
 10
10506.001
 20
9838.5209
 10
10616.001
 20
9838.5209
 10
10616.001
 20
9948.5209
 10
10506.001
 20
9948.5209
  0
LWPOLYLINE
  5
445
330
17
100
AcDbEntity
  8
WHIP
100
AcDbPolyline
 90
4
 70
1
 10
11720.4277
 20
9697.8088
 10
11801.5723
 20
9697.8088
 10
11801.5723
 20
9769.233
 10
11720.4277
 20
9769.233
  0
LWPOLYLINE
  5
446
330
17
100
AcDbEntity
  8
WHIP
100
AcDbPolyline
 90
4
 70
1
 10
11681.0
 20
9658.5209
 10
11791.0
 20
9658.5209
 10
11791.0
 20
9768.5209
 10
11681.0
 20
9768.5209
  0
LWPOLYLINE
  5
447
330
17
100
AcDbEntity
  8
WHIP
100
AcDbPolyline
 90
4
 70
1
 10
11720.4277
 20
9837.8087
 10
11801.5723
 20
9837.8087
 10
11801.5723
 20
9909.233
 10
11720.4277
 20
9909.233
  0
LWPOLYLINE
  5
448
330
17
100
AcDbEntity
  8
WHIP
100
AcDbPolyline
 90
4
 70
1
 10
11681.0
 20
9838.5209
 10
11791.0
 20
9838.5209
 10
11791.0
 20
9948.5209
 10
11681.0
 20
9948.5209
  0
LWPOLYLINE
  5
449
330
17
100
AcDbEntity
  8
WHIP
100
AcDbPolyline
 90
4
 70
1
 10
1675.0001
 20
9787.5209
 10
1707.0001
 20
9787.5209
 10
1707.0001
 20
9819.5209
 10
1675.0001
 20
9819.5209
  0
LWPOLYLINE
  5
44A
330
17
100
AcDbEntity
  8
WHIP
100
AcDbPolyline
 90
4
 70
1
 10
1636.0
 20
9748.5209
 10
1746.0
 20
9748.5209
 10
1746.0
 20
9858.5209
 10
1636.0
 20
9858.5209
  0
LWPOLYLINE
  5
44B
330
17
100
AcDbEntity
  8
WHIP
100
AcDbPolyline
 90
4
 70
1
 10
3075.0
 20
9787.5209
 10
3107.0
 20
9787.5209
 10
3107.0
 20
9819.5209
 10
3075.0
 20
9819.5209
  0
LWPOLYLINE
  5
44C
330
17
100
AcDbEntity
  8
WHIP
100
AcDbPolyline
 90
4
 70
1
 10
3036.0002
 20
9748.5209
 10
3146.0
 20
9748.5209
 10
3146.0
 20
9858.5209
 10
3036.0002
 20
9858.5209
  0
LWPOLYLINE
  5
44D
330
17
100
AcDbEntity
  8
WHIP
100
AcDbPolyline
 90
4
 70
1
 10
4015.0
 20
9787.5209
 10
4046.9998
 20
9787.5209
 10
4046.9998
 20
9819.5209
 10
4015.0
 20
9819.5209
  0
LWPOLYLINE
  5
44E
330
17
100
AcDbEntity
  8
WHIP
100
AcDbPolyline
 90
4
 70
1
 10
3976.0
 20
9748.5209
 10
4085.9998
 20
9748.5209
 10
4085.9998
 20
9858.5209
 10
3976.0
 20
9858.5209
  0
LWPOLYLINE
  5
44F
330
17
100
AcDbEntity
  8
WHIP
100
AcDbPolyline
 90
4
 70
1
 10
5375.0
 20
9787.5209
 10
5407.0
 20
9787.5209
 10
5407.0
 20
9819.5209
 10
5375.0
 20
9819.5209
  0
LWPOLYLINE
  5
450
330
17
100
AcDbEntity
  8
WHIP
100
AcDbPolyline
 90
4
 70
1
 10
5336.0
 20
9748.5209
 10
5446.0
 20
9748.5209
 10
5446.0
 20
9858.5209
 10
5336.0
 20
9858.5209
  0
LWPOLYLINE
  5
451
330
17
100
AcDbEntity
  8
WHIP
100
AcDbPolyline
 90
4
 70
1
 10
6625.0
 20
9787.5209
 10
6657.0
 20
9787.5209
 10
6657.0
 20
9819.5209
 10
6625.0
 20
9819.5209
  0
LWPOLYLINE
  5
452
330
17
100
AcDbEntity
  8
WHIP
100
AcDbPolyline
 90
4
 70
1
 10
6586.0
 20
9748.5209
 10
6696.0
 20
9748.5209
 10
6696.0
 20
9858.5209
 10
6586.0
 20
9858.5209
  0
LWPOLYLINE
  5
453
330
17
100
AcDbEntity
  8
WHIP
100
AcDbPolyline
 90
4
 70
1
 10
7225.0005
 20
9787.5209
 10
7257.0005
 20
9787.5209
 10
7257.0005
 20
9819.5209
 10
7225.0005
 20
9819.5209
  0
LWPOLYLINE
  5
454
330
17
100
AcDbEntity
  8
WHIP
100
AcDbPolyline
 90
4
 70
1
 10
7186.0005
 20
9748.5209
 10
7296.0005
 20
9748.5209
 10
7296.0005
 20
9858.5209
 10
7186.0005
 20
9858.5209
  0
LWPOLYLINE
  5
455
330
17
100
AcDbEntity
  8
WHIP
100
AcDbPolyline
 90
4
 70
1
 10
7825.0
 20
9787.5209
 10
7857.0005
 20
9787.5209
 10
7857.0005
 20
9819.5209
 10
7825.0
 20
9819.5209
  0
LWPOLYLINE
  5
456
330
17
100
AcDbEntity
  8
WHIP
100
AcDbPolyline
 90
4
 70
1
 10
7786.0
 20
9748.5209
 10
7896.0005
 20
9748.5209
 10
7896.0005
 20
9858.5209
 10
7786.0
 20
9858.5209
  0
LWPOLYLINE
  5
457
330
17
100
AcDbEntity
  8
WHIP
100
AcDbPolyline
 90
4
 70
1
 10
9075.0
 20
9787.5209
 10
9107.0
 20
9787.5209
 10
9107.0
 20
9819.5209
 10
9075.0
 20
9819.5209
  0
LWPOLYLINE
  5
458
330
17
100
AcDbEntity
  8
WHIP
100
AcDbPolyline
 90
4
 70
1
 10
9035.9995
 20
9748.5209
 10
9146.0
 20
9748.5209
 10
9146.0
 20
9858.5209
 10
9035.9995
 20
9858.5209
  0
LWPOLYLINE
  5
459
330
17
100
AcDbEntity
  8
WHIP
100
AcDbPolyline
 90
4
 70
1
 10
10225.0
 20
9787.5209
 10
10256.999
 20
9787.5209
 10
10256.999
 20
9819.5209
 10
10225.0
 20
9819.5209
  0
LWPOLYLINE
  5
45A
330
17
100
AcDbEntity
  8
WHIP
100
AcDbPolyline
 90
4
 70
1
 10
10185.999
 20
9748.5209
 10
10296.0
 20
9748.5209
 10
10296.0
 20
9858.5209
 10
10185.999
 20
9858.5209
  0
LWPOLYLINE
  5
45B
330
17
100
AcDbEntity
  8
WHIP
100
AcDbPolyline
 90
4
 70
1
 10
11375.0
 20
9787.5209
 10
11407.0
 20
9787.5209
 10
11407.0
 20
9819.5209
 10
11375.0
 20
9819.5209
  0
LWPOLYLINE
  5
45C
330
17
100
AcDbEntity
  8
WHIP
100
AcDbPolyline
 90
4
 70
1
 10
11336.0
 20
9748.5209
 10
11446.0
 20
9748.5209
 10
11446.0
 20
9858.5209
 10
11336.0
 20
9858.5209
  0
LWPOLYLINE
  5
45D
330
17
100
AcDbEntity
  8
WHIP
100
AcDbPolyline
 90
4
 70
1
 10
12775.0
 20
9787.5209
 10
12807.0
 20
9787.5209
 10
12807.0
 20
9819.5209
 10
12775.0
 20
9819.5209
  0
LWPOLYLINE
  5
45E
330
17
100
AcDbEntity
  8
WHIP
100
AcDbPolyline
 90
4
 70
1
 10
12735.999
 20
9748.5209
 10
12846.0
 20
9748.5209
 10
12846.0
 20
9858.5209
 10
12735.999
 20
9858.5209
  0
LWPOLYLINE
  5
45F
330
17
100
AcDbEntity
  8
WHIP
100
AcDbPolyline
 90
4
 70
1
 10
13164.0
 20
9787.5209
 10
13196.0
 20
9787.5209
 10
13196.0
 20
9819.5209
 10
13164.0
 20
9819.5209
  0
LWPOLYLINE
  5
460
330
17
100
AcDbEntity
  8
WHIP
100
AcDbPolyline
 90
4
 70
1
 10
13124.999
 20
9748.5209
 10
13235.0
 20
9748.5209
 10
13235.0
 20
9858.5209
 10
13124.999
 20
9858.5209
  0
LWPOLYLINE
  5
461
330
17
100
AcDbEntity
  8
WHIP
100
AcDbPolyline
 90
4
 70
1
 10
2520.428
 20
9290.8073
 10
2601.572
 20
9290.8073
 10
2601.572
 20
9362.2315
 10
2520.428
 20
9362.2315
  0
LWPOLYLINE
  5
462
330
17
100
AcDbEntity
  8
WHIP
100
AcDbPolyline
 90
4
 70
1
 10
2531.0
 20
9251.5194
 10
2641.0
 20
9251.5194
 10
2641.0
 20
9361.5194
 10
2531.0
 20
9361.5194
  0
LWPOLYLINE
  5
463
330
17
100
AcDbEntity
  8
WHIP
100
AcDbPolyline
 90
4
 70
1
 10
2520.428
 20
9430.8073
 10
2601.572
 20
9430.8073
 10
2601.572
 20
9502.2315
 10
2520.428
 20
9502.2315
  0
LWPOLYLINE
  5
464
330
17
100
AcDbEntity
  8
WHIP
100
AcDbPolyline
 90
4
 70
1
 10
2531.0
 20
9431.5194
 10
2641.0
 20
9431.5194
 10
2641.0
 20
9541.5193
 10
2531.0
 20
9541.5193
  0
LWPOLYLINE
  5
465
330
17
100
AcDbEntity
  8
WHIP
100
AcDbPolyline
 90
4
 70
1
 10
3670.4282
 20
9290.8073
 10
3751.572
 20
9290.8073
 10
3751.572
 20
9362.2315
 10
3670.4282
 20
9362.2315
  0
LWPOLYLINE
  5
466
330
17
100
AcDbEntity
  8
WHIP
100
AcDbPolyline
 90
4
 70
1
 10
3681.0002
 20
9251.5194
 10
3791.0
 20
9251.5194
 10
3791.0
 20
9361.5194
 10
3681.0002
 20
9361.5194
  0
LWPOLYLINE
  5
467
330
17
100
AcDbEntity
  8
WHIP
100
AcDbPolyline
 90
4
 70
1
 10
3670.4282
 20
9430.8073
 10
3751.572
 20
9430.8073
 10
3751.572
 20
9502.2315
 10
3670.4282
 20
9502.2315
  0
LWPOLYLINE
  5
468
330
17
100
AcDbEntity
  8
WHIP
100
AcDbPolyline
 90
4
 70
1
 10
3681.0002
 20
9431.5194
 10
3791.0
 20
9431.5194
 10
3791.0
 20
9541.5193
 10
3681.0002
 20
9541.5193
  0
LWPOLYLINE
  5
469
330
17
100
AcDbEntity
  8
WHIP
100
AcDbPolyline
 90
4
 70
1
 10
4820.4277
 20
9290.8073
 10
4901.572
 20
9290.8073
 10
4901.572
 20
9362.2315
 10
4820.4277
 20
9362.2315
  0
LWPOLYLINE
  5
46A
330
17
100
AcDbEntity
  8
WHIP
100
AcDbPolyline
 90
4
 70
1
 10
4830.9998
 20
9251.5194
 10
4941.0
 20
9251.5194
 10
4941.0
 20
9361.5194
 10
4830.9998
 20
9361.5194
  0
LWPOLYLINE
  5
46B
330
17
100
AcDbEntity
  8
WHIP
100
AcDbPolyline
 90
4
 70
1
 10
4820.4277
 20
9430.8073
 10
4901.572
 20
9430.8073
 10
4901.572
 20
9502.2315
 10
4820.4277
 20
9502.2315
  0
LWPOLYLINE
  5
46C
330
17
100
AcDbEntity
  8
WHIP
100
AcDbPolyline
 90
4
 70
1
 10
4830.9998
 20
9431.5194
 10
4941.0
 20
9431.5194
 10
4941.0
 20
9541.5193
 10
4830.9998
 20
9541.5193
  0
LWPOLYLINE
  5
46D
330
17
100
AcDbEntity
  8
WHIP
100
AcDbPolyline
 90
4
 70
1
 10
5970.4277
 20
9290.8073
 10
6051.5723
 20
9290.8073
 10
6051.5723
 20
9362.2315
 10
5970.4277
 20
9362.2315
  0
LWPOLYLINE
  5
46E
330
17
100
AcDbEntity
  8
WHIP
100
AcDbPolyline
 90
4
 70
1
 10
5981.0
 20
9251.5194
 10
6091.0
 20
9251.5194
 10
6091.0
 20
9361.5194
 10
5981.0
 20
9361.5194
  0
LWPOLYLINE
  5
46F
330
17
100
AcDbEntity
  8
WHIP
100
AcDbPolyline
 90
4
 70
1
 10
5970.4277
 20
9430.8073
 10
6051.5723
 20
9430.8073
 10
6051.5723
 20
9502.2315
 10
5970.4277
 20
9502.2315
  0
LWPOLYLINE
  5
470
330
17
100
AcDbEntity
  8
WHIP
100
AcDbPolyline
 90
4
 70
1
 10
5981.0
 20
9431.5194
 10
6091.0
 20
9431.5194
 10
6091.0
 20
9541.5193
 10
5981.0
 20
9541.5193
  0
LWPOLYLINE
  5
471
330
17
100
AcDbEntity
  8
WHIP
100
AcDbPolyline
 90
4
 70
1
 10
8520.4277
 20
9290.8073
 10
8601.5718
 20
9290.8073
 10
8601.5718
 20
9362.2315
 10
8520.4277
 20
9362.2315
  0
LWPOLYLINE
  5
472
330
17
100
AcDbEntity
  8
WHIP
100
AcDbPolyline
 90
4
 70
1
 10
8530.9995
 20
9251.5194
 10
8640.9995
 20
9251.5194
 10
8640.9995
 20
9361.5194
 10
8530.9995
 20
9361.5194
  0
LWPOLYLINE
  5
473
330
17
100
AcDbEntity
  8
WHIP
100
AcDbPolyline
 90
4
 70
1
 10
8520.4277
 20
9430.8073
 10
8601.5718
 20
9430.8073
 10
8601.5718
 20
9502.2315
 10
8520.4277
 20
9502.2315
  0
LWPOLYLINE
  5
474
330
17
100
AcDbEntity
  8
WHIP
100
AcDbPolyline
 90
4
 70
1
 10
8530.9995
 20
9431.5194
 10
8640.9995
 20
9431.5194
 10
8640.9995
 20
9541.5193
 10
8530.9995
 20
9541.5193
  0
LWPOLYLINE
  5
475
330
17
100
AcDbEntity
  8
WHIP
100
AcDbPolyline
 90
4
 70
1
 10
9670.4277
 20
9290.8073
 10
9751.5723
 20
9290.8073
 10
9751.5723
 20
9362.2315
 10
9670.4277
 20
9362.2315
  0
LWPOLYLINE
  5
476
330
17
100
AcDbEntity
  8
WHIP
100
AcDbPolyline
 90
4
 70
1
 10
9681.0
 20
9251.5194
 10
9791.0
 20
9251.5194
 10
9791.0
 20
9361.5194
 10
9681.0
 20
9361.5194
  0
LWPOLYLINE
  5
477
330
17
100
AcDbEntity
  8
WHIP
100
AcDbPolyline
 90
4
 70
1
 10
9670.4277
 20
9430.8073
 10
9751.5723
 20
9430.8073
 10
9751.5723
 20
9502.2315
 10
9670.4277
 20
9502.2315
  0
LWPOLYLINE
  5
478
330
17
100
AcDbEntity
  8
WHIP
100
AcDbPolyline
 90
4
 70
1
 10
9681.0
 20
9431.5194
 10
9791.0
 20
9431.5194
 10
9791.0
 20
9541.5193
 10
9681.0
 20
9541.5193
  0
LWPOLYLINE
  5
479
330
17
100
AcDbEntity
  8
WHIP
100
AcDbPolyline
 90
4
 70
1
 10
10670.0049
 20
9290.8073
 10
10706.9961
 20
9290.8073
 10
10706.9961
 20
9362.2315
 10
10670.0049
 20
9362.2315
  0
LWPOLYLINE
  5
47A
330
17
100
AcDbEntity
  8
WHIP
100
AcDbPolyline
 90
4
 70
1
 10
10636.0
 20
9251.5194
 10
10746.001
 20
9251.5194
 10
10746.001
 20
9361.5194
 10
10636.0
 20
9361.5194
  0
LWPOLYLINE
  5
47B
330
17
100
AcDbEntity
  8
WHIP
100
AcDbPolyline
 90
4
 70
1
 10
10670.0049
 20
9430.8073
 10
10706.9961
 20
9430.8073
 10
10706.9961
 20
9502.2315
 10
10670.0049
 20
9502.2315
  0
LWPOLYLINE
  5
47C
330
17
100
AcDbEntity
  8
WHIP
100
AcDbPolyline
 90
4
 70
1
 10
10636.0
 20
9431.5194
 10
10746.001
 20
9431.5194
 10
10746.001
 20
9541.5193
 10
10636.0
 20
9541.5193
  0
LWPOLYLINE
  5
47D
330
17
100
AcDbEntity
  8
WHIP
100
AcDbPolyline
 90
4
 70
1
 10
11970.4277
 20
9290.8073
 10
12051.5723
 20
9290.8073
 10
12051.5723
 20
9362.2315
 10
11970.4277
 20
9362.2315
  0
LWPOLYLINE
  5
47E
330
17
100
AcDbEntity
  8
WHIP
100
AcDbPolyline
 90
4
 70
1
 10
11981.0
 20
9251.5194
 10
12091.0
 20
9251.5194
 10
12091.0
 20
9361.5194
 10
11981.0
 20
9361.5194
  0
LWPOLYLINE
  5
47F
330
17
100
AcDbEntity
  8
WHIP
100
AcDbPolyline
 90
4
 70
1
 10
11970.4277
 20
9430.8073
 10
12051.5723
 20
9430.8073
 10
12051.5723
 20
9502.2315
 10
11970.4277
 20
9502.2315
  0
LWPOLYLINE
  5
480
330
17
100
AcDbEntity
  8
WHIP
100
AcDbPolyline
 90
4
 70
1
 10
11981.0
 20
9431.5194
 10
12091.0
 20
9431.5194
 10
12091.0
 20
9541.5193
 10
11981.0
 20
9541.5193
  0
LWPOLYLINE
  5
481
330
17
100
AcDbEntity
  8
WHIP
100
AcDbPolyline
 90
4
 70
1
 10
2520.428
 20
9697.8088
 10
2601.572
 20
9697.8088
 10
2601.572
 20
9769.233
 10
2520.428
 20
9769.233
  0
LWPOLYLINE
  5
482
330
17
100
AcDbEntity
  8
WHIP
100
AcDbPolyline
 90
4
 70
1
 10
2531.0
 20
9658.5209
 10
2641.0
 20
9658.5209
 10
2641.0
 20
9768.5209
 10
2531.0
 20
9768.5209
  0
LWPOLYLINE
  5
483
330
17
100
AcDbEntity
  8
WHIP
100
AcDbPolyline
 90
4
 70
1
 10
2520.428
 20
9837.8087
 10
2601.572
 20
9837.8087
 10
2601.572
 20
9909.233
 10
2520.428
 20
9909.233
  0
LWPOLYLINE
  5
484
330
17
100
AcDbEntity
  8
WHIP
100
AcDbPolyline
 90
4
 70
1
 10
2531.0
 20
9838.5209
 10
2641.0
 20
9838.5209
 10
2641.0
 20
9948.5209
 10
2531.0
 20
9948.5209
  0
LWPOLYLINE
  5
485
330
17
100
AcDbEntity
  8
WHIP
100
AcDbPolyline
 90
4
 70
1
 10
3670.4282
 20
9697.8088
 10
3751.572
 20
9697.8088
 10
3751.572
 20
9769.233
 10
3670.4282
 20
9769.233
  0
LWPOLYLINE
  5
486
330
17
100
AcDbEntity
  8
WHIP
100
AcDbPolyline
 90
4
 70
1
 10
3681.0002
 20
9658.5209
 10
3791.0
 20
9658.5209
 10
3791.0
 20
9768.5209
 10
3681.0002
 20
9768.5209
  0
LWPOLYLINE
  5
487
330
17
100
AcDbEntity
  8
WHIP
100
AcDbPolyline
 90
4
 70
1
 10
3670.4282
 20
9837.8087
 10
3751.572
 20
9837.8087
 10
3751.572
 20
9909.233
 10
3670.4282
 20
9909.233
  0
LWPOLYLINE
  5
488
330
17
100
AcDbEntity
  8
WHIP
100
AcDbPolyline
 90
4
 70
1
 10
3681.0002
 20
9838.5209
 10
3791.0
 20
9838.5209
 10
3791.0
 20
9948.5209
 10
3681.0002
 20
9948.5209
  0
LWPOLYLINE
  5
489
330
17
100
AcDbEntity
  8
WHIP
100
AcDbPolyline
 90
4
 70
1
 10
4820.4277
 20
9697.8088
 10
4901.572
 20
9697.8088
 10
4901.572
 20
9769.233
 10
4820.4277
 20
9769.233
  0
LWPOLYLINE
  5
48A
330
17
100
AcDbEntity
  8
WHIP
100
AcDbPolyline
 90
4
 70
1
 10
4830.9998
 20
9658.5209
 10
4941.0
 20
9658.5209
 10
4941.0
 20
9768.5209
 10
4830.9998
 20
9768.5209
  0
LWPOLYLINE
  5
48B
330
17
100
AcDbEntity
  8
WHIP
100
AcDbPolyline
 90
4
 70
1
 10
4820.4277
 20
9837.8087
 10
4901.572
 20
9837.8087
 10
4901.572
 20
9909.233
 10
4820.4277
 20
9909.233
  0
LWPOLYLINE
  5
48C
330
17
100
AcDbEntity
  8
WHIP
100
AcDbPolyline
 90
4
 70
1
 10
4830.9998
 20
9838.5209
 10
4941.0
 20
9838.5209
 10
4941.0
 20
9948.5209
 10
4830.9998
 20
9948.5209
  0
LWPOLYLINE
  5
48D
330
17
100
AcDbEntity
  8
WHIP
100
AcDbPolyline
 90
4
 70
1
 10
5970.4277
 20
9697.8088
 10
6051.5723
 20
9697.8088
 10
6051.5723
 20
9769.233
 10
5970.4277
 20
9769.233
  0
LWPOLYLINE
  5
48E
330
17
100
AcDbEntity
  8
WHIP
100
AcDbPolyline
 90
4
 70
1
 10
5981.0
 20
9658.5209
 10
6091.0
 20
9658.5209
 10
6091.0
 20
9768.5209
 10
5981.0
 20
9768.5209
  0
LWPOLYLINE
  5
48F
330
17
100
AcDbEntity
  8
WHIP
100
AcDbPolyline
 90
4
 70
1
 10
5970.4277
 20
9837.8087
 10
6051.5723
 20
9837.8087
 10
6051.5723
 20
9909.233
 10
5970.4277
 20
9909.233
  0
LWPOLYLINE
  5
490
330
17
100
AcDbEntity
  8
WHIP
100
AcDbPolyline
 90
4
 70
1
 10
5981.0
 20
9838.5209
 10
6091.0
 20
9838.5209
 10
6091.0
 20
9948.5209
 10
5981.0
 20
9948.5209
  0
LWPOLYLINE
  5
491
330
17
100
AcDbEntity
  8
WHIP
100
AcDbPolyline
 90
4
 70
1
 10
8520.4277
 20
9697.8088
 10
8601.5718
 20
9697.8088
 10
8601.5718
 20
9769.233
 10
8520.4277
 20
9769.233
  0
LWPOLYLINE
  5
492
330
17
100
AcDbEntity
  8
WHIP
100
AcDbPolyline
 90
4
 70
1
 10
8530.9995
 20
9658.5209
 10
8640.9995
 20
9658.5209
 10
8640.9995
 20
9768.5209
 10
8530.9995
 20
9768.5209
  0
LWPOLYLINE
  5
493
330
17
100
AcDbEntity
  8
WHIP
100
AcDbPolyline
 90
4
 70
1
 10
8520.4277
 20
9837.8087
 10
8601.5718
 20
9837.8087
 10
8601.5718
 20
9909.233
 10
8520.4277
 20
9909.233
  0
LWPOLYLINE
  5
494
330
17
100
AcDbEntity
  8
WHIP
100
AcDbPolyline
 90
4
 70
1
 10
8530.9995
 20
9838.5209
 10
8640.9995
 20
9838.5209
 10
8640.9995
 20
9948.5209
 10
8530.9995
 20
9948.5209
  0
LWPOLYLINE
  5
495
330
17
100
AcDbEntity
  8
WHIP
100
AcDbPolyline
 90
4
 70
1
 10
9670.4277
 20
9697.8088
 10
9751.5723
 20
9697.8088
 10
9751.5723
 20
9769.233
 10
9670.4277
 20
9769.233
  0
LWPOLYLINE
  5
496
330
17
100
AcDbEntity
  8
WHIP
100
AcDbPolyline
 90
4
 70
1
 10
9681.0
 20
9658.5209
 10
9791.0
 20
9658.5209
 10
9791.0
 20
9768.5209
 10
9681.0
 20
9768.5209
  0
LWPOLYLINE
  5
497
330
17
100
AcDbEntity
  8
WHIP
100
AcDbPolyline
 90
4
 70
1
 10
9670.4277
 20
9837.8087
 10
9751.5723
 20
9837.8087
 10
9751.5723
 20
9909.233
 10
9670.4277
 20
9909.233
  0
LWPOLYLINE
  5
498
330
17
100
AcDbEntity
  8
WHIP
100
AcDbPolyline
 90
4
 70
1
 10
9681.0
 20
9838.5209
 10
9791.0
 20
9838.5209
 10
9791.0
 20
9948.5209
 10
9681.0
 20
9948.5209
  0
LWPOLYLINE
  5
499
330
17
100
AcDbEntity
  8
WHIP
100
AcDbPolyline
 90
4
 70
1
 10
10670.0049
 20
9697.8088
 10
10706.9961
 20
9697.8088
 10
10706.9961
 20
9769.233
 10
10670.0049
 20
9769.233
  0
LWPOLYLINE
  5
49A
330
17
100
AcDbEntity
  8
WHIP
100
AcDbPolyline
 90
4
 70
1
 10
10636.0
 20
9658.5209
 10
10746.001
 20
9658.5209
 10
10746.001
 20
9768.5209
 10
10636.0
 20
9768.5209
  0
LWPOLYLINE
  5
49B
330
17
100
AcDbEntity
  8
WHIP
100
AcDbPolyline
 90
4
 70
1
 10
10670.0049
 20
9837.8087
 10
10706.9961
 20
9837.8087
 10
10706.9961
 20
9909.233
 10
10670.0049
 20
9909.233
  0
LWPOLYLINE
  5
49C
330
17
100
AcDbEntity
  8
WHIP
100
AcDbPolyline
 90
4
 70
1
 10
10636.0
 20
9838.5209
 10
10746.001
 20
9838.5209
 10
10746.001
 20
9948.5209
 10
10636.0
 20
9948.5209
  0
LWPOLYLINE
  5
49D
330
17
100
AcDbEntity
  8
WHIP
100
AcDbPolyline
 90
4
 70
1
 10
11970.4277
 20
9697.8088
 10
12051.5723
 20
9697.8088
 10
12051.5723
 20
9769.233
 10
11970.4277
 20
9769.233
  0
LWPOLYLINE
  5
49E
330
17
100
AcDbEntity
  8
WHIP
100
AcDbPolyline
 90
4
 70
1
 10
11981.0
 20
9658.5209
 10
12091.0
 20
9658.5209
 10
12091.0
 20
9768.5209
 10
11981.0
 20
9768.5209
  0
LWPOLYLINE
  5
49F
330
17
100
AcDbEntity
  8
WHIP
100
AcDbPolyline
 90
4
 70
1
 10
11970.4277
 20
9837.8087
 10
12051.5723
 20
9837.8087
 10
12051.5723
 20
9909.233
 10
11970.4277
 20
9909.233
  0
LWPOLYLINE
  5
4A0
330
17
100
AcDbEntity
  8
WHIP
100
AcDbPolyline
 90
4
 70
1
 10
11981.0
 20
9838.5209
 10
12091.0
 20
9838.5209
 10
12091.0
 20
9948.5209
 10
11981.0
 20
9948.5209
  0
LWPOLYLINE
  5
4A1
330
17
100
AcDbEntity
  8
WHIP
100
AcDbPolyline
 90
4
 70
1
 10
13607.5
 20
9373.9993
 10
14412.501
 20
9373.9993
 10
14412.501
 20
9418.9994
 10
13607.5
 20
9418.9994
  0
LWPOLYLINE
  5
4A2
330
17
100
AcDbEntity
  8
WHIP
100
AcDbPolyline
 90
4
 70
1
 10
13607.5
 20
9780.9989
 10
14412.501
 20
9780.9989
 10
14412.501
 20
9825.999
 10
13607.5
 20
9825.999
  0
LWPOLYLINE
  5
4A3
330
17
100
AcDbEntity
  8
HANGER
100
AcDbPolyline
 90
4
 70
1
 10
1237.5
 20
9300.5201
 10
1262.5
 20
9300.5201
 10
1262.5
 20
9492.52
 10
1237.5
 20
9492.52
  0
LWPOLYLINE
  5
4A4
330
17
100
AcDbEntity
  8
HANGER
100
AcDbPolyline
 90
4
 70
1
 10
1237.5
 20
9324.5201
 10
1262.5
 20
9324.5201
 10
1262.5
 20
9330.5201
 10
1237.5
 20
9330.5201
  0
LWPOLYLINE
  5
4A5
330
17
100
AcDbEntity
  8
HANGER
100
AcDbPolyline
 90
4
 70
1
 10
1237.5
 20
9462.5201
 10
1262.5
 20
9462.5201
 10
1262.5
 20
9468.5201
 10
1237.5
 20
9468.5201
  0
LWPOLYLINE
  5
4A6
330
17
100
AcDbEntity
  8
HANGER
100
AcDbPolyline
 90
4
 70
1
 10
1244.0
 20
9304.5201
 10
1256.0
 20
9304.5201
 10
1256.0
 20
9316.5201
 10
1244.0
 20
9316.5201
  0
LWPOLYLINE
  5
4A7
330
17
100
AcDbEntity
  8
HANGER
100
AcDbPolyline
 90
4
 70
1
 10
1244.0
 20
9476.5201
 10
1256.0
 20
9476.5201
 10
1256.0
 20
9488.5201
 10
1244.0
 20
9488.5201
  0
LWPOLYLINE
  5
4A8
330
17
100
AcDbEntity
  8
HANGER
100
AcDbPolyline
 90
4
 70
1
 10
2387.5
 20
9300.5201
 10
2412.5
 20
9300.5201
 10
2412.5
 20
9492.52
 10
2387.5
 20
9492.52
  0
LWPOLYLINE
  5
4A9
330
17
100
AcDbEntity
  8
HANGER
100
AcDbPolyline
 90
4
 70
1
 10
2387.5
 20
9324.5201
 10
2412.5
 20
9324.5201
 10
2412.5
 20
9330.5201
 10
2387.5
 20
9330.5201
  0
LWPOLYLINE
  5
4AA
330
17
100
AcDbEntity
  8
HANGER
100
AcDbPolyline
 90
4
 70
1
 10
2387.5
 20
9462.5201
 10
2412.5
 20
9462.5201
 10
2412.5
 20
9468.5201
 10
2387.5
 20
9468.5201
  0
LWPOLYLINE
  5
4AB
330
17
100
AcDbEntity
  8
HANGER
100
AcDbPolyline
 90
4
 70
1
 10
2394.0
 20
9304.5201
 10
2406.0
 20
9304.5201
 10
2406.0
 20
9316.5201
 10
2394.0
 20
9316.5201
  0
LWPOLYLINE
  5
4AC
330
17
100
AcDbEntity
  8
HANGER
100
AcDbPolyline
 90
4
 70
1
 10
2394.0
 20
9476.5201
 10
2406.0
 20
9476.5201
 10
2406.0
 20
9488.5201
 10
2394.0
 20
9488.5201
  0
LWPOLYLINE
  5
4AD
330
17
100
AcDbEntity
  8
HANGER
100
AcDbPolyline
 90
4
 70
1
 10
3487.5
 20
9300.5201
 10
3512.5
 20
9300.5201
 10
3512.5
 20
9492.52
 10
3487.5
 20
9492.52
  0
LWPOLYLINE
  5
4AE
330
17
100
AcDbEntity
  8
HANGER
100
AcDbPolyline
 90
4
 70
1
 10
3487.5
 20
9324.5201
 10
3512.5
 20
9324.5201
 10
3512.5
 20
9330.5201
 10
3487.5
 20
9330.5201
  0
LWPOLYLINE
  5
4AF
330
17
100
AcDbEntity
  8
HANGER
100
AcDbPolyline
 90
4
 70
1
 10
3487.5
 20
9462.5201
 10
3512.5
 20
9462.5201
 10
3512.5
 20
9468.5201
 10
3487.5
 20
9468.5201
  0
LWPOLYLINE
  5
4B0
330
17
100
AcDbEntity
  8
HANGER
100
AcDbPolyline
 90
4
 70
1
 10
3494.0
 20
9304.5201
 10
3506.0
 20
9304.5201
 10
3506.0
 20
9316.5201
 10
3494.0
 20
9316.5201
  0
LWPOLYLINE
  5
4B1
330
17
100
AcDbEntity
  8
HANGER
100
AcDbPolyline
 90
4
 70
1
 10
3494.0
 20
9476.5201
 10
3506.0
 20
9476.5201
 10
3506.0
 20
9488.5201
 10
3494.0
 20
9488.5201
  0
LWPOLYLINE
  5
4B2
330
17
100
AcDbEntity
  8
HANGER
100
AcDbPolyline
 90
4
 70
1
 10
4637.5
 20
9300.5201
 10
4662.5
 20
9300.5201
 10
4662.5
 20
9492.52
 10
4637.5
 20
9492.52
  0
LWPOLYLINE
  5
4B3
330
17
100
AcDbEntity
  8
HANGER
100
AcDbPolyline
 90
4
 70
1
 10
4637.5
 20
9324.5201
 10
4662.5
 20
9324.5201
 10
4662.5
 20
9330.5201
 10
4637.5
 20
9330.5201
  0
LWPOLYLINE
  5
4B4
330
17
100
AcDbEntity
  8
HANGER
100
AcDbPolyline
 90
4
 70
1
 10
4637.5
 20
9462.5201
 10
4662.5
 20
9462.5201
 10
4662.5
 20
9468.5201
 10
4637.5
 20
9468.5201
  0
LWPOLYLINE
  5
4B5
330
17
100
AcDbEntity
  8
HANGER
100
AcDbPolyline
 90
4
 70
1
 10
4644.0
 20
9304.5201
 10
4656.0
 20
9304.5201
 10
4656.0
 20
9316.5201
 10
4644.0
 20
9316.5201
  0
LWPOLYLINE
  5
4B6
330
17
100
AcDbEntity
  8
HANGER
100
AcDbPolyline
 90
4
 70
1
 10
4644.0
 20
9476.5201
 10
4656.0
 20
9476.5201
 10
4656.0
 20
9488.5201
 10
4644.0
 20
9488.5201
  0
LWPOLYLINE
  5
4B7
330
17
100
AcDbEntity
  8
HANGER
100
AcDbPolyline
 90
4
 70
1
 10
5787.5
 20
9300.5201
 10
5812.5
 20
9300.5201
 10
5812.5
 20
9492.52
 10
5787.5
 20
9492.52
  0
LWPOLYLINE
  5
4B8
330
17
100
AcDbEntity
  8
HANGER
100
AcDbPolyline
 90
4
 70
1
 10
5787.5
 20
9324.5201
 10
5812.5
 20
9324.5201
 10
5812.5
 20
9330.5201
 10
5787.5
 20
9330.5201
  0
LWPOLYLINE
  5
4B9
330
17
100
AcDbEntity
  8
HANGER
100
AcDbPolyline
 90
4
 70
1
 10
5787.5
 20
9462.5201
 10
5812.5
 20
9462.5201
 10
5812.5
 20
9468.5201
 10
5787.5
 20
9468.5201
  0
LWPOLYLINE
  5
4BA
330
17
100
AcDbEntity
  8
HANGER
100
AcDbPolyline
 90
4
 70
1
 10
5794.0
 20
9304.5201
 10
5806.0
 20
9304.5201
 10
5806.0
 20
9316.5201
 10
5794.0
 20
9316.5201
  0
LWPOLYLINE
  5
4BB
330
17
100
AcDbEntity
  8
HANGER
100
AcDbPolyline
 90
4
 70
1
 10
5794.0
 20
9476.5201
 10
5806.0
 20
9476.5201
 10
5806.0
 20
9488.5201
 10
5794.0
 20
9488.5201
  0
LWPOLYLINE
  5
4BC
330
17
100
AcDbEntity
  8
HANGER
100
AcDbPolyline
 90
4
 70
1
 10
7187.5
 20
9300.5201
 10
7212.5
 20
9300.5201
 10
7212.5
 20
9492.52
 10
7187.5
 20
9492.52
  0
LWPOLYLINE
  5
4BD
330
17
100
AcDbEntity
  8
HANGER
100
AcDbPolyline
 90
4
 70
1
 10
7187.5
 20
9324.5201
 10
7212.5
 20
9324.5201
 10
7212.5
 20
9330.5201
 10
7187.5
 20
9330.5201
  0
LWPOLYLINE
  5
4BE
330
17
100
AcDbEntity
  8
HANGER
100
AcDbPolyline
 90
4
 70
1
 10
7187.5
 20
9462.5201
 10
7212.5
 20
9462.5201
 10
7212.5
 20
9468.5201
 10
7187.5
 20
9468.5201
  0
LWPOLYLINE
  5
4BF
330
17
100
AcDbEntity
  8
HANGER
100
AcDbPolyline
 90
4
 70
1
 10
7194.0
 20
9304.5201
 10
7206.0
 20
9304.5201
 10
7206.0
 20
9316.5201
 10
7194.0
 20
9316.5201
  0
LWPOLYLINE
  5
4C0
330
17
100
AcDbEntity
  8
HANGER
100
AcDbPolyline
 90
4
 70
1
 10
7194.0
 20
9476.5201
 10
7206.0
 20
9476.5201
 10
7206.0
 20
9488.5201
 10
7194.0
 20
9488.5201
  0
LWPOLYLINE
  5
4C1
330
17
100
AcDbEntity
  8
HANGER
100
AcDbPolyline
 90
4
 70
1
 10
8387.5
 20
9300.5201
 10
8412.5
 20
9300.5201
 10
8412.5
 20
9492.52
 10
8387.5
 20
9492.52
  0
LWPOLYLINE
  5
4C2
330
17
100
AcDbEntity
  8
HANGER
100
AcDbPolyline
 90
4
 70
1
 10
8387.5
 20
9324.5201
 10
8412.5
 20
9324.5201
 10
8412.5
 20
9330.5201
 10
8387.5
 20
9330.5201
  0
LWPOLYLINE
  5
4C3
330
17
100
AcDbEntity
  8
HANGER
100
AcDbPolyline
 90
4
 70
1
 10
8387.5
 20
9462.5201
 10
8412.5
 20
9462.5201
 10
8412.5
 20
9468.5201
 10
8387.5
 20
9468.5201
  0
LWPOLYLINE
  5
4C4
330
17
100
AcDbEntity
  8
HANGER
100
AcDbPolyline
 90
4
 70
1
 10
8394.0
 20
9304.5201
 10
8406.0
 20
9304.5201
 10
8406.0
 20
9316.5201
 10
8394.0
 20
9316.5201
  0
LWPOLYLINE
  5
4C5
330
17
100
AcDbEntity
  8
HANGER
100
AcDbPolyline
 90
4
 70
1
 10
8394.0
 20
9476.5201
 10
8406.0
 20
9476.5201
 10
8406.0
 20
9488.5201
 10
8394.0
 20
9488.5201
  0
LWPOLYLINE
  5
4C6
330
17
100
AcDbEntity
  8
HANGER
100
AcDbPolyline
 90
4
 70
1
 10
9487.5
 20
9300.5201
 10
9512.5
 20
9300.5201
 10
9512.5
 20
9492.52
 10
9487.5
 20
9492.52
  0
LWPOLYLINE
  5
4C7
330
17
100
AcDbEntity
  8
HANGER
100
AcDbPolyline
 90
4
 70
1
 10
9487.5
 20
9324.5201
 10
9512.5
 20
9324.5201
 10
9512.5
 20
9330.5201
 10
9487.5
 20
9330.5201
  0
LWPOLYLINE
  5
4C8
330
17
100
AcDbEntity
  8
HANGER
100
AcDbPolyline
 90
4
 70
1
 10
9487.5
 20
9462.5201
 10
9512.5
 20
9462.5201
 10
9512.5
 20
9468.5201
 10
9487.5
 20
9468.5201
  0
LWPOLYLINE
  5
4C9
330
17
100
AcDbEntity
  8
HANGER
100
AcDbPolyline
 90
4
 70
1
 10
9494.0
 20
9304.5201
 10
9506.0
 20
9304.5201
 10
9506.0
 20
9316.5201
 10
9494.0
 20
9316.5201
  0
LWPOLYLINE
  5
4CA
330
17
100
AcDbEntity
  8
HANGER
100
AcDbPolyline
 90
4
 70
1
 10
9494.0
 20
9476.5201
 10
9506.0
 20
9476.5201
 10
9506.0
 20
9488.5201
 10
9494.0
 20
9488.5201
  0
LWPOLYLINE
  5
4CB
330
17
100
AcDbEntity
  8
HANGER
100
AcDbPolyline
 90
4
 70
1
 10
10637.5
 20
9300.5201
 10
10662.5
 20
9300.5201
 10
10662.5
 20
9492.52
 10
10637.5
 20
9492.52
  0
LWPOLYLINE
  5
4CC
330
17
100
AcDbEntity
  8
HANGER
100
AcDbPolyline
 90
4
 70
1
 10
10637.5
 20
9324.5201
 10
10662.5
 20
9324.5201
 10
10662.5
 20
9330.5201
 10
10637.5
 20
9330.5201
  0
LWPOLYLINE
  5
4CD
330
17
100
AcDbEntity
  8
HANGER
100
AcDbPolyline
 90
4
 70
1
 10
10637.5
 20
9462.5201
 10
10662.5
 20
9462.5201
 10
10662.5
 20
9468.5201
 10
10637.5
 20
9468.5201
  0
LWPOLYLINE
  5
4CE
330
17
100
AcDbEntity
  8
HANGER
100
AcDbPolyline
 90
4
 70
1
 10
10644.0
 20
9304.5201
 10
10656.0
 20
9304.5201
 10
10656.0
 20
9316.5201
 10
10644.0
 20
9316.5201
  0
LWPOLYLINE
  5
4CF
330
17
100
AcDbEntity
  8
HANGER
100
AcDbPolyline
 90
4
 70
1
 10
10644.0
 20
9476.5201
 10
10656.0
 20
9476.5201
 10
10656.0
 20
9488.5201
 10
10644.0
 20
9488.5201
  0
LWPOLYLINE
  5
4D0
330
17
100
AcDbEntity
  8
HANGER
100
AcDbPolyline
 90
4
 70
1
 10
11787.5
 20
9300.5201
 10
11812.5
 20
9300.5201
 10
11812.5
 20
9492.52
 10
11787.5
 20
9492.52
  0
LWPOLYLINE
  5
4D1
330
17
100
AcDbEntity
  8
HANGER
100
AcDbPolyline
 90
4
 70
1
 10
11787.5
 20
9324.5201
 10
11812.5
 20
9324.5201
 10
11812.5
 20
9330.5201
 10
11787.5
 20
9330.5201
  0
LWPOLYLINE
  5
4D2
330
17
100
AcDbEntity
  8
HANGER
100
AcDbPolyline
 90
4
 70
1
 10
11787.5
 20
9462.5201
 10
11812.5
 20
9462.5201
 10
11812.5
 20
9468.5201
 10
11787.5
 20
9468.5201
  0
LWPOLYLINE
  5
4D3
330
17
100
AcDbEntity
  8
HANGER
100
AcDbPolyline
 90
4
 70
1
 10
11794.0
 20
9304.5201
 10
11806.0
 20
9304.5201
 10
11806.0
 20
9316.5201
 10
11794.0
 20
9316.5201
  0
LWPOLYLINE
  5
4D4
330
17
100
AcDbEntity
  8
HANGER
100
AcDbPolyline
 90
4
 70
1
 10
11794.0
 20
9476.5201
 10
11806.0
 20
9476.5201
 10
11806.0
 20
9488.5201
 10
11794.0
 20
9488.5201
  0
LWPOLYLINE
  5
4D5
330
17
100
AcDbEntity
  8
HANGER
100
AcDbPolyline
 90
4
 70
1
 10
12887.5
 20
9300.5201
 10
12912.5
 20
9300.5201
 10
12912.5
 20
9492.52
 10
12887.5
 20
9492.52
  0
LWPOLYLINE
  5
4D6
330
17
100
AcDbEntity
  8
HANGER
100
AcDbPolyline
 90
4
 70
1
 10
12887.5
 20
9324.5201
 10
12912.5
 20
9324.5201
 10
12912.5
 20
9330.5201
 10
12887.5
 20
9330.5201
  0
LWPOLYLINE
  5
4D7
330
17
100
AcDbEntity
  8
HANGER
100
AcDbPolyline
 90
4
 70
1
 10
12887.5
 20
9462.5201
 10
12912.5
 20
9462.5201
 10
12912.5
 20
9468.5201
 10
12887.5
 20
9468.5201
  0
LWPOLYLINE
  5
4D8
330
17
100
AcDbEntity
  8
HANGER
100
AcDbPolyline
 90
4
 70
1
 10
12894.0
 20
9304.5201
 10
12906.0
 20
9304.5201
 10
12906.0
 20
9316.5201
 10
12894.0
 20
9316.5201
  0
LWPOLYLINE
  5
4D9
330
17
100
AcDbEntity
  8
HANGER
100
AcDbPolyline
 90
4
 70
1
 10
12894.0
 20
9476.5201
 10
12906.0
 20
9476.5201
 10
12906.0
 20
9488.5201
 10
12894.0
 20
9488.5201
  0
LWPOLYLINE
  5
4DA
330
17
100
AcDbEntity
  8
HANGER
100
AcDbPolyline
 90
4
 70
1
 10
14087.5
 20
9300.5201
 10
14112.5
 20
9300.5201
 10
14112.5
 20
9492.52
 10
14087.5
 20
9492.52
  0
LWPOLYLINE
  5
4DB
330
17
100
AcDbEntity
  8
HANGER
100
AcDbPolyline
 90
4
 70
1
 10
14087.5
 20
9324.5201
 10
14112.5
 20
9324.5201
 10
14112.5
 20
9330.5201
 10
14087.5
 20
9330.5201
  0
LWPOLYLINE
  5
4DC
330
17
100
AcDbEntity
  8
HANGER
100
AcDbPolyline
 90
4
 70
1
 10
14087.5
 20
9462.5201
 10
14112.5
 20
9462.5201
 10
14112.5
 20
9468.5201
 10
14087.5
 20
9468.5201
  0
LWPOLYLINE
  5
4DD
330
17
100
AcDbEntity
  8
HANGER
100
AcDbPolyline
 90
4
 70
1
 10
14094.0
 20
9304.5201
 10
14106.0
 20
9304.5201
 10
14106.0
 20
9316.5201
 10
14094.0
 20
9316.5201
  0
LWPOLYLINE
  5
4DE
330
17
100
AcDbEntity
  8
HANGER
100
AcDbPolyline
 90
4
 70
1
 10
14094.0
 20
9476.5201
 10
14106.0
 20
9476.5201
 10
14106.0
 20
9488.5201
 10
14094.0
 20
9488.5201
  0
LWPOLYLINE
  5
4DF
330
17
100
AcDbEntity
  8
HANGER
100
AcDbPolyline
 90
4
 70
1
 10
1237.5
 20
9707.5201
 10
1262.5
 20
9707.5201
 10
1262.5
 20
9899.5201
 10
1237.5
 20
9899.5201
  0
LWPOLYLINE
  5
4E0
330
17
100
AcDbEntity
  8
HANGER
100
AcDbPolyline
 90
4
 70
1
 10
1237.5
 20
9731.5201
 10
1262.5
 20
9731.5201
 10
1262.5
 20
9737.5201
 10
1237.5
 20
9737.5201
  0
LWPOLYLINE
  5
4E1
330
17
100
AcDbEntity
  8
HANGER
100
AcDbPolyline
 90
4
 70
1
 10
1237.5
 20
9869.5201
 10
1262.5
 20
9869.5201
 10
1262.5
 20
9875.5201
 10
1237.5
 20
9875.5201
  0
LWPOLYLINE
  5
4E2
330
17
100
AcDbEntity
  8
HANGER
100
AcDbPolyline
 90
4
 70
1
 10
1244.0
 20
9711.5201
 10
1256.0
 20
9711.5201
 10
1256.0
 20
9723.5201
 10
1244.0
 20
9723.5201
  0
LWPOLYLINE
  5
4E3
330
17
100
AcDbEntity
  8
HANGER
100
AcDbPolyline
 90
4
 70
1
 10
1244.0
 20
9883.5201
 10
1256.0
 20
9883.5201
 10
1256.0
 20
9895.5201
 10
1244.0
 20
9895.5201
  0
LWPOLYLINE
  5
4E4
330
17
100
AcDbEntity
  8
HANGER
100
AcDbPolyline
 90
4
 70
1
 10
2387.5
 20
9707.5201
 10
2412.5
 20
9707.5201
 10
2412.5
 20
9899.5201
 10
2387.5
 20
9899.5201
  0
LWPOLYLINE
  5
4E5
330
17
100
AcDbEntity
  8
HANGER
100
AcDbPolyline
 90
4
 70
1
 10
2387.5
 20
9731.5201
 10
2412.5
 20
9731.5201
 10
2412.5
 20
9737.5201
 10
2387.5
 20
9737.5201
  0
LWPOLYLINE
  5
4E6
330
17
100
AcDbEntity
  8
HANGER
100
AcDbPolyline
 90
4
 70
1
 10
2387.5
 20
9869.5201
 10
2412.5
 20
9869.5201
 10
2412.5
 20
9875.5201
 10
2387.5
 20
9875.5201
  0
LWPOLYLINE
  5
4E7
330
17
100
AcDbEntity
  8
HANGER
100
AcDbPolyline
 90
4
 70
1
 10
2394.0
 20
9711.5201
 10
2406.0
 20
9711.5201
 10
2406.0
 20
9723.5201
 10
2394.0
 20
9723.5201
  0
LWPOLYLINE
  5
4E8
330
17
100
AcDbEntity
  8
HANGER
100
AcDbPolyline
 90
4
 70
1
 10
2394.0
 20
9883.5201
 10
2406.0
 20
9883.5201
 10
2406.0
 20
9895.5201
 10
2394.0
 20
9895.5201
  0
LWPOLYLINE
  5
4E9
330
17
100
AcDbEntity
  8
HANGER
100
AcDbPolyline
 90
4
 70
1
 10
3487.5
 20
9707.5201
 10
3512.5
 20
9707.5201
 10
3512.5
 20
9899.5201
 10
3487.5
 20
9899.5201
  0
LWPOLYLINE
  5
4EA
330
17
100
AcDbEntity
  8
HANGER
100
AcDbPolyline
 90
4
 70
1
 10
3487.5
 20
9731.5201
 10
3512.5
 20
9731.5201
 10
3512.5
 20
9737.5201
 10
3487.5
 20
9737.5201
  0
LWPOLYLINE
  5
4EB
330
17
100
AcDbEntity
  8
HANGER
100
AcDbPolyline
 90
4
 70
1
 10
3487.5
 20
9869.5201
 10
3512.5
 20
9869.5201
 10
3512.5
 20
9875.5201
 10
3487.5
 20
9875.5201
  0
LWPOLYLINE
  5
4EC
330
17
100
AcDbEntity
  8
HANGER
100
AcDbPolyline
 90
4
 70
1
 10
3494.0
 20
9711.5201
 10
3506.0
 20
9711.5201
 10
3506.0
 20
9723.5201
 10
3494.0
 20
9723.5201
  0
LWPOLYLINE
  5
4ED
330
17
100
AcDbEntity
  8
HANGER
100
AcDbPolyline
 90
4
 70
1
 10
3494.0
 20
9883.5201
 10
3506.0
 20
9883.5201
 10
3506.0
 20
9895.5201
 10
3494.0
 20
9895.5201
  0
LWPOLYLINE
  5
4EE
330
17
100
AcDbEntity
  8
HANGER
100
AcDbPolyline
 90
4
 70
1
 10
4637.5
 20
9707.5201
 10
4662.5
 20
9707.5201
 10
4662.5
 20
9899.5201
 10
4637.5
 20
9899.5201
  0
LWPOLYLINE
  5
4EF
330
17
100
AcDbEntity
  8
HANGER
100
AcDbPolyline
 90
4
 70
1
 10
4637.5
 20
9731.5201
 10
4662.5
 20
9731.5201
 10
4662.5
 20
9737.5201
 10
4637.5
 20
9737.5201
  0
LWPOLYLINE
  5
4F0
330
17
100
AcDbEntity
  8
HANGER
100
AcDbPolyline
 90
4
 70
1
 10
4637.5
 20
9869.5201
 10
4662.5
 20
9869.5201
 10
4662.5
 20
9875.5201
 10
4637.5
 20
9875.5201
  0
LWPOLYLINE
  5
4F1
330
17
100
AcDbEntity
  8
HANGER
100
AcDbPolyline
 90
4
 70
1
 10
4644.0
 20
9711.5201
 10
4656.0
 20
9711.5201
 10
4656.0
 20
9723.5201
 10
4644.0
 20
9723.5201
  0
LWPOLYLINE
  5
4F2
330
17
100
AcDbEntity
  8
HANGER
100
AcDbPolyline
 90
4
 70
1
 10
4644.0
 20
9883.5201
 10
4656.0
 20
9883.5201
 10
4656.0
 20
9895.5201
 10
4644.0
 20
9895.5201
  0
LWPOLYLINE
  5
4F3
330
17
100
AcDbEntity
  8
HANGER
100
AcDbPolyline
 90
4
 70
1
 10
5787.5
 20
9707.5201
 10
5812.5
 20
9707.5201
 10
5812.5
 20
9899.5201
 10
5787.5
 20
9899.5201
  0
LWPOLYLINE
  5
4F4
330
17
100
AcDbEntity
  8
HANGER
100
AcDbPolyline
 90
4
 70
1
 10
5787.5
 20
9731.5201
 10
5812.5
 20
9731.5201
 10
5812.5
 20
9737.5201
 10
5787.5
 20
9737.5201
  0
LWPOLYLINE
  5
4F5
330
17
100
AcDbEntity
  8
HANGER
100
AcDbPolyline
 90
4
 70
1
 10
5787.5
 20
9869.5201
 10
5812.5
 20
9869.5201
 10
5812.5
 20
9875.5201
 10
5787.5
 20
9875.5201
  0
LWPOLYLINE
  5
4F6
330
17
100
AcDbEntity
  8
HANGER
100
AcDbPolyline
 90
4
 70
1
 10
5794.0
 20
9711.5201
 10
5806.0
 20
9711.5201
 10
5806.0
 20
9723.5201
 10
5794.0
 20
9723.5201
  0
LWPOLYLINE
  5
4F7
330
17
100
AcDbEntity
  8
HANGER
100
AcDbPolyline
 90
4
 70
1
 10
5794.0
 20
9883.5201
 10
5806.0
 20
9883.5201
 10
5806.0
 20
9895.5201
 10
5794.0
 20
9895.5201
  0
LWPOLYLINE
  5
4F8
330
17
100
AcDbEntity
  8
HANGER
100
AcDbPolyline
 90
4
 70
1
 10
7187.5
 20
9707.5201
 10
7212.5
 20
9707.5201
 10
7212.5
 20
9899.5201
 10
7187.5
 20
9899.5201
  0
LWPOLYLINE
  5
4F9
330
17
100
AcDbEntity
  8
HANGER
100
AcDbPolyline
 90
4
 70
1
 10
7187.5
 20
9731.5201
 10
7212.5
 20
9731.5201
 10
7212.5
 20
9737.5201
 10
7187.5
 20
9737.5201
  0
LWPOLYLINE
  5
4FA
330
17
100
AcDbEntity
  8
HANGER
100
AcDbPolyline
 90
4
 70
1
 10
7187.5
 20
9869.5201
 10
7212.5
 20
9869.5201
 10
7212.5
 20
9875.5201
 10
7187.5
 20
9875.5201
  0
LWPOLYLINE
  5
4FB
330
17
100
AcDbEntity
  8
HANGER
100
AcDbPolyline
 90
4
 70
1
 10
7194.0
 20
9711.5201
 10
7206.0
 20
9711.5201
 10
7206.0
 20
9723.5201
 10
7194.0
 20
9723.5201
  0
LWPOLYLINE
  5
4FC
330
17
100
AcDbEntity
  8
HANGER
100
AcDbPolyline
 90
4
 70
1
 10
7194.0
 20
9883.5201
 10
7206.0
 20
9883.5201
 10
7206.0
 20
9895.5201
 10
7194.0
 20
9895.5201
  0
LWPOLYLINE
  5
4FD
330
17
100
AcDbEntity
  8
HANGER
100
AcDbPolyline
 90
4
 70
1
 10
8387.5
 20
9707.5201
 10
8412.5
 20
9707.5201
 10
8412.5
 20
9899.5201
 10
8387.5
 20
9899.5201
  0
LWPOLYLINE
  5
4FE
330
17
100
AcDbEntity
  8
HANGER
100
AcDbPolyline
 90
4
 70
1
 10
8387.5
 20
9731.5201
 10
8412.5
 20
9731.5201
 10
8412.5
 20
9737.5201
 10
8387.5
 20
9737.5201
  0
LWPOLYLINE
  5
4FF
330
17
100
AcDbEntity
  8
HANGER
100
AcDbPolyline
 90
4
 70
1
 10
8387.5
 20
9869.5201
 10
8412.5
 20
9869.5201
 10
8412.5
 20
9875.5201
 10
8387.5
 20
9875.5201
  0
LWPOLYLINE
  5
500
330
17
100
AcDbEntity
  8
HANGER
100
AcDbPolyline
 90
4
 70
1
 10
8394.0
 20
9711.5201
 10
8406.0
 20
9711.5201
 10
8406.0
 20
9723.5201
 10
8394.0
 20
9723.5201
  0
LWPOLYLINE
  5
501
330
17
100
AcDbEntity
  8
HANGER
100
AcDbPolyline
 90
4
 70
1
 10
8394.0
 20
9883.5201
 10
8406.0
 20
9883.5201
 10
8406.0
 20
9895.5201
 10
8394.0
 20
9895.5201
  0
LWPOLYLINE
  5
502
330
17
100
AcDbEntity
  8
HANGER
100
AcDbPolyline
 90
4
 70
1
 10
9487.5
 20
9707.5201
 10
9512.5
 20
9707.5201
 10
9512.5
 20
9899.5201
 10
9487.5
 20
9899.5201
  0
LWPOLYLINE
  5
503
330
17
100
AcDbEntity
  8
HANGER
100
AcDbPolyline
 90
4
 70
1
 10
9487.5
 20
9731.5201
 10
9512.5
 20
9731.5201
 10
9512.5
 20
9737.5201
 10
9487.5
 20
9737.5201
  0
LWPOLYLINE
  5
504
330
17
100
AcDbEntity
  8
HANGER
100
AcDbPolyline
 90
4
 70
1
 10
9487.5
 20
9869.5201
 10
9512.5
 20
9869.5201
 10
9512.5
 20
9875.5201
 10
9487.5
 20
9875.5201
  0
LWPOLYLINE
  5
505
330
17
100
AcDbEntity
  8
HANGER
100
AcDbPolyline
 90
4
 70
1
 10
9494.0
 20
9711.5201
 10
9506.0
 20
9711.5201
 10
9506.0
 20
9723.5201
 10
9494.0
 20
9723.5201
  0
LWPOLYLINE
  5
506
330
17
100
AcDbEntity
  8
HANGER
100
AcDbPolyline
 90
4
 70
1
 10
9494.0
 20
9883.5201
 10
9506.0
 20
9883.5201
 10
9506.0
 20
9895.5201
 10
9494.0
 20
9895.5201
  0
LWPOLYLINE
  5
507
330
17
100
AcDbEntity
  8
HANGER
100
AcDbPolyline
 90
4
 70
1
 10
10637.5
 20
9707.5201
 10
10662.5
 20
9707.5201
 10
10662.5
 20
9899.5201
 10
10637.5
 20
9899.5201
  0
LWPOLYLINE
  5
508
330
17
100
AcDbEntity
  8
HANGER
100
AcDbPolyline
 90
4
 70
1
 10
10637.5
 20
9731.5201
 10
10662.5
 20
9731.5201
 10
10662.5
 20
9737.5201
 10
10637.5
 20
9737.5201
  0
LWPOLYLINE
  5
509
330
17
100
AcDbEntity
  8
HANGER
100
AcDbPolyline
 90
4
 70
1
 10
10637.5
 20
9869.5201
 10
10662.5
 20
9869.5201
 10
10662.5
 20
9875.5201
 10
10637.5
 20
9875.5201
  0
LWPOLYLINE
  5
50A
330
17
100
AcDbEntity
  8
HANGER
100
AcDbPolyline
 90
4
 70
1
 10
10644.0
 20
9711.5201
 10
10656.0
 20
9711.5201
 10
10656.0
 20
9723.5201
 10
10644.0
 20
9723.5201
  0
LWPOLYLINE
  5
50B
330
17
100
AcDbEntity
  8
HANGER
100
AcDbPolyline
 90
4
 70
1
 10
10644.0
 20
9883.5201
 10
10656.0
 20
9883.5201
 10
10656.0
 20
9895.5201
 10
10644.0
 20
9895.5201
  0
LWPOLYLINE
  5
50C
330
17
100
AcDbEntity
  8
HANGER
100
AcDbPolyline
 90
4
 70
1
 10
11787.5
 20
9707.5201
 10
11812.5
 20
9707.5201
 10
11812.5
 20
9899.5201
 10
11787.5
 20
9899.5201
  0
LWPOLYLINE
  5
50D
330
17
100
AcDbEntity
  8
HANGER
100
AcDbPolyline
 90
4
 70
1
 10
11787.5
 20
9731.5201
 10
11812.5
 20
9731.5201
 10
11812.5
 20
9737.5201
 10
11787.5
 20
9737.5201
  0
LWPOLYLINE
  5
50E
330
17
100
AcDbEntity
  8
HANGER
100
AcDbPolyline
 90
4
 70
1
 10
11787.5
 20
9869.5201
 10
11812.5
 20
9869.5201
 10
11812.5
 20
9875.5201
 10
11787.5
 20
9875.5201
  0
LWPOLYLINE
  5
50F
330
17
100
AcDbEntity
  8
HANGER
100
AcDbPolyline
 90
4
 70
1
 10
11794.0
 20
9711.5201
 10
11806.0
 20
9711.5201
 10
11806.0
 20
9723.5201
 10
11794.0
 20
9723.5201
  0
LWPOLYLINE
  5
510
330
17
100
AcDbEntity
  8
HANGER
100
AcDbPolyline
 90
4
 70
1
 10
11794.0
 20
9883.5201
 10
11806.0
 20
9883.5201
 10
11806.0
 20
9895.5201
 10
11794.0
 20
9895.5201
  0
LWPOLYLINE
  5
511
330
17
100
AcDbEntity
  8
HANGER
100
AcDbPolyline
 90
4
 70
1
 10
12887.5
 20
9707.5201
 10
12912.5
 20
9707.5201
 10
12912.5
 20
9899.5201
 10
12887.5
 20
9899.5201
  0
LWPOLYLINE
  5
512
330
17
100
AcDbEntity
  8
HANGER
100
AcDbPolyline
 90
4
 70
1
 10
12887.5
 20
9731.5201
 10
12912.5
 20
9731.5201
 10
12912.5
 20
9737.5201
 10
12887.5
 20
9737.5201
  0
LWPOLYLINE
  5
513
330
17
100
AcDbEntity
  8
HANGER
100
AcDbPolyline
 90
4
 70
1
 10
12887.5
 20
9869.5201
 10
12912.5
 20
9869.5201
 10
12912.5
 20
9875.5201
 10
12887.5
 20
9875.5201
  0
LWPOLYLINE
  5
514
330
17
100
AcDbEntity
  8
HANGER
100
AcDbPolyline
 90
4
 70
1
 10
12894.0
 20
9711.5201
 10
12906.0
 20
9711.5201
 10
12906.0
 20
9723.5201
 10
12894.0
 20
9723.5201
  0
LWPOLYLINE
  5
515
330
17
100
AcDbEntity
  8
HANGER
100
AcDbPolyline
 90
4
 70
1
 10
12894.0
 20
9883.5201
 10
12906.0
 20
9883.5201
 10
12906.0
 20
9895.5201
 10
12894.0
 20
9895.5201
  0
LWPOLYLINE
  5
516
330
17
100
AcDbEntity
  8
HANGER
100
AcDbPolyline
 90
4
 70
1
 10
14087.5
 20
9707.5201
 10
14112.5
 20
9707.5201
 10
14112.5
 20
9899.5201
 10
14087.5
 20
9899.5201
  0
LWPOLYLINE
  5
517
330
17
100
AcDbEntity
  8
HANGER
100
AcDbPolyline
 90
4
 70
1
 10
14087.5
 20
9731.5201
 10
14112.5
 20
9731.5201
 10
14112.5
 20
9737.5201
 10
14087.5
 20
9737.5201
  0
LWPOLYLINE
  5
518
330
17
100
AcDbEntity
  8
HANGER
100
AcDbPolyline
 90
4
 70
1
 10
14087.5
 20
9869.5201
 10
14112.5
 20
9869.5201
 10
14112.5
 20
9875.5201
 10
14087.5
 20
9875.5201
  0
LWPOLYLINE
  5
519
330
17
100
AcDbEntity
  8
HANGER
100
AcDbPolyline
 90
4
 70
1
 10
14094.0
 20
9711.5201
 10
14106.0
 20
9711.5201
 10
14106.0
 20
9723.5201
 10
14094.0
 20
9723.5201
  0
LWPOLYLINE
  5
51A
330
17
100
AcDbEntity
  8
HANGER
100
AcDbPolyline
 90
4
 70
1
 10
14094.0
 20
9883.5201
 10
14106.0
 20
9883.5201
 10
14106.0
 20
9895.5201
 10
14094.0
 20
9895.5201
  0
LWPOLYLINE
  5
51B
330
17
100
AcDbEntity
  8
PORT
100
AcDbPolyline
 90
4
 70
1
 10
14448.0
 20
9287.9998
 10
14460.0
 20
9287.9998
 10
14460.0
 20
9911.9994
 10
14448.0
 20
9911.9994
  0
LWPOLYLINE
  5
51C
330
17
100
AcDbEntity
  8
PORT
100
AcDbPolyline
 90
4
 70
1
 10
14448.0
 20
9287.9998
 10
14460.0
 20
9287.9998
 10
14460.0
 20
9911.9994
 10
14448.0
 20
9911.9994
  0
LWPOLYLINE
  5
51D
330
17
100
AcDbEntity
  8
PORT
100
AcDbPolyline
 90
4
 70
1
 10
14448.0
 20
9287.9998
 10
14460.0
 20
9287.9998
 10
14460.0
 20
9330.4994
 10
14448.0
 20
9330.4994
  0
LWPOLYLINE
  5
51E
330
17
100
AcDbEntity
  8
PORT
100
AcDbPolyline
 90
4
 70
1
 10
14448.0
 20
9462.5003
 10
14460.0
 20
9462.5003
 10
14460.0
 20
9737.4999
 10
14448.0
 20
9737.4999
  0
LWPOLYLINE
  5
51F
330
17
100
AcDbEntity
  8
PORT
100
AcDbPolyline
 90
4
 70
1
 10
14448.0
 20
9869.4999
 10
14460.0
 20
9869.4999
 10
14460.0
 20
9911.9994
 10
14448.0
 20
9911.9994
  0
LWPOLYLINE
  5
520
330
17
100
AcDbEntity
  8
PORT
100
AcDbPolyline
 90
4
 70
1
 10
14460.0
 20
9305.4998
 10
14470.0
 20
9305.4998
 10
14470.0
 20
9487.4999
 10
14460.0
 20
9487.4999
  0
LWPOLYLINE
  5
521
330
17
100
AcDbEntity
  8
PORT
100
AcDbPolyline
 90
4
 70
1
 10
14460.0
 20
9305.4998
 10
14470.0
 20
9305.4998
 10
14470.0
 20
9487.4999
 10
14460.0
 20
9487.4999
  0
LWPOLYLINE
  5
522
330
17
100
AcDbEntity
  8
PORT
100
AcDbPolyline
 90
4
 70
1
 10
14460.0
 20
9305.4998
 10
14470.0
 20
9305.4998
 10
14470.0
 20
9330.4994
 10
14460.0
 20
9330.4994
  0
LWPOLYLINE
  5
523
330
17
100
AcDbEntity
  8
PORT
100
AcDbPolyline
 90
4
 70
1
 10
14460.0
 20
9462.5003
 10
14470.0
 20
9462.5003
 10
14470.0
 20
9487.4999
 10
14460.0
 20
9487.4999
  0
LWPOLYLINE
  5
524
330
17
100
AcDbEntity
  8
PORT
100
AcDbPolyline
 90
4
 70
1
 10
14455.5
 20
9309.4995
 10
14460.0
 20
9309.4995
 10
14460.0
 20
9483.5002
 10
14455.5
 20
9483.5002
  0
LWPOLYLINE
  5
525
330
17
100
AcDbEntity
  8
PORT
100
AcDbPolyline
 90
4
 70
1
 10
14455.5
 20
9309.4995
 10
14460.0
 20
9309.4995
 10
14460.0
 20
9483.5002
 10
14455.5
 20
9483.5002
  0
LWPOLYLINE
  5
526
330
17
100
AcDbEntity
  8
PORT
100
AcDbPolyline
 90
4
 70
1
 10
14455.5
 20
9309.4995
 10
14460.0
 20
9309.4995
 10
14460.0
 20
9330.4994
 10
14455.5
 20
9330.4994
  0
LWPOLYLINE
  5
527
330
17
100
AcDbEntity
  8
PORT
100
AcDbPolyline
 90
4
 70
1
 10
14455.5
 20
9462.5003
 10
14460.0
 20
9462.5003
 10
14460.0
 20
9483.5002
 10
14455.5
 20
9483.5002
  0
LWPOLYLINE
  5
528
330
17
100
AcDbEntity
  8
PORT
100
AcDbPolyline
 90
4
 70
1
 10
14460.0
 20
9712.5003
 10
14470.0
 20
9712.5003
 10
14470.0
 20
9894.4995
 10
14460.0
 20
9894.4995
  0
LWPOLYLINE
  5
529
330
17
100
AcDbEntity
  8
PORT
100
AcDbPolyline
 90
4
 70
1
 10
14460.0
 20
9712.5003
 10
14470.0
 20
9712.5003
 10
14470.0
 20
9894.4995
 10
14460.0
 20
9894.4995
  0
LWPOLYLINE
  5
52A
330
17
100
AcDbEntity
  8
PORT
100
AcDbPolyline
 90
4
 70
1
 10
14460.0
 20
9712.5003
 10
14470.0
 20
9712.5003
 10
14470.0
 20
9737.4999
 10
14460.0
 20
9737.4999
  0
LWPOLYLINE
  5
52B
330
17
100
AcDbEntity
  8
PORT
100
AcDbPolyline
 90
4
 70
1
 10
14460.0
 20
9869.4999
 10
14470.0
 20
9869.4999
 10
14470.0
 20
9894.4995
 10
14460.0
 20
9894.4995
  0
LWPOLYLINE
  5
52C
330
17
100
AcDbEntity
  8
PORT
100
AcDbPolyline
 90
4
 70
1
 10
14455.5
 20
9716.5
 10
14460.0
 20
9716.5
 10
14460.0
 20
9890.4998
 10
14455.5
 20
9890.4998
  0
LWPOLYLINE
  5
52D
330
17
100
AcDbEntity
  8
PORT
100
AcDbPolyline
 90
4
 70
1
 10
14455.5
 20
9716.5
 10
14460.0
 20
9716.5
 10
14460.0
 20
9890.4998
 10
14455.5
 20
9890.4998
  0
LWPOLYLINE
  5
52E
330
17
100
AcDbEntity
  8
PORT
100
AcDbPolyline
 90
4
 70
1
 10
14455.5
 20
9716.5
 10
14460.0
 20
9716.5
 10
14460.0
 20
9737.4999
 10
14455.5
 20
9737.4999
  0
LWPOLYLINE
  5
52F
330
17
100
AcDbEntity
  8
PORT
100
AcDbPolyline
 90
4
 70
1
 10
14455.5
 20
9869.4999
 10
14460.0
 20
9869.4999
 10
14460.0
 20
9890.4998
 10
14455.5
 20
9890.4998
  0
LWPOLYLINE
  5
530
330
17
100
AcDbEntity
  8
PORT
100
AcDbPolyline
 90
4
 70
1
 10
14460.0
 20
9287.9997
 10
14608.0
 20
9287.9997
 10
14608.0
 20
9911.9996
 10
14460.0
 20
9911.9996
  0
LWPOLYLINE
  5
531
330
17
100
AcDbEntity
  8
PORT
100
AcDbPolyline
 90
4
 70
1
 10
14460.0
 20
9287.9997
 10
14608.0
 20
9287.9997
 10
14608.0
 20
9911.9996
 10
14460.0
 20
9911.9996
  0
LWPOLYLINE
  5
532
330
17
100
AcDbEntity
  8
PORT
100
AcDbPolyline
 90
4
 70
1
 10
14460.0
 20
9287.9997
 10
14608.0
 20
9287.9997
 10
14608.0
 20
9299.9997
 10
14460.0
 20
9299.9997
  0
LWPOLYLINE
  5
533
330
17
100
AcDbEntity
  8
PORT
100
AcDbPolyline
 90
4
 70
1
 10
14460.0
 20
9899.9997
 10
14608.0
 20
9899.9997
 10
14608.0
 20
9911.9996
 10
14460.0
 20
9911.9996
  0
LWPOLYLINE
  5
534
330
17
100
AcDbEntity
  8
PORT
100
AcDbPolyline
 90
4
 70
1
 10
14608.0
 20
9283.9997
 10
14618.0
 20
9283.9997
 10
14618.0
 20
9944.9997
 10
14608.0
 20
9944.9997
  0
LWPOLYLINE
  5
535
330
17
100
AcDbEntity
  8
PORT
100
AcDbPolyline
 90
4
 70
1
 10
14608.0
 20
9283.9997
 10
14618.0
 20
9283.9997
 10
14618.0
 20
9944.9997
 10
14608.0
 20
9944.9997
  0
LWPOLYLINE
  5
536
330
17
100
AcDbEntity
  8
PORT
100
AcDbPolyline
 90
4
 70
1
 10
14608.0
 20
9283.9997
 10
14618.0
 20
9283.9997
 10
14618.0
 20
9299.9997
 10
14608.0
 20
9299.9997
  0
LWPOLYLINE
  5
537
330
17
100
AcDbEntity
  8
PORT
100
AcDbPolyline
 90
4
 70
1
 10
14608.0
 20
9899.9997
 10
14618.0
 20
9899.9997
 10
14618.0
 20
9944.9997
 10
14608.0
 20
9944.9997
  0
LWPOLYLINE
  5
538
330
17
100
AcDbEntity
  8
PORT
100
AcDbPolyline
 90
4
 70
1
 10
14608.0
 20
9312.0
 10
14634.0
 20
9312.0
 10
14634.0
 20
9871.9995
 10
14608.0
 20
9871.9995
  0
LWPOLYLINE
  5
539
330
17
100
AcDbEntity
  8
PORT
100
AcDbPolyline
 90
4
 70
1
 10
14623.2979
 20
9299.9996
 10
15537.2031
 20
9299.9996
 10
15537.2031
 20
9899.9996
 10
14623.2979
 20
9899.9996
  0
LWPOLYLINE
  5
53A
330
17
100
AcDbEntity
  8
PORT
100
AcDbPolyline
 90
4
 70
1
 10
14605.0703
 20
9330.3421
 10
14724.5088
 20
9330.3421
 10
14724.5088
 20
9343.6571
 10
14605.0703
 20
9343.6571
  0
LWPOLYLINE
  5
53B
330
17
100
AcDbEntity
  8
PORT
100
AcDbPolyline
 90
4
 70
1
 10
14605.0703
 20
9860.3421
 10
14724.5088
 20
9860.3421
 10
14724.5088
 20
9873.657
 10
14605.0703
 20
9873.657
  0
LWPOLYLINE
  5
53C
330
17
100
AcDbEntity
  8
PORT
100
AcDbPolyline
 90
4
 70
1
 10
14619.5576
 20
9284.9991
 10
15429.21
 20
9284.9991
 10
15429.21
 20
9914.9991
 10
14619.5576
 20
9914.9991
  0
LWPOLYLINE
  5
53D
330
17
100
AcDbEntity
  8
PORT
100
AcDbPolyline
 90
4
 70
1
 10
14619.5576
 20
9272.9991
 10
14997.3711
 20
9272.9991
 10
14997.3711
 20
9284.9991
 10
14619.5576
 20
9284.9991
  0
LWPOLYLINE
  5
53E
330
17
100
AcDbEntity
  8
PORT
100
AcDbPolyline
 90
4
 70
1
 10
14619.5576
 20
9914.9991
 10
14997.3711
 20
9914.9991
 10
14997.3711
 20
9926.9991
 10
14619.5576
 20
9926.9991
  0
LWPOLYLINE
  5
53F
330
17
100
AcDbEntity
  8
PORT
100
AcDbPolyline
 90
4
 70
1
 10
14460.0
 20
9316.4994
 10
14472.001
 20
9316.4994
 10
14472.001
 20
9476.4993
 10
14460.0
 20
9476.4993
  0
LWPOLYLINE
  5
540
330
17
100
AcDbEntity
  8
PORT
100
AcDbPolyline
 90
4
 70
1
 10
14472.001
 20
9328.9992
 10
14582.001
 20
9328.9992
 10
14582.001
 20
9463.9995
 10
14472.001
 20
9463.9995
  0
LWPOLYLINE
  5
541
330
17
100
AcDbEntity
  8
PORT
100
AcDbPolyline
 90
4
 70
1
 10
14460.0
 20
9723.499
 10
14472.001
 20
9723.499
 10
14472.001
 20
9883.4988
 10
14460.0
 20
9883.4988
  0
LWPOLYLINE
  5
542
330
17
100
AcDbEntity
  8
PORT
100
AcDbPolyline
 90
4
 70
1
 10
14472.001
 20
9735.9988
 10
14582.001
 20
9735.9988
 10
14582.001
 20
9870.999
 10
14472.001
 20
9870.999
  0
LWPOLYLINE
  5
543
330
17
100
AcDbEntity
  8
PORT
100
AcDbPolyline
 90
4
 70
1
 10
14348.001
 20
9326.4987
 10
14448.0
 20
9326.4987
 10
14448.0
 20
9466.4991
 10
14348.001
 20
9466.4991
  0
LWPOLYLINE
  5
544
330
17
100
AcDbEntity
  8
PORT
100
AcDbPolyline
 90
4
 70
1
 10
14348.001
 20
9733.4993
 10
14448.0
 20
9733.4993
 10
14448.0
 20
9873.4996
 10
14348.001
 20
9873.4996
  0
TEXT
  5
545
330
17
100
AcDbEntity
  8
TITLE
100
AcDbText
 10
900.0
 20
10500.0
 30
0.0
 40
154.0
  1
VIEW 1   PLAN  平面图     1:20
 11
900.0
 21
10500.0
 31
0.0
100
AcDbText
  0
TEXT
  5
546
330
17
100
AcDbEntity
  8
TEXT
100
AcDbText
 10
900.0
 20
10360.0
 30
0.0
 40
63.0
  1
BUSWAY A  CL y=430  /  BUSWAY B  CL y=837  /  C-C 407  /  bay CL y=633.5  (live TOP Add-on position)
 11
900.0
 21
10360.0
 31
0.0
100
AcDbText
  0
LINE
  5
547
330
17
100
AcDbEntity
  8
GRID
100
AcDbLine
 10
2436.0
 20
9180.0
 30
0.0
 11
2436.0
 21
10020.0
 31
0.0
  0
TEXT
  5
548
330
17
100
AcDbEntity
  8
TEXT
100
AcDbText
 10
2296.0
 20
10120.0
 30
0.0
 40
63.0
  1
R01
 11
2296.0
 21
10120.0
 31
0.0
100
AcDbText
  0
LINE
  5
549
330
17
100
AcDbEntity
  8
GRID
100
AcDbLine
 10
3586.0
 20
9180.0
 30
0.0
 11
3586.0
 21
10020.0
 31
0.0
  0
TEXT
  5
54A
330
17
100
AcDbEntity
  8
TEXT
100
AcDbText
 10
3446.0
 20
10120.0
 30
0.0
 40
63.0
  1
R02
 11
3446.0
 21
10120.0
 31
0.0
100
AcDbText
  0
LINE
  5
54B
330
17
100
AcDbEntity
  8
GRID
100
AcDbLine
 10
4736.0
 20
9180.0
 30
0.0
 11
4736.0
 21
10020.0
 31
0.0
  0
TEXT
  5
54C
330
17
100
AcDbEntity
  8
TEXT
100
AcDbText
 10
4596.0
 20
10120.0
 30
0.0
 40
63.0
  1
R03
 11
4596.0
 21
10120.0
 31
0.0
100
AcDbText
  0
LINE
  5
54D
330
17
100
AcDbEntity
  8
GRID
100
AcDbLine
 10
5886.0
 20
9180.0
 30
0.0
 11
5886.0
 21
10020.0
 31
0.0
  0
TEXT
  5
54E
330
17
100
AcDbEntity
  8
TEXT
100
AcDbText
 10
5746.0
 20
10120.0
 30
0.0
 40
63.0
  1
R04
 11
5746.0
 21
10120.0
 31
0.0
100
AcDbText
  0
LINE
  5
54F
330
17
100
AcDbEntity
  8
GRID
100
AcDbLine
 10
8436.0
 20
9180.0
 30
0.0
 11
8436.0
 21
10020.0
 31
0.0
  0
TEXT
  5
550
330
17
100
AcDbEntity
  8
TEXT
100
AcDbText
 10
8296.0
 20
10120.0
 30
0.0
 40
63.0
  1
R05
 11
8296.0
 21
10120.0
 31
0.0
100
AcDbText
  0
LINE
  5
551
330
17
100
AcDbEntity
  8
GRID
100
AcDbLine
 10
9586.0
 20
9180.0
 30
0.0
 11
9586.0
 21
10020.0
 31
0.0
  0
TEXT
  5
552
330
17
100
AcDbEntity
  8
TEXT
100
AcDbText
 10
9446.0
 20
10120.0
 30
0.0
 40
63.0
  1
R06
 11
9446.0
 21
10120.0
 31
0.0
100
AcDbText
  0
LINE
  5
553
330
17
100
AcDbEntity
  8
GRID
100
AcDbLine
 10
10736.0
 20
9180.0
 30
0.0
 11
10736.0
 21
10020.0
 31
0.0
  0
TEXT
  5
554
330
17
100
AcDbEntity
  8
TEXT
100
AcDbText
 10
10596.0
 20
10120.0
 30
0.0
 40
63.0
  1
R07
 11
10596.0
 21
10120.0
 31
0.0
100
AcDbText
  0
LINE
  5
555
330
17
100
AcDbEntity
  8
GRID
100
AcDbLine
 10
11886.0
 20
9180.0
 30
0.0
 11
11886.0
 21
10020.0
 31
0.0
  0
TEXT
  5
556
330
17
100
AcDbEntity
  8
TEXT
100
AcDbText
 10
11746.0
 20
10120.0
 30
0.0
 40
63.0
  1
R08
 11
11746.0
 21
10120.0
 31
0.0
100
AcDbText
  0
TEXT
  5
557
330
17
100
AcDbEntity
  8
TEXT
100
AcDbText
 10
1411.0
 20
9080.0
 30
0.0
 40
52.5
  1
CDU_L
 11
1411.0
 21
9080.0
 31
0.0
100
AcDbText
  0
TEXT
  5
558
330
17
100
AcDbEntity
  8
TEXT
100
AcDbText
 10
2811.0
 20
9080.0
 30
0.0
 40
52.5
  1
CW03
 11
2811.0
 21
9080.0
 31
0.0
100
AcDbText
  0
TEXT
  5
559
330
17
100
AcDbEntity
  8
TEXT
100
AcDbText
 10
3961.0
 20
9080.0
 30
0.0
 40
52.5
  1
CW05
 11
3961.0
 21
9080.0
 31
0.0
100
AcDbText
  0
TEXT
  5
55A
330
17
100
AcDbEntity
  8
TEXT
100
AcDbText
 10
5111.0
 20
9080.0
 30
0.0
 40
52.5
  1
CW07
 11
5111.0
 21
9080.0
 31
0.0
100
AcDbText
  0
TEXT
  5
55B
330
17
100
AcDbEntity
  8
TEXT
100
AcDbText
 10
6361.0
 20
9080.0
 30
0.0
 40
52.5
  1
CW09
 11
6361.0
 21
9080.0
 31
0.0
100
AcDbText
  0
TEXT
  5
55C
330
17
100
AcDbEntity
  8
TEXT
100
AcDbText
 10
6961.0
 20
9080.0
 30
0.0
 40
52.5
  1
AIR
 11
6961.0
 21
9080.0
 31
0.0
100
AcDbText
  0
TEXT
  5
55D
330
17
100
AcDbEntity
  8
TEXT
100
AcDbText
 10
7561.0
 20
9080.0
 30
0.0
 40
52.5
  1
CW11
 11
7561.0
 21
9080.0
 31
0.0
100
AcDbText
  0
TEXT
  5
55E
330
17
100
AcDbEntity
  8
TEXT
100
AcDbText
 10
8811.0
 20
9080.0
 30
0.0
 40
52.5
  1
CW13
 11
8811.0
 21
9080.0
 31
0.0
100
AcDbText
  0
TEXT
  5
55F
330
17
100
AcDbEntity
  8
TEXT
100
AcDbText
 10
9961.0
 20
9080.0
 30
0.0
 40
52.5
  1
CW15
 11
9961.0
 21
9080.0
 31
0.0
100
AcDbText
  0
TEXT
  5
560
330
17
100
AcDbEntity
  8
TEXT
100
AcDbText
 10
11111.0
 20
9080.0
 30
0.0
 40
52.5
  1
CW17
 11
11111.0
 21
9080.0
 31
0.0
100
AcDbText
  0
TEXT
  5
561
330
17
100
AcDbEntity
  8
TEXT
100
AcDbText
 10
12511.0
 20
9080.0
 30
0.0
 40
52.5
  1
CDU_R
 11
12511.0
 21
9080.0
 31
0.0
100
AcDbText
  0
TEXT
  5
562
330
17
100
AcDbEntity
  8
TEXT
100
AcDbText
 10
12900.0
 20
9080.0
 30
0.0
 40
52.5
  1
LTG
 11
12900.0
 21
9080.0
 31
0.0
100
AcDbText
  0
TEXT
  5
563
330
17
100
AcDbEntity
  8
TEXT
100
AcDbText
 10
13350.0
 20
9080.0
 30
0.0
 40
52.5
  1
PUMP
 11
13350.0
 21
9080.0
 31
0.0
100
AcDbText
  0
DIMENSION
  5
564
330
17
100
AcDbEntity
  8
DIM
100
AcDbDimension
280
0
  2
*D1
  3
EZDXF
 10
1094.0
 20
8600.0
 30
0.0
 11
7827.0
 21
8652.5
 31
0.0
 70
32
 71
5
  1
<>
100
AcDbAlignedDimension
 13
1094.0
 23
8900.0
 33
0.0
 14
14560.0
 24
8900.0
 34
0.0
 50
0.0
100
AcDbRotatedDimension
1001
ACAD
1000
DSTYLE
1002
{
1070
144
1040
1.0
1070
140
1040
70.0
1070
41
1040
42.0
1070
44
1040
24.5
1070
42
1040
21.0
1070
147
1040
17.5
1070
271
1070
0
1070
77
1070
1
1070
178
1070
7
1070
342
1005
74
1002
}
  0
DIMENSION
  5
573
330
17
100
AcDbEntity
  8
DIM
100
AcDbDimension
280
0
  2
*D2
  3
EZDXF
 10
2436.0
 20
8200.0
 30
0.0
 11
3011.0
 21
8252.5
 31
0.0
 70
32
 71
5
  1
<>
100
AcDbAlignedDimension
 13
2436.0
 23
8900.0
 33
0.0
 14
3586.0
 24
8900.0
 34
0.0
 50
0.0
100
AcDbRotatedDimension
1001
ACAD
1000
DSTYLE
1002
{
1070
144
1040
1.0
1070
140
1040
70.0
1070
41
1040
42.0
1070
44
1040
24.5
1070
42
1040
21.0
1070
147
1040
17.5
1070
271
1070
0
1070
77
1070
1
1070
178
1070
7
1070
342
1005
74
1002
}
  0
DIMENSION
  5
582
330
17
100
AcDbEntity
  8
DIM
100
AcDbDimension
280
0
  2
*D3
  3
EZDXF
 10
3586.0
 20
8200.0
 30
0.0
 11
4161.0
 21
8252.5
 31
0.0
 70
32
 71
5
  1
<>
100
AcDbAlignedDimension
 13
3586.0
 23
8900.0
 33
0.0
 14
4736.0
 24
8900.0
 34
0.0
 50
0.0
100
AcDbRotatedDimension
1001
ACAD
1000
DSTYLE
1002
{
1070
144
1040
1.0
1070
140
1040
70.0
1070
41
1040
42.0
1070
44
1040
24.5
1070
42
1040
21.0
1070
147
1040
17.5
1070
271
1070
0
1070
77
1070
1
1070
178
1070
7
1070
342
1005
74
1002
}
  0
DIMENSION
  5
591
330
17
100
AcDbEntity
  8
DIM
100
AcDbDimension
280
0
  2
*D4
  3
EZDXF
 10
4736.0
 20
8200.0
 30
0.0
 11
5311.0
 21
8252.5
 31
0.0
 70
32
 71
5
  1
<>
100
AcDbAlignedDimension
 13
4736.0
 23
8900.0
 33
0.0
 14
5886.0
 24
8900.0
 34
0.0
 50
0.0
100
AcDbRotatedDimension
1001
ACAD
1000
DSTYLE
1002
{
1070
144
1040
1.0
1070
140
1040
70.0
1070
41
1040
42.0
1070
44
1040
24.5
1070
42
1040
21.0
1070
147
1040
17.5
1070
271
1070
0
1070
77
1070
1
1070
178
1070
7
1070
342
1005
74
1002
}
  0
DIMENSION
  5
5A0
330
17
100
AcDbEntity
  8
DIM
100
AcDbDimension
280
0
  2
*D5
  3
EZDXF
 10
5886.0
 20
8200.0
 30
0.0
 11
7161.0
 21
8252.5
 31
0.0
 70
32
 71
5
  1
<>
100
AcDbAlignedDimension
 13
5886.0
 23
8900.0
 33
0.0
 14
8436.0
 24
8900.0
 34
0.0
 50
0.0
100
AcDbRotatedDimension
1001
ACAD
1000
DSTYLE
1002
{
1070
144
1040
1.0
1070
140
1040
70.0
1070
41
1040
42.0
1070
44
1040
24.5
1070
42
1040
21.0
1070
147
1040
17.5
1070
271
1070
0
1070
77
1070
1
1070
178
1070
7
1070
342
1005
74
1002
}
  0
DIMENSION
  5
5AF
330
17
100
AcDbEntity
  8
DIM
100
AcDbDimension
280
0
  2
*D6
  3
EZDXF
 10
8436.0
 20
8200.0
 30
0.0
 11
9011.0
 21
8252.5
 31
0.0
 70
32
 71
5
  1
<>
100
AcDbAlignedDimension
 13
8436.0
 23
8900.0
 33
0.0
 14
9586.0
 24
8900.0
 34
0.0
 50
0.0
100
AcDbRotatedDimension
1001
ACAD
1000
DSTYLE
1002
{
1070
144
1040
1.0
1070
140
1040
70.0
1070
41
1040
42.0
1070
44
1040
24.5
1070
42
1040
21.0
1070
147
1040
17.5
1070
271
1070
0
1070
77
1070
1
1070
178
1070
7
1070
342
1005
74
1002
}
  0
DIMENSION
  5
5BE
330
17
100
AcDbEntity
  8
DIM
100
AcDbDimension
280
0
  2
*D7
  3
EZDXF
 10
9586.0
 20
8200.0
 30
0.0
 11
10161.0
 21
8252.5
 31
0.0
 70
32
 71
5
  1
<>
100
AcDbAlignedDimension
 13
9586.0
 23
8900.0
 33
0.0
 14
10736.0
 24
8900.0
 34
0.0
 50
0.0
100
AcDbRotatedDimension
1001
ACAD
1000
DSTYLE
1002
{
1070
144
1040
1.0
1070
140
1040
70.0
1070
41
1040
42.0
1070
44
1040
24.5
1070
42
1040
21.0
1070
147
1040
17.5
1070
271
1070
0
1070
77
1070
1
1070
178
1070
7
1070
342
1005
74
1002
}
  0
DIMENSION
  5
5CD
330
17
100
AcDbEntity
  8
DIM
100
AcDbDimension
280
0
  2
*D8
  3
EZDXF
 10
10736.0
 20
8200.0
 30
0.0
 11
11311.0
 21
8252.5
 31
0.0
 70
32
 71
5
  1
<>
100
AcDbAlignedDimension
 13
10736.0
 23
8900.0
 33
0.0
 14
11886.0
 24
8900.0
 34
0.0
 50
0.0
100
AcDbRotatedDimension
1001
ACAD
1000
DSTYLE
1002
{
1070
144
1040
1.0
1070
140
1040
70.0
1070
41
1040
42.0
1070
44
1040
24.5
1070
42
1040
21.0
1070
147
1040
17.5
1070
271
1070
0
1070
77
1070
1
1070
178
1070
7
1070
342
1005
74
1002
}
  0
LWPOLYLINE
  5
5DC
330
17
100
AcDbEntity
  8
TRUNK
100
AcDbPolyline
 90
4
 70
1
 10
1114.0
 20
6066.0
 10
1950.0
 20
6066.0
 10
1950.0
 20
6281.0
 10
1114.0
 20
6281.0
  0
LWPOLYLINE
  5
5DD
330
17
100
AcDbEntity
  8
TRUNK
100
AcDbPolyline
 90
4
 70
1
 10
1950.0
 20
6066.0
 10
4437.0
 20
6066.0
 10
4437.0
 20
6281.0
 10
1950.0
 20
6281.0
  0
LWPOLYLINE
  5
5DE
330
17
100
AcDbEntity
  8
TRUNK
100
AcDbPolyline
 90
4
 70
1
 10
4437.0
 20
6066.0
 10
6861.0
 20
6066.0
 10
6861.0
 20
6281.0
 10
4437.0
 20
6281.0
  0
LWPOLYLINE
  5
5DF
330
17
100
AcDbEntity
  8
TRUNK
100
AcDbPolyline
 90
4
 70
1
 10
6861.0
 20
6066.0
 10
8026.0
 20
6066.0
 10
8026.0
 20
6281.0
 10
6861.0
 20
6281.0
  0
LWPOLYLINE
  5
5E0
330
17
100
AcDbEntity
  8
TRUNK
100
AcDbPolyline
 90
4
 70
1
 10
8026.0
 20
6066.0
 10
10437.0
 20
6066.0
 10
10437.0
 20
6281.0
 10
8026.0
 20
6281.0
  0
LWPOLYLINE
  5
5E1
330
17
100
AcDbEntity
  8
TRUNK
100
AcDbPolyline
 90
4
 70
1
 10
10437.0
 20
6066.0
 10
12390.0
 20
6066.0
 10
12390.0
 20
6281.0
 10
10437.0
 20
6281.0
  0
LWPOLYLINE
  5
5E2
330
17
100
AcDbEntity
  8
TRUNK
100
AcDbPolyline
 90
4
 70
1
 10
12390.0
 20
6066.0
 10
14410.0
 20
6066.0
 10
14410.0
 20
6281.0
 10
12390.0
 20
6281.0
  0
LWPOLYLINE
  5
5E3
330
17
100
AcDbEntity
  8
TRUNK
100
AcDbPolyline
 90
4
 70
1
 10
1890.0
 20
6062.9998
 10
2010.0
 20
6062.9998
 10
2010.0
 20
6284.0
 10
1890.0
 20
6284.0
  0
LWPOLYLINE
  5
5E4
330
17
100
AcDbEntity
  8
TRUNK
100
AcDbPolyline
 90
4
 70
1
 10
4377.0
 20
6062.9998
 10
4497.0
 20
6062.9998
 10
4497.0
 20
6284.0
 10
4377.0
 20
6284.0
  0
LWPOLYLINE
  5
5E5
330
17
100
AcDbEntity
  8
TRUNK
100
AcDbPolyline
 90
4
 70
1
 10
6801.0
 20
6062.9998
 10
6921.0
 20
6062.9998
 10
6921.0
 20
6284.0
 10
6801.0
 20
6284.0
  0
LWPOLYLINE
  5
5E6
330
17
100
AcDbEntity
  8
TRUNK
100
AcDbPolyline
 90
4
 70
1
 10
7966.0
 20
6062.9998
 10
8086.0
 20
6062.9998
 10
8086.0
 20
6284.0
 10
7966.0
 20
6284.0
  0
LWPOLYLINE
  5
5E7
330
17
100
AcDbEntity
  8
TRUNK
100
AcDbPolyline
 90
4
 70
1
 10
10377.0
 20
6062.9998
 10
10497.0
 20
6062.9998
 10
10497.0
 20
6284.0
 10
10377.0
 20
6284.0
  0
LWPOLYLINE
  5
5E8
330
17
100
AcDbEntity
  8
TRUNK
100
AcDbPolyline
 90
4
 70
1
 10
12330.0
 20
6062.9998
 10
12450.0
 20
6062.9998
 10
12450.0
 20
6284.0
 10
12330.0
 20
6284.0
  0
LWPOLYLINE
  5
5E9
330
17
100
AcDbEntity
  8
TRUNK
100
AcDbPolyline
 90
4
 70
1
 10
1114.0
 20
6088.0
 10
14560.0
 20
6088.0
 10
14560.0
 20
6259.0
 10
1114.0
 20
6259.0
  0
LWPOLYLINE
  5
5EA
330
17
100
AcDbEntity
  8
TRUNK
100
AcDbPolyline
 90
4
 70
1
 10
1114.0
 20
6087.0
 10
14410.0
 20
6087.0
 10
14410.0
 20
6260.0
 10
1114.0
 20
6260.0
  0
LWPOLYLINE
  5
5EB
330
17
100
AcDbEntity
  8
TRUNK
100
AcDbPolyline
 90
4
 70
1
 10
1114.0
 20
6088.0
 10
14560.0
 20
6088.0
 10
14560.0
 20
6259.0
 10
1114.0
 20
6259.0
  0
LWPOLYLINE
  5
5EC
330
17
100
AcDbEntity
  8
TRUNK
100
AcDbPolyline
 90
4
 70
1
 10
1114.0
 20
6087.0
 10
14410.0
 20
6087.0
 10
14410.0
 20
6260.0
 10
1114.0
 20
6260.0
  0
LWPOLYLINE
  5
5ED
330
17
100
AcDbEntity
  8
TRUNK
100
AcDbPolyline
 90
4
 70
1
 10
1114.0
 20
6088.0
 10
14560.0
 20
6088.0
 10
14560.0
 20
6259.0
 10
1114.0
 20
6259.0
  0
LWPOLYLINE
  5
5EE
330
17
100
AcDbEntity
  8
TRUNK
100
AcDbPolyline
 90
4
 70
1
 10
1114.0
 20
6087.0
 10
14410.0
 20
6087.0
 10
14410.0
 20
6260.0
 10
1114.0
 20
6260.0
  0
LWPOLYLINE
  5
5EF
330
17
100
AcDbEntity
  8
TRUNK
100
AcDbPolyline
 90
4
 70
1
 10
1114.0
 20
6088.0
 10
14560.0
 20
6088.0
 10
14560.0
 20
6259.0
 10
1114.0
 20
6259.0
  0
LWPOLYLINE
  5
5F0
330
17
100
AcDbEntity
  8
TRUNK
100
AcDbPolyline
 90
4
 70
1
 10
1114.0
 20
6087.0
 10
14410.0
 20
6087.0
 10
14410.0
 20
6260.0
 10
1114.0
 20
6260.0
  0
LWPOLYLINE
  5
5F1
330
17
100
AcDbEntity
  8
TRUNK
100
AcDbPolyline
 90
4
 70
1
 10
1114.0
 20
6088.0
 10
14560.0
 20
6088.0
 10
14560.0
 20
6259.0
 10
1114.0
 20
6259.0
  0
LWPOLYLINE
  5
5F2
330
17
100
AcDbEntity
  8
TRUNK
100
AcDbPolyline
 90
4
 70
1
 10
1114.0
 20
6087.0
 10
14410.0
 20
6087.0
 10
14410.0
 20
6260.0
 10
1114.0
 20
6260.0
  0
LWPOLYLINE
  5
5F3
330
17
100
AcDbEntity
  8
TRUNK
100
AcDbPolyline
 90
4
 70
1
 10
1094.0
 20
6062.0
 10
1114.0
 20
6062.0
 10
1114.0
 20
6285.0
 10
1094.0
 20
6285.0
  0
LWPOLYLINE
  5
5F4
330
17
100
AcDbEntity
  8
TRUNK
100
AcDbPolyline
 90
4
 70
1
 10
14410.0
 20
6036.0
 10
14440.0
 20
6036.0
 10
14440.0
 20
6311.0
 10
14410.0
 20
6311.0
  0
LWPOLYLINE
  5
5F5
330
17
100
AcDbEntity
  8
TRUNK
100
AcDbPolyline
 90
4
 70
1
 10
14440.0
 20
6066.0
 10
14560.0
 20
6066.0
 10
14560.0
 20
6281.0
 10
14440.0
 20
6281.0
  0
LWPOLYLINE
  5
5F6
330
17
100
AcDbEntity
  8
TRUNK
100
AcDbPolyline
 90
4
 70
1
 10
1114.0
 20
6230.9998
 10
14410.0
 20
6230.9998
 10
14410.0
 20
6261.0
 10
1114.0
 20
6261.0
  0
LWPOLYLINE
  5
5F7
330
17
100
AcDbEntity
  8
TRUNK
100
AcDbPolyline
 90
4
 70
1
 10
1114.0
 20
6230.9998
 10
14410.0
 20
6230.9998
 10
14410.0
 20
6261.0
 10
1114.0
 20
6261.0
  0
LWPOLYLINE
  5
5F8
330
17
100
AcDbEntity
  8
TRUNK
100
AcDbPolyline
 90
4
 70
1
 10
1114.0
 20
6066.0
 10
1950.0
 20
6066.0
 10
1950.0
 20
6281.0
 10
1114.0
 20
6281.0
  0
LWPOLYLINE
  5
5F9
330
17
100
AcDbEntity
  8
TRUNK
100
AcDbPolyline
 90
4
 70
1
 10
1950.0
 20
6066.0
 10
4437.0
 20
6066.0
 10
4437.0
 20
6281.0
 10
1950.0
 20
6281.0
  0
LWPOLYLINE
  5
5FA
330
17
100
AcDbEntity
  8
TRUNK
100
AcDbPolyline
 90
4
 70
1
 10
4437.0
 20
6066.0
 10
6861.0
 20
6066.0
 10
6861.0
 20
6281.0
 10
4437.0
 20
6281.0
  0
LWPOLYLINE
  5
5FB
330
17
100
AcDbEntity
  8
TRUNK
100
AcDbPolyline
 90
4
 70
1
 10
6861.0
 20
6066.0
 10
8026.0
 20
6066.0
 10
8026.0
 20
6281.0
 10
6861.0
 20
6281.0
  0
LWPOLYLINE
  5
5FC
330
17
100
AcDbEntity
  8
TRUNK
100
AcDbPolyline
 90
4
 70
1
 10
8026.0
 20
6066.0
 10
10437.0
 20
6066.0
 10
10437.0
 20
6281.0
 10
8026.0
 20
6281.0
  0
LWPOLYLINE
  5
5FD
330
17
100
AcDbEntity
  8
TRUNK
100
AcDbPolyline
 90
4
 70
1
 10
10437.0
 20
6066.0
 10
12390.0
 20
6066.0
 10
12390.0
 20
6281.0
 10
10437.0
 20
6281.0
  0
LWPOLYLINE
  5
5FE
330
17
100
AcDbEntity
  8
TRUNK
100
AcDbPolyline
 90
4
 70
1
 10
12390.0
 20
6066.0
 10
14410.0
 20
6066.0
 10
14410.0
 20
6281.0
 10
12390.0
 20
6281.0
  0
LWPOLYLINE
  5
5FF
330
17
100
AcDbEntity
  8
TRUNK
100
AcDbPolyline
 90
4
 70
1
 10
1890.0
 20
6062.9998
 10
2010.0
 20
6062.9998
 10
2010.0
 20
6284.0
 10
1890.0
 20
6284.0
  0
LWPOLYLINE
  5
600
330
17
100
AcDbEntity
  8
TRUNK
100
AcDbPolyline
 90
4
 70
1
 10
4377.0
 20
6062.9998
 10
4497.0
 20
6062.9998
 10
4497.0
 20
6284.0
 10
4377.0
 20
6284.0
  0
LWPOLYLINE
  5
601
330
17
100
AcDbEntity
  8
TRUNK
100
AcDbPolyline
 90
4
 70
1
 10
6801.0
 20
6062.9998
 10
6921.0
 20
6062.9998
 10
6921.0
 20
6284.0
 10
6801.0
 20
6284.0
  0
LWPOLYLINE
  5
602
330
17
100
AcDbEntity
  8
TRUNK
100
AcDbPolyline
 90
4
 70
1
 10
7966.0
 20
6062.9998
 10
8086.0
 20
6062.9998
 10
8086.0
 20
6284.0
 10
7966.0
 20
6284.0
  0
LWPOLYLINE
  5
603
330
17
100
AcDbEntity
  8
TRUNK
100
AcDbPolyline
 90
4
 70
1
 10
10377.0
 20
6062.9998
 10
10497.0
 20
6062.9998
 10
10497.0
 20
6284.0
 10
10377.0
 20
6284.0
  0
LWPOLYLINE
  5
604
330
17
100
AcDbEntity
  8
TRUNK
100
AcDbPolyline
 90
4
 70
1
 10
12330.0
 20
6062.9998
 10
12450.0
 20
6062.9998
 10
12450.0
 20
6284.0
 10
12330.0
 20
6284.0
  0
LWPOLYLINE
  5
605
330
17
100
AcDbEntity
  8
TRUNK
100
AcDbPolyline
 90
4
 70
1
 10
1114.0
 20
6088.0
 10
14560.0
 20
6088.0
 10
14560.0
 20
6259.0
 10
1114.0
 20
6259.0
  0
LWPOLYLINE
  5
606
330
17
100
AcDbEntity
  8
TRUNK
100
AcDbPolyline
 90
4
 70
1
 10
1114.0
 20
6087.0
 10
14410.0
 20
6087.0
 10
14410.0
 20
6260.0
 10
1114.0
 20
6260.0
  0
LWPOLYLINE
  5
607
330
17
100
AcDbEntity
  8
TRUNK
100
AcDbPolyline
 90
4
 70
1
 10
1114.0
 20
6088.0
 10
14560.0
 20
6088.0
 10
14560.0
 20
6259.0
 10
1114.0
 20
6259.0
  0
LWPOLYLINE
  5
608
330
17
100
AcDbEntity
  8
TRUNK
100
AcDbPolyline
 90
4
 70
1
 10
1114.0
 20
6087.0
 10
14410.0
 20
6087.0
 10
14410.0
 20
6260.0
 10
1114.0
 20
6260.0
  0
LWPOLYLINE
  5
609
330
17
100
AcDbEntity
  8
TRUNK
100
AcDbPolyline
 90
4
 70
1
 10
1114.0
 20
6088.0
 10
14560.0
 20
6088.0
 10
14560.0
 20
6259.0
 10
1114.0
 20
6259.0
  0
LWPOLYLINE
  5
60A
330
17
100
AcDbEntity
  8
TRUNK
100
AcDbPolyline
 90
4
 70
1
 10
1114.0
 20
6087.0
 10
14410.0
 20
6087.0
 10
14410.0
 20
6260.0
 10
1114.0
 20
6260.0
  0
LWPOLYLINE
  5
60B
330
17
100
AcDbEntity
  8
TRUNK
100
AcDbPolyline
 90
4
 70
1
 10
1114.0
 20
6088.0
 10
14560.0
 20
6088.0
 10
14560.0
 20
6259.0
 10
1114.0
 20
6259.0
  0
LWPOLYLINE
  5
60C
330
17
100
AcDbEntity
  8
TRUNK
100
AcDbPolyline
 90
4
 70
1
 10
1114.0
 20
6087.0
 10
14410.0
 20
6087.0
 10
14410.0
 20
6260.0
 10
1114.0
 20
6260.0
  0
LWPOLYLINE
  5
60D
330
17
100
AcDbEntity
  8
TRUNK
100
AcDbPolyline
 90
4
 70
1
 10
1114.0
 20
6088.0
 10
14560.0
 20
6088.0
 10
14560.0
 20
6259.0
 10
1114.0
 20
6259.0
  0
LWPOLYLINE
  5
60E
330
17
100
AcDbEntity
  8
TRUNK
100
AcDbPolyline
 90
4
 70
1
 10
1114.0
 20
6087.0
 10
14410.0
 20
6087.0
 10
14410.0
 20
6260.0
 10
1114.0
 20
6260.0
  0
LWPOLYLINE
  5
60F
330
17
100
AcDbEntity
  8
TRUNK
100
AcDbPolyline
 90
4
 70
1
 10
1094.0
 20
6062.0
 10
1114.0
 20
6062.0
 10
1114.0
 20
6285.0
 10
1094.0
 20
6285.0
  0
LWPOLYLINE
  5
610
330
17
100
AcDbEntity
  8
TRUNK
100
AcDbPolyline
 90
4
 70
1
 10
14410.0
 20
6036.0
 10
14440.0
 20
6036.0
 10
14440.0
 20
6311.0
 10
14410.0
 20
6311.0
  0
LWPOLYLINE
  5
611
330
17
100
AcDbEntity
  8
TRUNK
100
AcDbPolyline
 90
4
 70
1
 10
14440.0
 20
6066.0
 10
14560.0
 20
6066.0
 10
14560.0
 20
6281.0
 10
14440.0
 20
6281.0
  0
LWPOLYLINE
  5
612
330
17
100
AcDbEntity
  8
TRUNK
100
AcDbPolyline
 90
4
 70
1
 10
1114.0
 20
6230.9998
 10
14410.0
 20
6230.9998
 10
14410.0
 20
6261.0
 10
1114.0
 20
6261.0
  0
LWPOLYLINE
  5
613
330
17
100
AcDbEntity
  8
TRUNK
100
AcDbPolyline
 90
4
 70
1
 10
1114.0
 20
6230.9998
 10
14410.0
 20
6230.9998
 10
14410.0
 20
6261.0
 10
1114.0
 20
6261.0
  0
LWPOLYLINE
  5
614
330
17
100
AcDbEntity
  8
TOU
100
AcDbPolyline
 90
4
 70
1
 10
2236.0
 20
5715.9998
 10
2636.0
 20
5715.9998
 10
2636.0
 20
6066.0
 10
2236.0
 20
6066.0
  0
LWPOLYLINE
  5
615
330
17
100
AcDbEntity
  8
TOU
100
AcDbPolyline
 90
4
 70
1
 10
2264.0
 20
6066.0
 10
2288.0
 20
6066.0
 10
2288.0
 20
6115.9998
 10
2264.0
 20
6115.9998
  0
LWPOLYLINE
  5
616
330
17
100
AcDbEntity
  8
TOU
100
AcDbPolyline
 90
4
 70
1
 10
2264.0
 20
6066.0
 10
2288.0
 20
6066.0
 10
2288.0
 20
6115.9998
 10
2264.0
 20
6115.9998
  0
LWPOLYLINE
  5
617
330
17
100
AcDbEntity
  8
TOU
100
AcDbPolyline
 90
4
 70
1
 10
2364.0
 20
6066.0
 10
2388.0
 20
6066.0
 10
2388.0
 20
6115.9998
 10
2364.0
 20
6115.9998
  0
LWPOLYLINE
  5
618
330
17
100
AcDbEntity
  8
TOU
100
AcDbPolyline
 90
4
 70
1
 10
2364.0
 20
6066.0
 10
2388.0
 20
6066.0
 10
2388.0
 20
6115.9998
 10
2364.0
 20
6115.9998
  0
LWPOLYLINE
  5
619
330
17
100
AcDbEntity
  8
TOU
100
AcDbPolyline
 90
4
 70
1
 10
2484.0
 20
6066.0
 10
2508.0
 20
6066.0
 10
2508.0
 20
6115.9998
 10
2484.0
 20
6115.9998
  0
LWPOLYLINE
  5
61A
330
17
100
AcDbEntity
  8
TOU
100
AcDbPolyline
 90
4
 70
1
 10
2484.0
 20
6066.0
 10
2508.0
 20
6066.0
 10
2508.0
 20
6115.9998
 10
2484.0
 20
6115.9998
  0
LWPOLYLINE
  5
61B
330
17
100
AcDbEntity
  8
TOU
100
AcDbPolyline
 90
4
 70
1
 10
2584.0
 20
6066.0
 10
2608.0001
 20
6066.0
 10
2608.0001
 20
6115.9998
 10
2584.0
 20
6115.9998
  0
LWPOLYLINE
  5
61C
330
17
100
AcDbEntity
  8
TOU
100
AcDbPolyline
 90
4
 70
1
 10
2584.0
 20
6066.0
 10
2608.0001
 20
6066.0
 10
2608.0001
 20
6115.9998
 10
2584.0
 20
6115.9998
  0
LWPOLYLINE
  5
61D
330
17
100
AcDbEntity
  8
TOU
100
AcDbPolyline
 90
4
 70
1
 10
2426.0
 20
6066.0
 10
2446.0
 20
6066.0
 10
2446.0
 20
6156.0
 10
2426.0
 20
6156.0
  0
LWPOLYLINE
  5
61E
330
17
100
AcDbEntity
  8
TOU
100
AcDbPolyline
 90
4
 70
1
 10
2426.0
 20
6066.0
 10
2446.0
 20
6066.0
 10
2446.0
 20
6156.0
 10
2426.0
 20
6156.0
  0
LWPOLYLINE
  5
61F
330
17
100
AcDbEntity
  8
TOU
100
AcDbPolyline
 90
4
 70
1
 10
2426.0
 20
6066.0
 10
2446.0
 20
6066.0
 10
2446.0
 20
6156.0
 10
2426.0
 20
6156.0
  0
LWPOLYLINE
  5
620
330
17
100
AcDbEntity
  8
TOU
100
AcDbPolyline
 90
4
 70
1
 10
2426.0
 20
6066.0
 10
2446.0
 20
6066.0
 10
2446.0
 20
6156.0
 10
2426.0
 20
6156.0
  0
LWPOLYLINE
  5
621
330
17
100
AcDbEntity
  8
TOU
100
AcDbPolyline
 90
4
 70
1
 10
2426.0
 20
6066.0
 10
2446.0
 20
6066.0
 10
2446.0
 20
6156.0
 10
2426.0
 20
6156.0
  0
LWPOLYLINE
  5
622
330
17
100
AcDbEntity
  8
TOU
100
AcDbPolyline
 90
4
 70
1
 10
2256.0
 20
5968.9998
 10
2616.0001
 20
5968.9998
 10
2616.0001
 20
5973.0
 10
2256.0
 20
5973.0
  0
LWPOLYLINE
  5
623
330
17
100
AcDbEntity
  8
TOU
100
AcDbPolyline
 90
4
 70
1
 10
2314.0
 20
5834.0
 10
2562.0
 20
5834.0
 10
2562.0
 20
5970.9998
 10
2314.0
 20
5970.9998
  0
LWPOLYLINE
  5
624
330
17
100
AcDbEntity
  8
TOU
100
AcDbPolyline
 90
4
 70
1
 10
2408.2001
 20
5701.0
 10
2467.8
 20
5701.0
 10
2467.8
 20
5717.9998
 10
2408.2001
 20
5717.9998
  0
LWPOLYLINE
  5
625
330
17
100
AcDbEntity
  8
TOU
100
AcDbPolyline
 90
4
 70
1
 10
2307.0001
 20
5638.0
 10
2365.0
 20
5638.0
 10
2365.0
 20
5715.9998
 10
2307.0001
 20
5715.9998
  0
LWPOLYLINE
  5
626
330
17
100
AcDbEntity
  8
TOU
100
AcDbPolyline
 90
4
 70
1
 10
2307.0001
 20
5638.0
 10
2365.0
 20
5638.0
 10
2365.0
 20
5715.9998
 10
2307.0001
 20
5715.9998
  0
LWPOLYLINE
  5
627
330
17
100
AcDbEntity
  8
TOU
100
AcDbPolyline
 90
4
 70
1
 10
3386.0
 20
5715.9998
 10
3786.0002
 20
5715.9998
 10
3786.0002
 20
6066.0
 10
3386.0
 20
6066.0
  0
LWPOLYLINE
  5
628
330
17
100
AcDbEntity
  8
TOU
100
AcDbPolyline
 90
4
 70
1
 10
3414.0002
 20
6066.0
 10
3438.0
 20
6066.0
 10
3438.0
 20
6115.9998
 10
3414.0002
 20
6115.9998
  0
LWPOLYLINE
  5
629
330
17
100
AcDbEntity
  8
TOU
100
AcDbPolyline
 90
4
 70
1
 10
3414.0002
 20
6066.0
 10
3438.0
 20
6066.0
 10
3438.0
 20
6115.9998
 10
3414.0002
 20
6115.9998
  0
LWPOLYLINE
  5
62A
330
17
100
AcDbEntity
  8
TOU
100
AcDbPolyline
 90
4
 70
1
 10
3514.0
 20
6066.0
 10
3538.0
 20
6066.0
 10
3538.0
 20
6115.9998
 10
3514.0
 20
6115.9998
  0
LWPOLYLINE
  5
62B
330
17
100
AcDbEntity
  8
TOU
100
AcDbPolyline
 90
4
 70
1
 10
3514.0
 20
6066.0
 10
3538.0
 20
6066.0
 10
3538.0
 20
6115.9998
 10
3514.0
 20
6115.9998
  0
LWPOLYLINE
  5
62C
330
17
100
AcDbEntity
  8
TOU
100
AcDbPolyline
 90
4
 70
1
 10
3634.0002
 20
6066.0
 10
3658.0002
 20
6066.0
 10
3658.0002
 20
6115.9998
 10
3634.0002
 20
6115.9998
  0
LWPOLYLINE
  5
62D
330
17
100
AcDbEntity
  8
TOU
100
AcDbPolyline
 90
4
 70
1
 10
3634.0002
 20
6066.0
 10
3658.0002
 20
6066.0
 10
3658.0002
 20
6115.9998
 10
3634.0002
 20
6115.9998
  0
LWPOLYLINE
  5
62E
330
17
100
AcDbEntity
  8
TOU
100
AcDbPolyline
 90
4
 70
1
 10
3734.0
 20
6066.0
 10
3758.0
 20
6066.0
 10
3758.0
 20
6115.9998
 10
3734.0
 20
6115.9998
  0
LWPOLYLINE
  5
62F
330
17
100
AcDbEntity
  8
TOU
100
AcDbPolyline
 90
4
 70
1
 10
3734.0
 20
6066.0
 10
3758.0
 20
6066.0
 10
3758.0
 20
6115.9998
 10
3734.0
 20
6115.9998
  0
LWPOLYLINE
  5
630
330
17
100
AcDbEntity
  8
TOU
100
AcDbPolyline
 90
4
 70
1
 10
3576.0
 20
6066.0
 10
3596.0
 20
6066.0
 10
3596.0
 20
6156.0
 10
3576.0
 20
6156.0
  0
LWPOLYLINE
  5
631
330
17
100
AcDbEntity
  8
TOU
100
AcDbPolyline
 90
4
 70
1
 10
3576.0
 20
6066.0
 10
3596.0
 20
6066.0
 10
3596.0
 20
6156.0
 10
3576.0
 20
6156.0
  0
LWPOLYLINE
  5
632
330
17
100
AcDbEntity
  8
TOU
100
AcDbPolyline
 90
4
 70
1
 10
3576.0
 20
6066.0
 10
3596.0
 20
6066.0
 10
3596.0
 20
6156.0
 10
3576.0
 20
6156.0
  0
LWPOLYLINE
  5
633
330
17
100
AcDbEntity
  8
TOU
100
AcDbPolyline
 90
4
 70
1
 10
3576.0
 20
6066.0
 10
3596.0
 20
6066.0
 10
3596.0
 20
6156.0
 10
3576.0
 20
6156.0
  0
LWPOLYLINE
  5
634
330
17
100
AcDbEntity
  8
TOU
100
AcDbPolyline
 90
4
 70
1
 10
3576.0
 20
6066.0
 10
3596.0
 20
6066.0
 10
3596.0
 20
6156.0
 10
3576.0
 20
6156.0
  0
LWPOLYLINE
  5
635
330
17
100
AcDbEntity
  8
TOU
100
AcDbPolyline
 90
4
 70
1
 10
3406.0
 20
5968.9998
 10
3766.0002
 20
5968.9998
 10
3766.0002
 20
5973.0
 10
3406.0
 20
5973.0
  0
LWPOLYLINE
  5
636
330
17
100
AcDbEntity
  8
TOU
100
AcDbPolyline
 90
4
 70
1
 10
3464.0
 20
5834.0
 10
3712.0
 20
5834.0
 10
3712.0
 20
5970.9998
 10
3464.0
 20
5970.9998
  0
LWPOLYLINE
  5
637
330
17
100
AcDbEntity
  8
TOU
100
AcDbPolyline
 90
4
 70
1
 10
3558.2
 20
5701.0
 10
3617.8
 20
5701.0
 10
3617.8
 20
5717.9998
 10
3558.2
 20
5717.9998
  0
LWPOLYLINE
  5
638
330
17
100
AcDbEntity
  8
TOU
100
AcDbPolyline
 90
4
 70
1
 10
3457.0002
 20
5638.0
 10
3515.0
 20
5638.0
 10
3515.0
 20
5715.9998
 10
3457.0002
 20
5715.9998
  0
LWPOLYLINE
  5
639
330
17
100
AcDbEntity
  8
TOU
100
AcDbPolyline
 90
4
 70
1
 10
3457.0002
 20
5638.0
 10
3515.0
 20
5638.0
 10
3515.0
 20
5715.9998
 10
3457.0002
 20
5715.9998
  0
LWPOLYLINE
  5
63A
330
17
100
AcDbEntity
  8
TOU
100
AcDbPolyline
 90
4
 70
1
 10
4536.0
 20
5715.9998
 10
4935.9998
 20
5715.9998
 10
4935.9998
 20
6066.0
 10
4536.0
 20
6066.0
  0
LWPOLYLINE
  5
63B
330
17
100
AcDbEntity
  8
TOU
100
AcDbPolyline
 90
4
 70
1
 10
4564.0
 20
6066.0
 10
4588.0
 20
6066.0
 10
4588.0
 20
6115.9998
 10
4564.0
 20
6115.9998
  0
LWPOLYLINE
  5
63C
330
17
100
AcDbEntity
  8
TOU
100
AcDbPolyline
 90
4
 70
1
 10
4564.0
 20
6066.0
 10
4588.0
 20
6066.0
 10
4588.0
 20
6115.9998
 10
4564.0
 20
6115.9998
  0
LWPOLYLINE
  5
63D
330
17
100
AcDbEntity
  8
TOU
100
AcDbPolyline
 90
4
 70
1
 10
4664.0
 20
6066.0
 10
4687.9998
 20
6066.0
 10
4687.9998
 20
6115.9998
 10
4664.0
 20
6115.9998
  0
LWPOLYLINE
  5
63E
330
17
100
AcDbEntity
  8
TOU
100
AcDbPolyline
 90
4
 70
1
 10
4664.0
 20
6066.0
 10
4687.9998
 20
6066.0
 10
4687.9998
 20
6115.9998
 10
4664.0
 20
6115.9998
  0
LWPOLYLINE
  5
63F
330
17
100
AcDbEntity
  8
TOU
100
AcDbPolyline
 90
4
 70
1
 10
4783.9998
 20
6066.0
 10
4808.0
 20
6066.0
 10
4808.0
 20
6115.9998
 10
4783.9998
 20
6115.9998
  0
LWPOLYLINE
  5
640
330
17
100
AcDbEntity
  8
TOU
100
AcDbPolyline
 90
4
 70
1
 10
4783.9998
 20
6066.0
 10
4808.0
 20
6066.0
 10
4808.0
 20
6115.9998
 10
4783.9998
 20
6115.9998
  0
LWPOLYLINE
  5
641
330
17
100
AcDbEntity
  8
TOU
100
AcDbPolyline
 90
4
 70
1
 10
4883.9998
 20
6066.0
 10
4908.0
 20
6066.0
 10
4908.0
 20
6115.9998
 10
4883.9998
 20
6115.9998
  0
LWPOLYLINE
  5
642
330
17
100
AcDbEntity
  8
TOU
100
AcDbPolyline
 90
4
 70
1
 10
4883.9998
 20
6066.0
 10
4908.0
 20
6066.0
 10
4908.0
 20
6115.9998
 10
4883.9998
 20
6115.9998
  0
LWPOLYLINE
  5
643
330
17
100
AcDbEntity
  8
TOU
100
AcDbPolyline
 90
4
 70
1
 10
4726.0002
 20
6066.0
 10
4746.0002
 20
6066.0
 10
4746.0002
 20
6156.0
 10
4726.0002
 20
6156.0
  0
LWPOLYLINE
  5
644
330
17
100
AcDbEntity
  8
TOU
100
AcDbPolyline
 90
4
 70
1
 10
4726.0002
 20
6066.0
 10
4746.0002
 20
6066.0
 10
4746.0002
 20
6156.0
 10
4726.0002
 20
6156.0
  0
LWPOLYLINE
  5
645
330
17
100
AcDbEntity
  8
TOU
100
AcDbPolyline
 90
4
 70
1
 10
4726.0002
 20
6066.0
 10
4746.0002
 20
6066.0
 10
4746.0002
 20
6156.0
 10
4726.0002
 20
6156.0
  0
LWPOLYLINE
  5
646
330
17
100
AcDbEntity
  8
TOU
100
AcDbPolyline
 90
4
 70
1
 10
4726.0002
 20
6066.0
 10
4746.0002
 20
6066.0
 10
4746.0002
 20
6156.0
 10
4726.0002
 20
6156.0
  0
LWPOLYLINE
  5
647
330
17
100
AcDbEntity
  8
TOU
100
AcDbPolyline
 90
4
 70
1
 10
4726.0002
 20
6066.0
 10
4746.0002
 20
6066.0
 10
4746.0002
 20
6156.0
 10
4726.0002
 20
6156.0
  0
LWPOLYLINE
  5
648
330
17
100
AcDbEntity
  8
TOU
100
AcDbPolyline
 90
4
 70
1
 10
4556.0
 20
5968.9998
 10
4915.9998
 20
5968.9998
 10
4915.9998
 20
5973.0
 10
4556.0
 20
5973.0
  0
LWPOLYLINE
  5
649
330
17
100
AcDbEntity
  8
TOU
100
AcDbPolyline
 90
4
 70
1
 10
4614.0
 20
5834.0
 10
4862.0
 20
5834.0
 10
4862.0
 20
5970.9998
 10
4614.0
 20
5970.9998
  0
LWPOLYLINE
  5
64A
330
17
100
AcDbEntity
  8
TOU
100
AcDbPolyline
 90
4
 70
1
 10
4708.2
 20
5701.0
 10
4767.7998
 20
5701.0
 10
4767.7998
 20
5717.9998
 10
4708.2
 20
5717.9998
  0
LWPOLYLINE
  5
64B
330
17
100
AcDbEntity
  8
TOU
100
AcDbPolyline
 90
4
 70
1
 10
4607.0
 20
5638.0
 10
4664.9998
 20
5638.0
 10
4664.9998
 20
5715.9998
 10
4607.0
 20
5715.9998
  0
LWPOLYLINE
  5
64C
330
17
100
AcDbEntity
  8
TOU
100
AcDbPolyline
 90
4
 70
1
 10
4607.0
 20
5638.0
 10
4664.9998
 20
5638.0
 10
4664.9998
 20
5715.9998
 10
4607.0
 20
5715.9998
  0
LWPOLYLINE
  5
64D
330
17
100
AcDbEntity
  8
TOU
100
AcDbPolyline
 90
4
 70
1
 10
5686.0005
 20
5715.9998
 10
6086.0
 20
5715.9998
 10
6086.0
 20
6066.0
 10
5686.0005
 20
6066.0
  0
LWPOLYLINE
  5
64E
330
17
100
AcDbEntity
  8
TOU
100
AcDbPolyline
 90
4
 70
1
 10
5714.0
 20
6066.0
 10
5738.0005
 20
6066.0
 10
5738.0005
 20
6115.9998
 10
5714.0
 20
6115.9998
  0
LWPOLYLINE
  5
64F
330
17
100
AcDbEntity
  8
TOU
100
AcDbPolyline
 90
4
 70
1
 10
5714.0
 20
6066.0
 10
5738.0005
 20
6066.0
 10
5738.0005
 20
6115.9998
 10
5714.0
 20
6115.9998
  0
LWPOLYLINE
  5
650
330
17
100
AcDbEntity
  8
TOU
100
AcDbPolyline
 90
4
 70
1
 10
5814.0
 20
6066.0
 10
5838.0
 20
6066.0
 10
5838.0
 20
6115.9998
 10
5814.0
 20
6115.9998
  0
LWPOLYLINE
  5
651
330
17
100
AcDbEntity
  8
TOU
100
AcDbPolyline
 90
4
 70
1
 10
5814.0
 20
6066.0
 10
5838.0
 20
6066.0
 10
5838.0
 20
6115.9998
 10
5814.0
 20
6115.9998
  0
LWPOLYLINE
  5
652
330
17
100
AcDbEntity
  8
TOU
100
AcDbPolyline
 90
4
 70
1
 10
5934.0
 20
6066.0
 10
5958.0
 20
6066.0
 10
5958.0
 20
6115.9998
 10
5934.0
 20
6115.9998
  0
LWPOLYLINE
  5
653
330
17
100
AcDbEntity
  8
TOU
100
AcDbPolyline
 90
4
 70
1
 10
5934.0
 20
6066.0
 10
5958.0
 20
6066.0
 10
5958.0
 20
6115.9998
 10
5934.0
 20
6115.9998
  0
LWPOLYLINE
  5
654
330
17
100
AcDbEntity
  8
TOU
100
AcDbPolyline
 90
4
 70
1
 10
6034.0
 20
6066.0
 10
6058.0
 20
6066.0
 10
6058.0
 20
6115.9998
 10
6034.0
 20
6115.9998
  0
LWPOLYLINE
  5
655
330
17
100
AcDbEntity
  8
TOU
100
AcDbPolyline
 90
4
 70
1
 10
6034.0
 20
6066.0
 10
6058.0
 20
6066.0
 10
6058.0
 20
6115.9998
 10
6034.0
 20
6115.9998
  0
LWPOLYLINE
  5
656
330
17
100
AcDbEntity
  8
TOU
100
AcDbPolyline
 90
4
 70
1
 10
5876.0
 20
6066.0
 10
5896.0
 20
6066.0
 10
5896.0
 20
6156.0
 10
5876.0
 20
6156.0
  0
LWPOLYLINE
  5
657
330
17
100
AcDbEntity
  8
TOU
100
AcDbPolyline
 90
4
 70
1
 10
5876.0
 20
6066.0
 10
5896.0
 20
6066.0
 10
5896.0
 20
6156.0
 10
5876.0
 20
6156.0
  0
LWPOLYLINE
  5
658
330
17
100
AcDbEntity
  8
TOU
100
AcDbPolyline
 90
4
 70
1
 10
5876.0
 20
6066.0
 10
5896.0
 20
6066.0
 10
5896.0
 20
6156.0
 10
5876.0
 20
6156.0
  0
LWPOLYLINE
  5
659
330
17
100
AcDbEntity
  8
TOU
100
AcDbPolyline
 90
4
 70
1
 10
5876.0
 20
6066.0
 10
5896.0
 20
6066.0
 10
5896.0
 20
6156.0
 10
5876.0
 20
6156.0
  0
LWPOLYLINE
  5
65A
330
17
100
AcDbEntity
  8
TOU
100
AcDbPolyline
 90
4
 70
1
 10
5876.0
 20
6066.0
 10
5896.0
 20
6066.0
 10
5896.0
 20
6156.0
 10
5876.0
 20
6156.0
  0
LWPOLYLINE
  5
65B
330
17
100
AcDbEntity
  8
TOU
100
AcDbPolyline
 90
4
 70
1
 10
5706.0
 20
5968.9998
 10
6066.0
 20
5968.9998
 10
6066.0
 20
5973.0
 10
5706.0
 20
5973.0
  0
LWPOLYLINE
  5
65C
330
17
100
AcDbEntity
  8
TOU
100
AcDbPolyline
 90
4
 70
1
 10
5764.0
 20
5834.0
 10
6012.0
 20
5834.0
 10
6012.0
 20
5970.9998
 10
5764.0
 20
5970.9998
  0
LWPOLYLINE
  5
65D
330
17
100
AcDbEntity
  8
TOU
100
AcDbPolyline
 90
4
 70
1
 10
5858.2002
 20
5701.0
 10
5917.7998
 20
5701.0
 10
5917.7998
 20
5717.9998
 10
5858.2002
 20
5717.9998
  0
LWPOLYLINE
  5
65E
330
17
100
AcDbEntity
  8
TOU
100
AcDbPolyline
 90
4
 70
1
 10
5757.0
 20
5638.0
 10
5815.0
 20
5638.0
 10
5815.0
 20
5715.9998
 10
5757.0
 20
5715.9998
  0
LWPOLYLINE
  5
65F
330
17
100
AcDbEntity
  8
TOU
100
AcDbPolyline
 90
4
 70
1
 10
5757.0
 20
5638.0
 10
5815.0
 20
5638.0
 10
5815.0
 20
5715.9998
 10
5757.0
 20
5715.9998
  0
LWPOLYLINE
  5
660
330
17
100
AcDbEntity
  8
TOU
100
AcDbPolyline
 90
4
 70
1
 10
8236.0
 20
5715.9998
 10
8635.9995
 20
5715.9998
 10
8635.9995
 20
6066.0
 10
8236.0
 20
6066.0
  0
LWPOLYLINE
  5
661
330
17
100
AcDbEntity
  8
TOU
100
AcDbPolyline
 90
4
 70
1
 10
8264.0
 20
6066.0
 10
8287.9995
 20
6066.0
 10
8287.9995
 20
6115.9998
 10
8264.0
 20
6115.9998
  0
LWPOLYLINE
  5
662
330
17
100
AcDbEntity
  8
TOU
100
AcDbPolyline
 90
4
 70
1
 10
8264.0
 20
6066.0
 10
8287.9995
 20
6066.0
 10
8287.9995
 20
6115.9998
 10
8264.0
 20
6115.9998
  0
LWPOLYLINE
  5
663
330
17
100
AcDbEntity
  8
TOU
100
AcDbPolyline
 90
4
 70
1
 10
8363.9995
 20
6066.0
 10
8388.0
 20
6066.0
 10
8388.0
 20
6115.9998
 10
8363.9995
 20
6115.9998
  0
LWPOLYLINE
  5
664
330
17
100
AcDbEntity
  8
TOU
100
AcDbPolyline
 90
4
 70
1
 10
8363.9995
 20
6066.0
 10
8388.0
 20
6066.0
 10
8388.0
 20
6115.9998
 10
8363.9995
 20
6115.9998
  0
LWPOLYLINE
  5
665
330
17
100
AcDbEntity
  8
TOU
100
AcDbPolyline
 90
4
 70
1
 10
8483.9995
 20
6066.0
 10
8508.0
 20
6066.0
 10
8508.0
 20
6115.9998
 10
8483.9995
 20
6115.9998
  0
LWPOLYLINE
  5
666
330
17
100
AcDbEntity
  8
TOU
100
AcDbPolyline
 90
4
 70
1
 10
8483.9995
 20
6066.0
 10
8508.0
 20
6066.0
 10
8508.0
 20
6115.9998
 10
8483.9995
 20
6115.9998
  0
LWPOLYLINE
  5
667
330
17
100
AcDbEntity
  8
TOU
100
AcDbPolyline
 90
4
 70
1
 10
8584.0
 20
6066.0
 10
8607.9995
 20
6066.0
 10
8607.9995
 20
6115.9998
 10
8584.0
 20
6115.9998
  0
LWPOLYLINE
  5
668
330
17
100
AcDbEntity
  8
TOU
100
AcDbPolyline
 90
4
 70
1
 10
8584.0
 20
6066.0
 10
8607.9995
 20
6066.0
 10
8607.9995
 20
6115.9998
 10
8584.0
 20
6115.9998
  0
LWPOLYLINE
  5
669
330
17
100
AcDbEntity
  8
TOU
100
AcDbPolyline
 90
4
 70
1
 10
8425.9995
 20
6066.0
 10
8446.0
 20
6066.0
 10
8446.0
 20
6156.0
 10
8425.9995
 20
6156.0
  0
LWPOLYLINE
  5
66A
330
17
100
AcDbEntity
  8
TOU
100
AcDbPolyline
 90
4
 70
1
 10
8425.9995
 20
6066.0
 10
8446.0
 20
6066.0
 10
8446.0
 20
6156.0
 10
8425.9995
 20
6156.0
  0
LWPOLYLINE
  5
66B
330
17
100
AcDbEntity
  8
TOU
100
AcDbPolyline
 90
4
 70
1
 10
8425.9995
 20
6066.0
 10
8446.0
 20
6066.0
 10
8446.0
 20
6156.0
 10
8425.9995
 20
6156.0
  0
LWPOLYLINE
  5
66C
330
17
100
AcDbEntity
  8
TOU
100
AcDbPolyline
 90
4
 70
1
 10
8425.9995
 20
6066.0
 10
8446.0
 20
6066.0
 10
8446.0
 20
6156.0
 10
8425.9995
 20
6156.0
  0
LWPOLYLINE
  5
66D
330
17
100
AcDbEntity
  8
TOU
100
AcDbPolyline
 90
4
 70
1
 10
8425.9995
 20
6066.0
 10
8446.0
 20
6066.0
 10
8446.0
 20
6156.0
 10
8425.9995
 20
6156.0
  0
LWPOLYLINE
  5
66E
330
17
100
AcDbEntity
  8
TOU
100
AcDbPolyline
 90
4
 70
1
 10
8256.0
 20
5968.9998
 10
8615.9995
 20
5968.9998
 10
8615.9995
 20
5973.0
 10
8256.0
 20
5973.0
  0
LWPOLYLINE
  5
66F
330
17
100
AcDbEntity
  8
TOU
100
AcDbPolyline
 90
4
 70
1
 10
8313.9995
 20
5834.0
 10
8561.9995
 20
5834.0
 10
8561.9995
 20
5970.9998
 10
8313.9995
 20
5970.9998
  0
LWPOLYLINE
  5
670
330
17
100
AcDbEntity
  8
TOU
100
AcDbPolyline
 90
4
 70
1
 10
8408.199700000001
 20
5701.0
 10
8467.7998
 20
5701.0
 10
8467.7998
 20
5717.9998
 10
8408.199700000001
 20
5717.9998
  0
LWPOLYLINE
  5
671
330
17
100
AcDbEntity
  8
TOU
100
AcDbPolyline
 90
4
 70
1
 10
8306.9995
 20
5638.0
 10
8364.9995
 20
5638.0
 10
8364.9995
 20
5715.9998
 10
8306.9995
 20
5715.9998
  0
LWPOLYLINE
  5
672
330
17
100
AcDbEntity
  8
TOU
100
AcDbPolyline
 90
4
 70
1
 10
8306.9995
 20
5638.0
 10
8364.9995
 20
5638.0
 10
8364.9995
 20
5715.9998
 10
8306.9995
 20
5715.9998
  0
LWPOLYLINE
  5
673
330
17
100
AcDbEntity
  8
TOU
100
AcDbPolyline
 90
4
 70
1
 10
9386.0
 20
5715.9998
 10
9786.0
 20
5715.9998
 10
9786.0
 20
6066.0
 10
9386.0
 20
6066.0
  0
LWPOLYLINE
  5
674
330
17
100
AcDbEntity
  8
TOU
100
AcDbPolyline
 90
4
 70
1
 10
9414.0
 20
6066.0
 10
9438.0
 20
6066.0
 10
9438.0
 20
6115.9998
 10
9414.0
 20
6115.9998
  0
LWPOLYLINE
  5
675
330
17
100
AcDbEntity
  8
TOU
100
AcDbPolyline
 90
4
 70
1
 10
9414.0
 20
6066.0
 10
9438.0
 20
6066.0
 10
9438.0
 20
6115.9998
 10
9414.0
 20
6115.9998
  0
LWPOLYLINE
  5
676
330
17
100
AcDbEntity
  8
TOU
100
AcDbPolyline
 90
4
 70
1
 10
9514.0
 20
6066.0
 10
9538.0
 20
6066.0
 10
9538.0
 20
6115.9998
 10
9514.0
 20
6115.9998
  0
LWPOLYLINE
  5
677
330
17
100
AcDbEntity
  8
TOU
100
AcDbPolyline
 90
4
 70
1
 10
9514.0
 20
6066.0
 10
9538.0
 20
6066.0
 10
9538.0
 20
6115.9998
 10
9514.0
 20
6115.9998
  0
LWPOLYLINE
  5
678
330
17
100
AcDbEntity
  8
TOU
100
AcDbPolyline
 90
4
 70
1
 10
9634.0
 20
6066.0
 10
9657.999
 20
6066.0
 10
9657.999
 20
6115.9998
 10
9634.0
 20
6115.9998
  0
LWPOLYLINE
  5
679
330
17
100
AcDbEntity
  8
TOU
100
AcDbPolyline
 90
4
 70
1
 10
9634.0
 20
6066.0
 10
9657.999
 20
6066.0
 10
9657.999
 20
6115.9998
 10
9634.0
 20
6115.9998
  0
LWPOLYLINE
  5
67A
330
17
100
AcDbEntity
  8
TOU
100
AcDbPolyline
 90
4
 70
1
 10
9734.0
 20
6066.0
 10
9758.0
 20
6066.0
 10
9758.0
 20
6115.9998
 10
9734.0
 20
6115.9998
  0
LWPOLYLINE
  5
67B
330
17
100
AcDbEntity
  8
TOU
100
AcDbPolyline
 90
4
 70
1
 10
9734.0
 20
6066.0
 10
9758.0
 20
6066.0
 10
9758.0
 20
6115.9998
 10
9734.0
 20
6115.9998
  0
LWPOLYLINE
  5
67C
330
17
100
AcDbEntity
  8
TOU
100
AcDbPolyline
 90
4
 70
1
 10
9576.0
 20
6066.0
 10
9596.0
 20
6066.0
 10
9596.0
 20
6156.0
 10
9576.0
 20
6156.0
  0
LWPOLYLINE
  5
67D
330
17
100
AcDbEntity
  8
TOU
100
AcDbPolyline
 90
4
 70
1
 10
9576.0
 20
6066.0
 10
9596.0
 20
6066.0
 10
9596.0
 20
6156.0
 10
9576.0
 20
6156.0
  0
LWPOLYLINE
  5
67E
330
17
100
AcDbEntity
  8
TOU
100
AcDbPolyline
 90
4
 70
1
 10
9576.0
 20
6066.0
 10
9596.0
 20
6066.0
 10
9596.0
 20
6156.0
 10
9576.0
 20
6156.0
  0
LWPOLYLINE
  5
67F
330
17
100
AcDbEntity
  8
TOU
100
AcDbPolyline
 90
4
 70
1
 10
9576.0
 20
6066.0
 10
9596.0
 20
6066.0
 10
9596.0
 20
6156.0
 10
9576.0
 20
6156.0
  0
LWPOLYLINE
  5
680
330
17
100
AcDbEntity
  8
TOU
100
AcDbPolyline
 90
4
 70
1
 10
9576.0
 20
6066.0
 10
9596.0
 20
6066.0
 10
9596.0
 20
6156.0
 10
9576.0
 20
6156.0
  0
LWPOLYLINE
  5
681
330
17
100
AcDbEntity
  8
TOU
100
AcDbPolyline
 90
4
 70
1
 10
9406.0
 20
5968.9998
 10
9766.0
 20
5968.9998
 10
9766.0
 20
5973.0
 10
9406.0
 20
5973.0
  0
LWPOLYLINE
  5
682
330
17
100
AcDbEntity
  8
TOU
100
AcDbPolyline
 90
4
 70
1
 10
9464.0
 20
5834.0
 10
9712.0
 20
5834.0
 10
9712.0
 20
5970.9998
 10
9464.0
 20
5970.9998
  0
LWPOLYLINE
  5
683
330
17
100
AcDbEntity
  8
TOU
100
AcDbPolyline
 90
4
 70
1
 10
9558.2002
 20
5701.0
 10
9617.7998
 20
5701.0
 10
9617.7998
 20
5717.9998
 10
9558.2002
 20
5717.9998
  0
LWPOLYLINE
  5
684
330
17
100
AcDbEntity
  8
TOU
100
AcDbPolyline
 90
4
 70
1
 10
9457.0
 20
5638.0
 10
9515.0
 20
5638.0
 10
9515.0
 20
5715.9998
 10
9457.0
 20
5715.9998
  0
LWPOLYLINE
  5
685
330
17
100
AcDbEntity
  8
TOU
100
AcDbPolyline
 90
4
 70
1
 10
9457.0
 20
5638.0
 10
9515.0
 20
5638.0
 10
9515.0
 20
5715.9998
 10
9457.0
 20
5715.9998
  0
LWPOLYLINE
  5
686
330
17
100
AcDbEntity
  8
TOU
100
AcDbPolyline
 90
4
 70
1
 10
10536.001
 20
5715.9998
 10
10936.0
 20
5715.9998
 10
10936.0
 20
6066.0
 10
10536.001
 20
6066.0
  0
LWPOLYLINE
  5
687
330
17
100
AcDbEntity
  8
TOU
100
AcDbPolyline
 90
4
 70
1
 10
10564.001
 20
6066.0
 10
10588.001
 20
6066.0
 10
10588.001
 20
6115.9998
 10
10564.001
 20
6115.9998
  0
LWPOLYLINE
  5
688
330
17
100
AcDbEntity
  8
TOU
100
AcDbPolyline
 90
4
 70
1
 10
10564.001
 20
6066.0
 10
10588.001
 20
6066.0
 10
10588.001
 20
6115.9998
 10
10564.001
 20
6115.9998
  0
LWPOLYLINE
  5
689
330
17
100
AcDbEntity
  8
TOU
100
AcDbPolyline
 90
4
 70
1
 10
10664.001
 20
6066.0
 10
10688.0
 20
6066.0
 10
10688.0
 20
6115.9998
 10
10664.001
 20
6115.9998
  0
LWPOLYLINE
  5
68A
330
17
100
AcDbEntity
  8
TOU
100
AcDbPolyline
 90
4
 70
1
 10
10664.001
 20
6066.0
 10
10688.0
 20
6066.0
 10
10688.0
 20
6115.9998
 10
10664.001
 20
6115.9998
  0
LWPOLYLINE
  5
68B
330
17
100
AcDbEntity
  8
TOU
100
AcDbPolyline
 90
4
 70
1
 10
10784.001
 20
6066.0
 10
10808.0
 20
6066.0
 10
10808.0
 20
6115.9998
 10
10784.001
 20
6115.9998
  0
LWPOLYLINE
  5
68C
330
17
100
AcDbEntity
  8
TOU
100
AcDbPolyline
 90
4
 70
1
 10
10784.001
 20
6066.0
 10
10808.0
 20
6066.0
 10
10808.0
 20
6115.9998
 10
10784.001
 20
6115.9998
  0
LWPOLYLINE
  5
68D
330
17
100
AcDbEntity
  8
TOU
100
AcDbPolyline
 90
4
 70
1
 10
10884.0
 20
6066.0
 10
10908.0
 20
6066.0
 10
10908.0
 20
6115.9998
 10
10884.0
 20
6115.9998
  0
LWPOLYLINE
  5
68E
330
17
100
AcDbEntity
  8
TOU
100
AcDbPolyline
 90
4
 70
1
 10
10884.0
 20
6066.0
 10
10908.0
 20
6066.0
 10
10908.0
 20
6115.9998
 10
10884.0
 20
6115.9998
  0
LWPOLYLINE
  5
68F
330
17
100
AcDbEntity
  8
TOU
100
AcDbPolyline
 90
4
 70
1
 10
10726.0
 20
6066.0
 10
10746.001
 20
6066.0
 10
10746.001
 20
6156.0
 10
10726.0
 20
6156.0
  0
LWPOLYLINE
  5
690
330
17
100
AcDbEntity
  8
TOU
100
AcDbPolyline
 90
4
 70
1
 10
10726.0
 20
6066.0
 10
10746.001
 20
6066.0
 10
10746.001
 20
6156.0
 10
10726.0
 20
6156.0
  0
LWPOLYLINE
  5
691
330
17
100
AcDbEntity
  8
TOU
100
AcDbPolyline
 90
4
 70
1
 10
10726.0
 20
6066.0
 10
10746.001
 20
6066.0
 10
10746.001
 20
6156.0
 10
10726.0
 20
6156.0
  0
LWPOLYLINE
  5
692
330
17
100
AcDbEntity
  8
TOU
100
AcDbPolyline
 90
4
 70
1
 10
10726.0
 20
6066.0
 10
10746.001
 20
6066.0
 10
10746.001
 20
6156.0
 10
10726.0
 20
6156.0
  0
LWPOLYLINE
  5
693
330
17
100
AcDbEntity
  8
TOU
100
AcDbPolyline
 90
4
 70
1
 10
10726.0
 20
6066.0
 10
10746.001
 20
6066.0
 10
10746.001
 20
6156.0
 10
10726.0
 20
6156.0
  0
LWPOLYLINE
  5
694
330
17
100
AcDbEntity
  8
TOU
100
AcDbPolyline
 90
4
 70
1
 10
10556.0
 20
5968.9998
 10
10916.001
 20
5968.9998
 10
10916.001
 20
5973.0
 10
10556.0
 20
5973.0
  0
LWPOLYLINE
  5
695
330
17
100
AcDbEntity
  8
TOU
100
AcDbPolyline
 90
4
 70
1
 10
10614.001
 20
5834.0
 10
10862.001
 20
5834.0
 10
10862.001
 20
5970.9998
 10
10614.001
 20
5970.9998
  0
LWPOLYLINE
  5
696
330
17
100
AcDbEntity
  8
TOU
100
AcDbPolyline
 90
4
 70
1
 10
10708.2012
 20
5701.0
 10
10767.8008
 20
5701.0
 10
10767.8008
 20
5717.9998
 10
10708.2012
 20
5717.9998
  0
LWPOLYLINE
  5
697
330
17
100
AcDbEntity
  8
TOU
100
AcDbPolyline
 90
4
 70
1
 10
10557.001
 20
5638.0
 10
10615.0
 20
5638.0
 10
10615.0
 20
5715.9998
 10
10557.001
 20
5715.9998
  0
LWPOLYLINE
  5
698
330
17
100
AcDbEntity
  8
TOU
100
AcDbPolyline
 90
4
 70
1
 10
10557.001
 20
5638.0
 10
10615.0
 20
5638.0
 10
10615.0
 20
5715.9998
 10
10557.001
 20
5715.9998
  0
LWPOLYLINE
  5
699
330
17
100
AcDbEntity
  8
TOU
100
AcDbPolyline
 90
4
 70
1
 10
11686.0
 20
5715.9998
 10
12086.0
 20
5715.9998
 10
12086.0
 20
6066.0
 10
11686.0
 20
6066.0
  0
LWPOLYLINE
  5
69A
330
17
100
AcDbEntity
  8
TOU
100
AcDbPolyline
 90
4
 70
1
 10
11714.0
 20
6066.0
 10
11738.0
 20
6066.0
 10
11738.0
 20
6115.9998
 10
11714.0
 20
6115.9998
  0
LWPOLYLINE
  5
69B
330
17
100
AcDbEntity
  8
TOU
100
AcDbPolyline
 90
4
 70
1
 10
11714.0
 20
6066.0
 10
11738.0
 20
6066.0
 10
11738.0
 20
6115.9998
 10
11714.0
 20
6115.9998
  0
LWPOLYLINE
  5
69C
330
17
100
AcDbEntity
  8
TOU
100
AcDbPolyline
 90
4
 70
1
 10
11814.001
 20
6066.0
 10
11838.0
 20
6066.0
 10
11838.0
 20
6115.9998
 10
11814.001
 20
6115.9998
  0
LWPOLYLINE
  5
69D
330
17
100
AcDbEntity
  8
TOU
100
AcDbPolyline
 90
4
 70
1
 10
11814.001
 20
6066.0
 10
11838.0
 20
6066.0
 10
11838.0
 20
6115.9998
 10
11814.001
 20
6115.9998
  0
LWPOLYLINE
  5
69E
330
17
100
AcDbEntity
  8
TOU
100
AcDbPolyline
 90
4
 70
1
 10
11934.0
 20
6066.0
 10
11958.0
 20
6066.0
 10
11958.0
 20
6115.9998
 10
11934.0
 20
6115.9998
  0
LWPOLYLINE
  5
69F
330
17
100
AcDbEntity
  8
TOU
100
AcDbPolyline
 90
4
 70
1
 10
11934.0
 20
6066.0
 10
11958.0
 20
6066.0
 10
11958.0
 20
6115.9998
 10
11934.0
 20
6115.9998
  0
LWPOLYLINE
  5
6A0
330
17
100
AcDbEntity
  8
TOU
100
AcDbPolyline
 90
4
 70
1
 10
12034.0
 20
6066.0
 10
12058.0
 20
6066.0
 10
12058.0
 20
6115.9998
 10
12034.0
 20
6115.9998
  0
LWPOLYLINE
  5
6A1
330
17
100
AcDbEntity
  8
TOU
100
AcDbPolyline
 90
4
 70
1
 10
12034.0
 20
6066.0
 10
12058.0
 20
6066.0
 10
12058.0
 20
6115.9998
 10
12034.0
 20
6115.9998
  0
LWPOLYLINE
  5
6A2
330
17
100
AcDbEntity
  8
TOU
100
AcDbPolyline
 90
4
 70
1
 10
11876.0
 20
6066.0
 10
11896.0
 20
6066.0
 10
11896.0
 20
6156.0
 10
11876.0
 20
6156.0
  0
LWPOLYLINE
  5
6A3
330
17
100
AcDbEntity
  8
TOU
100
AcDbPolyline
 90
4
 70
1
 10
11876.0
 20
6066.0
 10
11896.0
 20
6066.0
 10
11896.0
 20
6156.0
 10
11876.0
 20
6156.0
  0
LWPOLYLINE
  5
6A4
330
17
100
AcDbEntity
  8
TOU
100
AcDbPolyline
 90
4
 70
1
 10
11876.0
 20
6066.0
 10
11896.0
 20
6066.0
 10
11896.0
 20
6156.0
 10
11876.0
 20
6156.0
  0
LWPOLYLINE
  5
6A5
330
17
100
AcDbEntity
  8
TOU
100
AcDbPolyline
 90
4
 70
1
 10
11876.0
 20
6066.0
 10
11896.0
 20
6066.0
 10
11896.0
 20
6156.0
 10
11876.0
 20
6156.0
  0
LWPOLYLINE
  5
6A6
330
17
100
AcDbEntity
  8
TOU
100
AcDbPolyline
 90
4
 70
1
 10
11876.0
 20
6066.0
 10
11896.0
 20
6066.0
 10
11896.0
 20
6156.0
 10
11876.0
 20
6156.0
  0
LWPOLYLINE
  5
6A7
330
17
100
AcDbEntity
  8
TOU
100
AcDbPolyline
 90
4
 70
1
 10
11706.0
 20
5968.9998
 10
12066.0
 20
5968.9998
 10
12066.0
 20
5973.0
 10
11706.0
 20
5973.0
  0
LWPOLYLINE
  5
6A8
330
17
100
AcDbEntity
  8
TOU
100
AcDbPolyline
 90
4
 70
1
 10
11764.0
 20
5834.0
 10
12012.0
 20
5834.0
 10
12012.0
 20
5970.9998
 10
11764.0
 20
5970.9998
  0
LWPOLYLINE
  5
6A9
330
17
100
AcDbEntity
  8
TOU
100
AcDbPolyline
 90
4
 70
1
 10
11858.2002
 20
5701.0
 10
11917.8008
 20
5701.0
 10
11917.8008
 20
5717.9998
 10
11858.2002
 20
5717.9998
  0
LWPOLYLINE
  5
6AA
330
17
100
AcDbEntity
  8
TOU
100
AcDbPolyline
 90
4
 70
1
 10
11757.0
 20
5638.0
 10
11815.0
 20
5638.0
 10
11815.0
 20
5715.9998
 10
11757.0
 20
5715.9998
  0
LWPOLYLINE
  5
6AB
330
17
100
AcDbEntity
  8
TOU
100
AcDbPolyline
 90
4
 70
1
 10
11757.0
 20
5638.0
 10
11815.0
 20
5638.0
 10
11815.0
 20
5715.9998
 10
11757.0
 20
5715.9998
  0
LWPOLYLINE
  5
6AC
330
17
100
AcDbEntity
  8
TOU
100
AcDbPolyline
 90
4
 70
1
 10
2507.0
 20
5638.0
 10
2565.0
 20
5638.0
 10
2565.0
 20
5715.9998
 10
2507.0
 20
5715.9998
  0
LWPOLYLINE
  5
6AD
330
17
100
AcDbEntity
  8
TOU
100
AcDbPolyline
 90
4
 70
1
 10
2507.0
 20
5638.0
 10
2565.0
 20
5638.0
 10
2565.0
 20
5715.9998
 10
2507.0
 20
5715.9998
  0
LWPOLYLINE
  5
6AE
330
17
100
AcDbEntity
  8
TOU
100
AcDbPolyline
 90
4
 70
1
 10
3657.0002
 20
5638.0
 10
3715.0
 20
5638.0
 10
3715.0
 20
5715.9998
 10
3657.0002
 20
5715.9998
  0
LWPOLYLINE
  5
6AF
330
17
100
AcDbEntity
  8
TOU
100
AcDbPolyline
 90
4
 70
1
 10
3657.0002
 20
5638.0
 10
3715.0
 20
5638.0
 10
3715.0
 20
5715.9998
 10
3657.0002
 20
5715.9998
  0
LWPOLYLINE
  5
6B0
330
17
100
AcDbEntity
  8
TOU
100
AcDbPolyline
 90
4
 70
1
 10
4807.0
 20
5638.0
 10
4865.0002
 20
5638.0
 10
4865.0002
 20
5715.9998
 10
4807.0
 20
5715.9998
  0
LWPOLYLINE
  5
6B1
330
17
100
AcDbEntity
  8
TOU
100
AcDbPolyline
 90
4
 70
1
 10
4807.0
 20
5638.0
 10
4865.0002
 20
5638.0
 10
4865.0002
 20
5715.9998
 10
4807.0
 20
5715.9998
  0
LWPOLYLINE
  5
6B2
330
17
100
AcDbEntity
  8
TOU
100
AcDbPolyline
 90
4
 70
1
 10
5957.0
 20
5638.0
 10
6015.0005
 20
5638.0
 10
6015.0005
 20
5715.9998
 10
5957.0
 20
5715.9998
  0
LWPOLYLINE
  5
6B3
330
17
100
AcDbEntity
  8
TOU
100
AcDbPolyline
 90
4
 70
1
 10
5957.0
 20
5638.0
 10
6015.0005
 20
5638.0
 10
6015.0005
 20
5715.9998
 10
5957.0
 20
5715.9998
  0
LWPOLYLINE
  5
6B4
330
17
100
AcDbEntity
  8
TOU
100
AcDbPolyline
 90
4
 70
1
 10
8507.0
 20
5638.0
 10
8565.0
 20
5638.0
 10
8565.0
 20
5715.9998
 10
8507.0
 20
5715.9998
  0
LWPOLYLINE
  5
6B5
330
17
100
AcDbEntity
  8
TOU
100
AcDbPolyline
 90
4
 70
1
 10
8507.0
 20
5638.0
 10
8565.0
 20
5638.0
 10
8565.0
 20
5715.9998
 10
8507.0
 20
5715.9998
  0
LWPOLYLINE
  5
6B6
330
17
100
AcDbEntity
  8
TOU
100
AcDbPolyline
 90
4
 70
1
 10
9657.0
 20
5638.0
 10
9715.0
 20
5638.0
 10
9715.0
 20
5715.9998
 10
9657.0
 20
5715.9998
  0
LWPOLYLINE
  5
6B7
330
17
100
AcDbEntity
  8
TOU
100
AcDbPolyline
 90
4
 70
1
 10
9657.0
 20
5638.0
 10
9715.0
 20
5638.0
 10
9715.0
 20
5715.9998
 10
9657.0
 20
5715.9998
  0
LWPOLYLINE
  5
6B8
330
17
100
AcDbEntity
  8
TOU
100
AcDbPolyline
 90
4
 70
1
 10
10657.0
 20
5638.0
 10
10715.001
 20
5638.0
 10
10715.001
 20
5715.9998
 10
10657.0
 20
5715.9998
  0
LWPOLYLINE
  5
6B9
330
17
100
AcDbEntity
  8
TOU
100
AcDbPolyline
 90
4
 70
1
 10
10657.0
 20
5638.0
 10
10715.001
 20
5638.0
 10
10715.001
 20
5715.9998
 10
10657.0
 20
5715.9998
  0
LWPOLYLINE
  5
6BA
330
17
100
AcDbEntity
  8
TOU
100
AcDbPolyline
 90
4
 70
1
 10
11957.0
 20
5638.0
 10
12015.0
 20
5638.0
 10
12015.0
 20
5715.9998
 10
11957.0
 20
5715.9998
  0
LWPOLYLINE
  5
6BB
330
17
100
AcDbEntity
  8
TOU
100
AcDbPolyline
 90
4
 70
1
 10
11957.0
 20
5638.0
 10
12015.0
 20
5638.0
 10
12015.0
 20
5715.9998
 10
11957.0
 20
5715.9998
  0
LWPOLYLINE
  5
6BC
330
17
100
AcDbEntity
  8
TOU
100
AcDbPolyline
 90
4
 70
1
 10
2236.0
 20
5715.9998
 10
2636.0
 20
5715.9998
 10
2636.0
 20
6066.0
 10
2236.0
 20
6066.0
  0
LWPOLYLINE
  5
6BD
330
17
100
AcDbEntity
  8
TOU
100
AcDbPolyline
 90
4
 70
1
 10
2264.0
 20
6066.0
 10
2288.0
 20
6066.0
 10
2288.0
 20
6115.9998
 10
2264.0
 20
6115.9998
  0
LWPOLYLINE
  5
6BE
330
17
100
AcDbEntity
  8
TOU
100
AcDbPolyline
 90
4
 70
1
 10
2264.0
 20
6066.0
 10
2288.0
 20
6066.0
 10
2288.0
 20
6115.9998
 10
2264.0
 20
6115.9998
  0
LWPOLYLINE
  5
6BF
330
17
100
AcDbEntity
  8
TOU
100
AcDbPolyline
 90
4
 70
1
 10
2364.0
 20
6066.0
 10
2388.0
 20
6066.0
 10
2388.0
 20
6115.9998
 10
2364.0
 20
6115.9998
  0
LWPOLYLINE
  5
6C0
330
17
100
AcDbEntity
  8
TOU
100
AcDbPolyline
 90
4
 70
1
 10
2364.0
 20
6066.0
 10
2388.0
 20
6066.0
 10
2388.0
 20
6115.9998
 10
2364.0
 20
6115.9998
  0
LWPOLYLINE
  5
6C1
330
17
100
AcDbEntity
  8
TOU
100
AcDbPolyline
 90
4
 70
1
 10
2484.0
 20
6066.0
 10
2508.0
 20
6066.0
 10
2508.0
 20
6115.9998
 10
2484.0
 20
6115.9998
  0
LWPOLYLINE
  5
6C2
330
17
100
AcDbEntity
  8
TOU
100
AcDbPolyline
 90
4
 70
1
 10
2484.0
 20
6066.0
 10
2508.0
 20
6066.0
 10
2508.0
 20
6115.9998
 10
2484.0
 20
6115.9998
  0
LWPOLYLINE
  5
6C3
330
17
100
AcDbEntity
  8
TOU
100
AcDbPolyline
 90
4
 70
1
 10
2584.0
 20
6066.0
 10
2608.0001
 20
6066.0
 10
2608.0001
 20
6115.9998
 10
2584.0
 20
6115.9998
  0
LWPOLYLINE
  5
6C4
330
17
100
AcDbEntity
  8
TOU
100
AcDbPolyline
 90
4
 70
1
 10
2584.0
 20
6066.0
 10
2608.0001
 20
6066.0
 10
2608.0001
 20
6115.9998
 10
2584.0
 20
6115.9998
  0
LWPOLYLINE
  5
6C5
330
17
100
AcDbEntity
  8
TOU
100
AcDbPolyline
 90
4
 70
1
 10
2426.0
 20
6066.0
 10
2446.0
 20
6066.0
 10
2446.0
 20
6156.0
 10
2426.0
 20
6156.0
  0
LWPOLYLINE
  5
6C6
330
17
100
AcDbEntity
  8
TOU
100
AcDbPolyline
 90
4
 70
1
 10
2426.0
 20
6066.0
 10
2446.0
 20
6066.0
 10
2446.0
 20
6156.0
 10
2426.0
 20
6156.0
  0
LWPOLYLINE
  5
6C7
330
17
100
AcDbEntity
  8
TOU
100
AcDbPolyline
 90
4
 70
1
 10
2426.0
 20
6066.0
 10
2446.0
 20
6066.0
 10
2446.0
 20
6156.0
 10
2426.0
 20
6156.0
  0
LWPOLYLINE
  5
6C8
330
17
100
AcDbEntity
  8
TOU
100
AcDbPolyline
 90
4
 70
1
 10
2426.0
 20
6066.0
 10
2446.0
 20
6066.0
 10
2446.0
 20
6156.0
 10
2426.0
 20
6156.0
  0
LWPOLYLINE
  5
6C9
330
17
100
AcDbEntity
  8
TOU
100
AcDbPolyline
 90
4
 70
1
 10
2426.0
 20
6066.0
 10
2446.0
 20
6066.0
 10
2446.0
 20
6156.0
 10
2426.0
 20
6156.0
  0
LWPOLYLINE
  5
6CA
330
17
100
AcDbEntity
  8
TOU
100
AcDbPolyline
 90
4
 70
1
 10
2256.0
 20
5968.9998
 10
2616.0001
 20
5968.9998
 10
2616.0001
 20
5973.0
 10
2256.0
 20
5973.0
  0
LWPOLYLINE
  5
6CB
330
17
100
AcDbEntity
  8
TOU
100
AcDbPolyline
 90
4
 70
1
 10
2314.0
 20
5834.0
 10
2562.0
 20
5834.0
 10
2562.0
 20
5970.9998
 10
2314.0
 20
5970.9998
  0
LWPOLYLINE
  5
6CC
330
17
100
AcDbEntity
  8
TOU
100
AcDbPolyline
 90
4
 70
1
 10
2408.2001
 20
5701.0
 10
2467.8
 20
5701.0
 10
2467.8
 20
5717.9998
 10
2408.2001
 20
5717.9998
  0
LWPOLYLINE
  5
6CD
330
17
100
AcDbEntity
  8
TOU
100
AcDbPolyline
 90
4
 70
1
 10
2307.0001
 20
5638.0
 10
2365.0
 20
5638.0
 10
2365.0
 20
5715.9998
 10
2307.0001
 20
5715.9998
  0
LWPOLYLINE
  5
6CE
330
17
100
AcDbEntity
  8
TOU
100
AcDbPolyline
 90
4
 70
1
 10
2307.0001
 20
5638.0
 10
2365.0
 20
5638.0
 10
2365.0
 20
5715.9998
 10
2307.0001
 20
5715.9998
  0
LWPOLYLINE
  5
6CF
330
17
100
AcDbEntity
  8
TOU
100
AcDbPolyline
 90
4
 70
1
 10
3386.0
 20
5715.9998
 10
3786.0002
 20
5715.9998
 10
3786.0002
 20
6066.0
 10
3386.0
 20
6066.0
  0
LWPOLYLINE
  5
6D0
330
17
100
AcDbEntity
  8
TOU
100
AcDbPolyline
 90
4
 70
1
 10
3414.0002
 20
6066.0
 10
3438.0
 20
6066.0
 10
3438.0
 20
6115.9998
 10
3414.0002
 20
6115.9998
  0
LWPOLYLINE
  5
6D1
330
17
100
AcDbEntity
  8
TOU
100
AcDbPolyline
 90
4
 70
1
 10
3414.0002
 20
6066.0
 10
3438.0
 20
6066.0
 10
3438.0
 20
6115.9998
 10
3414.0002
 20
6115.9998
  0
LWPOLYLINE
  5
6D2
330
17
100
AcDbEntity
  8
TOU
100
AcDbPolyline
 90
4
 70
1
 10
3514.0
 20
6066.0
 10
3538.0
 20
6066.0
 10
3538.0
 20
6115.9998
 10
3514.0
 20
6115.9998
  0
LWPOLYLINE
  5
6D3
330
17
100
AcDbEntity
  8
TOU
100
AcDbPolyline
 90
4
 70
1
 10
3514.0
 20
6066.0
 10
3538.0
 20
6066.0
 10
3538.0
 20
6115.9998
 10
3514.0
 20
6115.9998
  0
LWPOLYLINE
  5
6D4
330
17
100
AcDbEntity
  8
TOU
100
AcDbPolyline
 90
4
 70
1
 10
3634.0002
 20
6066.0
 10
3658.0002
 20
6066.0
 10
3658.0002
 20
6115.9998
 10
3634.0002
 20
6115.9998
  0
LWPOLYLINE
  5
6D5
330
17
100
AcDbEntity
  8
TOU
100
AcDbPolyline
 90
4
 70
1
 10
3634.0002
 20
6066.0
 10
3658.0002
 20
6066.0
 10
3658.0002
 20
6115.9998
 10
3634.0002
 20
6115.9998
  0
LWPOLYLINE
  5
6D6
330
17
100
AcDbEntity
  8
TOU
100
AcDbPolyline
 90
4
 70
1
 10
3734.0
 20
6066.0
 10
3758.0
 20
6066.0
 10
3758.0
 20
6115.9998
 10
3734.0
 20
6115.9998
  0
LWPOLYLINE
  5
6D7
330
17
100
AcDbEntity
  8
TOU
100
AcDbPolyline
 90
4
 70
1
 10
3734.0
 20
6066.0
 10
3758.0
 20
6066.0
 10
3758.0
 20
6115.9998
 10
3734.0
 20
6115.9998
  0
LWPOLYLINE
  5
6D8
330
17
100
AcDbEntity
  8
TOU
100
AcDbPolyline
 90
4
 70
1
 10
3576.0
 20
6066.0
 10
3596.0
 20
6066.0
 10
3596.0
 20
6156.0
 10
3576.0
 20
6156.0
  0
LWPOLYLINE
  5
6D9
330
17
100
AcDbEntity
  8
TOU
100
AcDbPolyline
 90
4
 70
1
 10
3576.0
 20
6066.0
 10
3596.0
 20
6066.0
 10
3596.0
 20
6156.0
 10
3576.0
 20
6156.0
  0
LWPOLYLINE
  5
6DA
330
17
100
AcDbEntity
  8
TOU
100
AcDbPolyline
 90
4
 70
1
 10
3576.0
 20
6066.0
 10
3596.0
 20
6066.0
 10
3596.0
 20
6156.0
 10
3576.0
 20
6156.0
  0
LWPOLYLINE
  5
6DB
330
17
100
AcDbEntity
  8
TOU
100
AcDbPolyline
 90
4
 70
1
 10
3576.0
 20
6066.0
 10
3596.0
 20
6066.0
 10
3596.0
 20
6156.0
 10
3576.0
 20
6156.0
  0
LWPOLYLINE
  5
6DC
330
17
100
AcDbEntity
  8
TOU
100
AcDbPolyline
 90
4
 70
1
 10
3576.0
 20
6066.0
 10
3596.0
 20
6066.0
 10
3596.0
 20
6156.0
 10
3576.0
 20
6156.0
  0
LWPOLYLINE
  5
6DD
330
17
100
AcDbEntity
  8
TOU
100
AcDbPolyline
 90
4
 70
1
 10
3406.0
 20
5968.9998
 10
3766.0002
 20
5968.9998
 10
3766.0002
 20
5973.0
 10
3406.0
 20
5973.0
  0
LWPOLYLINE
  5
6DE
330
17
100
AcDbEntity
  8
TOU
100
AcDbPolyline
 90
4
 70
1
 10
3464.0
 20
5834.0
 10
3712.0
 20
5834.0
 10
3712.0
 20
5970.9998
 10
3464.0
 20
5970.9998
  0
LWPOLYLINE
  5
6DF
330
17
100
AcDbEntity
  8
TOU
100
AcDbPolyline
 90
4
 70
1
 10
3558.2
 20
5701.0
 10
3617.8
 20
5701.0
 10
3617.8
 20
5717.9998
 10
3558.2
 20
5717.9998
  0
LWPOLYLINE
  5
6E0
330
17
100
AcDbEntity
  8
TOU
100
AcDbPolyline
 90
4
 70
1
 10
3457.0002
 20
5638.0
 10
3515.0
 20
5638.0
 10
3515.0
 20
5715.9998
 10
3457.0002
 20
5715.9998
  0
LWPOLYLINE
  5
6E1
330
17
100
AcDbEntity
  8
TOU
100
AcDbPolyline
 90
4
 70
1
 10
3457.0002
 20
5638.0
 10
3515.0
 20
5638.0
 10
3515.0
 20
5715.9998
 10
3457.0002
 20
5715.9998
  0
LWPOLYLINE
  5
6E2
330
17
100
AcDbEntity
  8
TOU
100
AcDbPolyline
 90
4
 70
1
 10
4536.0
 20
5715.9998
 10
4935.9998
 20
5715.9998
 10
4935.9998
 20
6066.0
 10
4536.0
 20
6066.0
  0
LWPOLYLINE
  5
6E3
330
17
100
AcDbEntity
  8
TOU
100
AcDbPolyline
 90
4
 70
1
 10
4564.0
 20
6066.0
 10
4588.0
 20
6066.0
 10
4588.0
 20
6115.9998
 10
4564.0
 20
6115.9998
  0
LWPOLYLINE
  5
6E4
330
17
100
AcDbEntity
  8
TOU
100
AcDbPolyline
 90
4
 70
1
 10
4564.0
 20
6066.0
 10
4588.0
 20
6066.0
 10
4588.0
 20
6115.9998
 10
4564.0
 20
6115.9998
  0
LWPOLYLINE
  5
6E5
330
17
100
AcDbEntity
  8
TOU
100
AcDbPolyline
 90
4
 70
1
 10
4664.0
 20
6066.0
 10
4687.9998
 20
6066.0
 10
4687.9998
 20
6115.9998
 10
4664.0
 20
6115.9998
  0
LWPOLYLINE
  5
6E6
330
17
100
AcDbEntity
  8
TOU
100
AcDbPolyline
 90
4
 70
1
 10
4664.0
 20
6066.0
 10
4687.9998
 20
6066.0
 10
4687.9998
 20
6115.9998
 10
4664.0
 20
6115.9998
  0
LWPOLYLINE
  5
6E7
330
17
100
AcDbEntity
  8
TOU
100
AcDbPolyline
 90
4
 70
1
 10
4783.9998
 20
6066.0
 10
4808.0
 20
6066.0
 10
4808.0
 20
6115.9998
 10
4783.9998
 20
6115.9998
  0
LWPOLYLINE
  5
6E8
330
17
100
AcDbEntity
  8
TOU
100
AcDbPolyline
 90
4
 70
1
 10
4783.9998
 20
6066.0
 10
4808.0
 20
6066.0
 10
4808.0
 20
6115.9998
 10
4783.9998
 20
6115.9998
  0
LWPOLYLINE
  5
6E9
330
17
100
AcDbEntity
  8
TOU
100
AcDbPolyline
 90
4
 70
1
 10
4883.9998
 20
6066.0
 10
4908.0
 20
6066.0
 10
4908.0
 20
6115.9998
 10
4883.9998
 20
6115.9998
  0
LWPOLYLINE
  5
6EA
330
17
100
AcDbEntity
  8
TOU
100
AcDbPolyline
 90
4
 70
1
 10
4883.9998
 20
6066.0
 10
4908.0
 20
6066.0
 10
4908.0
 20
6115.9998
 10
4883.9998
 20
6115.9998
  0
LWPOLYLINE
  5
6EB
330
17
100
AcDbEntity
  8
TOU
100
AcDbPolyline
 90
4
 70
1
 10
4726.0002
 20
6066.0
 10
4746.0002
 20
6066.0
 10
4746.0002
 20
6156.0
 10
4726.0002
 20
6156.0
  0
LWPOLYLINE
  5
6EC
330
17
100
AcDbEntity
  8
TOU
100
AcDbPolyline
 90
4
 70
1
 10
4726.0002
 20
6066.0
 10
4746.0002
 20
6066.0
 10
4746.0002
 20
6156.0
 10
4726.0002
 20
6156.0
  0
LWPOLYLINE
  5
6ED
330
17
100
AcDbEntity
  8
TOU
100
AcDbPolyline
 90
4
 70
1
 10
4726.0002
 20
6066.0
 10
4746.0002
 20
6066.0
 10
4746.0002
 20
6156.0
 10
4726.0002
 20
6156.0
  0
LWPOLYLINE
  5
6EE
330
17
100
AcDbEntity
  8
TOU
100
AcDbPolyline
 90
4
 70
1
 10
4726.0002
 20
6066.0
 10
4746.0002
 20
6066.0
 10
4746.0002
 20
6156.0
 10
4726.0002
 20
6156.0
  0
LWPOLYLINE
  5
6EF
330
17
100
AcDbEntity
  8
TOU
100
AcDbPolyline
 90
4
 70
1
 10
4726.0002
 20
6066.0
 10
4746.0002
 20
6066.0
 10
4746.0002
 20
6156.0
 10
4726.0002
 20
6156.0
  0
LWPOLYLINE
  5
6F0
330
17
100
AcDbEntity
  8
TOU
100
AcDbPolyline
 90
4
 70
1
 10
4556.0
 20
5968.9998
 10
4915.9998
 20
5968.9998
 10
4915.9998
 20
5973.0
 10
4556.0
 20
5973.0
  0
LWPOLYLINE
  5
6F1
330
17
100
AcDbEntity
  8
TOU
100
AcDbPolyline
 90
4
 70
1
 10
4614.0
 20
5834.0
 10
4862.0
 20
5834.0
 10
4862.0
 20
5970.9998
 10
4614.0
 20
5970.9998
  0
LWPOLYLINE
  5
6F2
330
17
100
AcDbEntity
  8
TOU
100
AcDbPolyline
 90
4
 70
1
 10
4708.2
 20
5701.0
 10
4767.7998
 20
5701.0
 10
4767.7998
 20
5717.9998
 10
4708.2
 20
5717.9998
  0
LWPOLYLINE
  5
6F3
330
17
100
AcDbEntity
  8
TOU
100
AcDbPolyline
 90
4
 70
1
 10
4607.0
 20
5638.0
 10
4664.9998
 20
5638.0
 10
4664.9998
 20
5715.9998
 10
4607.0
 20
5715.9998
  0
LWPOLYLINE
  5
6F4
330
17
100
AcDbEntity
  8
TOU
100
AcDbPolyline
 90
4
 70
1
 10
4607.0
 20
5638.0
 10
4664.9998
 20
5638.0
 10
4664.9998
 20
5715.9998
 10
4607.0
 20
5715.9998
  0
LWPOLYLINE
  5
6F5
330
17
100
AcDbEntity
  8
TOU
100
AcDbPolyline
 90
4
 70
1
 10
5686.0005
 20
5715.9998
 10
6086.0
 20
5715.9998
 10
6086.0
 20
6066.0
 10
5686.0005
 20
6066.0
  0
LWPOLYLINE
  5
6F6
330
17
100
AcDbEntity
  8
TOU
100
AcDbPolyline
 90
4
 70
1
 10
5714.0
 20
6066.0
 10
5738.0005
 20
6066.0
 10
5738.0005
 20
6115.9998
 10
5714.0
 20
6115.9998
  0
LWPOLYLINE
  5
6F7
330
17
100
AcDbEntity
  8
TOU
100
AcDbPolyline
 90
4
 70
1
 10
5714.0
 20
6066.0
 10
5738.0005
 20
6066.0
 10
5738.0005
 20
6115.9998
 10
5714.0
 20
6115.9998
  0
LWPOLYLINE
  5
6F8
330
17
100
AcDbEntity
  8
TOU
100
AcDbPolyline
 90
4
 70
1
 10
5814.0
 20
6066.0
 10
5838.0
 20
6066.0
 10
5838.0
 20
6115.9998
 10
5814.0
 20
6115.9998
  0
LWPOLYLINE
  5
6F9
330
17
100
AcDbEntity
  8
TOU
100
AcDbPolyline
 90
4
 70
1
 10
5814.0
 20
6066.0
 10
5838.0
 20
6066.0
 10
5838.0
 20
6115.9998
 10
5814.0
 20
6115.9998
  0
LWPOLYLINE
  5
6FA
330
17
100
AcDbEntity
  8
TOU
100
AcDbPolyline
 90
4
 70
1
 10
5934.0
 20
6066.0
 10
5958.0
 20
6066.0
 10
5958.0
 20
6115.9998
 10
5934.0
 20
6115.9998
  0
LWPOLYLINE
  5
6FB
330
17
100
AcDbEntity
  8
TOU
100
AcDbPolyline
 90
4
 70
1
 10
5934.0
 20
6066.0
 10
5958.0
 20
6066.0
 10
5958.0
 20
6115.9998
 10
5934.0
 20
6115.9998
  0
LWPOLYLINE
  5
6FC
330
17
100
AcDbEntity
  8
TOU
100
AcDbPolyline
 90
4
 70
1
 10
6034.0
 20
6066.0
 10
6058.0
 20
6066.0
 10
6058.0
 20
6115.9998
 10
6034.0
 20
6115.9998
  0
LWPOLYLINE
  5
6FD
330
17
100
AcDbEntity
  8
TOU
100
AcDbPolyline
 90
4
 70
1
 10
6034.0
 20
6066.0
 10
6058.0
 20
6066.0
 10
6058.0
 20
6115.9998
 10
6034.0
 20
6115.9998
  0
LWPOLYLINE
  5
6FE
330
17
100
AcDbEntity
  8
TOU
100
AcDbPolyline
 90
4
 70
1
 10
5876.0
 20
6066.0
 10
5896.0
 20
6066.0
 10
5896.0
 20
6156.0
 10
5876.0
 20
6156.0
  0
LWPOLYLINE
  5
6FF
330
17
100
AcDbEntity
  8
TOU
100
AcDbPolyline
 90
4
 70
1
 10
5876.0
 20
6066.0
 10
5896.0
 20
6066.0
 10
5896.0
 20
6156.0
 10
5876.0
 20
6156.0
  0
LWPOLYLINE
  5
700
330
17
100
AcDbEntity
  8
TOU
100
AcDbPolyline
 90
4
 70
1
 10
5876.0
 20
6066.0
 10
5896.0
 20
6066.0
 10
5896.0
 20
6156.0
 10
5876.0
 20
6156.0
  0
LWPOLYLINE
  5
701
330
17
100
AcDbEntity
  8
TOU
100
AcDbPolyline
 90
4
 70
1
 10
5876.0
 20
6066.0
 10
5896.0
 20
6066.0
 10
5896.0
 20
6156.0
 10
5876.0
 20
6156.0
  0
LWPOLYLINE
  5
702
330
17
100
AcDbEntity
  8
TOU
100
AcDbPolyline
 90
4
 70
1
 10
5876.0
 20
6066.0
 10
5896.0
 20
6066.0
 10
5896.0
 20
6156.0
 10
5876.0
 20
6156.0
  0
LWPOLYLINE
  5
703
330
17
100
AcDbEntity
  8
TOU
100
AcDbPolyline
 90
4
 70
1
 10
5706.0
 20
5968.9998
 10
6066.0
 20
5968.9998
 10
6066.0
 20
5973.0
 10
5706.0
 20
5973.0
  0
LWPOLYLINE
  5
704
330
17
100
AcDbEntity
  8
TOU
100
AcDbPolyline
 90
4
 70
1
 10
5764.0
 20
5834.0
 10
6012.0
 20
5834.0
 10
6012.0
 20
5970.9998
 10
5764.0
 20
5970.9998
  0
LWPOLYLINE
  5
705
330
17
100
AcDbEntity
  8
TOU
100
AcDbPolyline
 90
4
 70
1
 10
5858.2002
 20
5701.0
 10
5917.7998
 20
5701.0
 10
5917.7998
 20
5717.9998
 10
5858.2002
 20
5717.9998
  0
LWPOLYLINE
  5
706
330
17
100
AcDbEntity
  8
TOU
100
AcDbPolyline
 90
4
 70
1
 10
5757.0
 20
5638.0
 10
5815.0
 20
5638.0
 10
5815.0
 20
5715.9998
 10
5757.0
 20
5715.9998
  0
LWPOLYLINE
  5
707
330
17
100
AcDbEntity
  8
TOU
100
AcDbPolyline
 90
4
 70
1
 10
5757.0
 20
5638.0
 10
5815.0
 20
5638.0
 10
5815.0
 20
5715.9998
 10
5757.0
 20
5715.9998
  0
LWPOLYLINE
  5
708
330
17
100
AcDbEntity
  8
TOU
100
AcDbPolyline
 90
4
 70
1
 10
8236.0
 20
5715.9998
 10
8635.9995
 20
5715.9998
 10
8635.9995
 20
6066.0
 10
8236.0
 20
6066.0
  0
LWPOLYLINE
  5
709
330
17
100
AcDbEntity
  8
TOU
100
AcDbPolyline
 90
4
 70
1
 10
8264.0
 20
6066.0
 10
8287.9995
 20
6066.0
 10
8287.9995
 20
6115.9998
 10
8264.0
 20
6115.9998
  0
LWPOLYLINE
  5
70A
330
17
100
AcDbEntity
  8
TOU
100
AcDbPolyline
 90
4
 70
1
 10
8264.0
 20
6066.0
 10
8287.9995
 20
6066.0
 10
8287.9995
 20
6115.9998
 10
8264.0
 20
6115.9998
  0
LWPOLYLINE
  5
70B
330
17
100
AcDbEntity
  8
TOU
100
AcDbPolyline
 90
4
 70
1
 10
8363.9995
 20
6066.0
 10
8388.0
 20
6066.0
 10
8388.0
 20
6115.9998
 10
8363.9995
 20
6115.9998
  0
LWPOLYLINE
  5
70C
330
17
100
AcDbEntity
  8
TOU
100
AcDbPolyline
 90
4
 70
1
 10
8363.9995
 20
6066.0
 10
8388.0
 20
6066.0
 10
8388.0
 20
6115.9998
 10
8363.9995
 20
6115.9998
  0
LWPOLYLINE
  5
70D
330
17
100
AcDbEntity
  8
TOU
100
AcDbPolyline
 90
4
 70
1
 10
8483.9995
 20
6066.0
 10
8508.0
 20
6066.0
 10
8508.0
 20
6115.9998
 10
8483.9995
 20
6115.9998
  0
LWPOLYLINE
  5
70E
330
17
100
AcDbEntity
  8
TOU
100
AcDbPolyline
 90
4
 70
1
 10
8483.9995
 20
6066.0
 10
8508.0
 20
6066.0
 10
8508.0
 20
6115.9998
 10
8483.9995
 20
6115.9998
  0
LWPOLYLINE
  5
70F
330
17
100
AcDbEntity
  8
TOU
100
AcDbPolyline
 90
4
 70
1
 10
8584.0
 20
6066.0
 10
8607.9995
 20
6066.0
 10
8607.9995
 20
6115.9998
 10
8584.0
 20
6115.9998
  0
LWPOLYLINE
  5
710
330
17
100
AcDbEntity
  8
TOU
100
AcDbPolyline
 90
4
 70
1
 10
8584.0
 20
6066.0
 10
8607.9995
 20
6066.0
 10
8607.9995
 20
6115.9998
 10
8584.0
 20
6115.9998
  0
LWPOLYLINE
  5
711
330
17
100
AcDbEntity
  8
TOU
100
AcDbPolyline
 90
4
 70
1
 10
8425.9995
 20
6066.0
 10
8446.0
 20
6066.0
 10
8446.0
 20
6156.0
 10
8425.9995
 20
6156.0
  0
LWPOLYLINE
  5
712
330
17
100
AcDbEntity
  8
TOU
100
AcDbPolyline
 90
4
 70
1
 10
8425.9995
 20
6066.0
 10
8446.0
 20
6066.0
 10
8446.0
 20
6156.0
 10
8425.9995
 20
6156.0
  0
LWPOLYLINE
  5
713
330
17
100
AcDbEntity
  8
TOU
100
AcDbPolyline
 90
4
 70
1
 10
8425.9995
 20
6066.0
 10
8446.0
 20
6066.0
 10
8446.0
 20
6156.0
 10
8425.9995
 20
6156.0
  0
LWPOLYLINE
  5
714
330
17
100
AcDbEntity
  8
TOU
100
AcDbPolyline
 90
4
 70
1
 10
8425.9995
 20
6066.0
 10
8446.0
 20
6066.0
 10
8446.0
 20
6156.0
 10
8425.9995
 20
6156.0
  0
LWPOLYLINE
  5
715
330
17
100
AcDbEntity
  8
TOU
100
AcDbPolyline
 90
4
 70
1
 10
8425.9995
 20
6066.0
 10
8446.0
 20
6066.0
 10
8446.0
 20
6156.0
 10
8425.9995
 20
6156.0
  0
LWPOLYLINE
  5
716
330
17
100
AcDbEntity
  8
TOU
100
AcDbPolyline
 90
4
 70
1
 10
8256.0
 20
5968.9998
 10
8615.9995
 20
5968.9998
 10
8615.9995
 20
5973.0
 10
8256.0
 20
5973.0
  0
LWPOLYLINE
  5
717
330
17
100
AcDbEntity
  8
TOU
100
AcDbPolyline
 90
4
 70
1
 10
8313.9995
 20
5834.0
 10
8561.9995
 20
5834.0
 10
8561.9995
 20
5970.9998
 10
8313.9995
 20
5970.9998
  0
LWPOLYLINE
  5
718
330
17
100
AcDbEntity
  8
TOU
100
AcDbPolyline
 90
4
 70
1
 10
8408.199700000001
 20
5701.0
 10
8467.7998
 20
5701.0
 10
8467.7998
 20
5717.9998
 10
8408.199700000001
 20
5717.9998
  0
LWPOLYLINE
  5
719
330
17
100
AcDbEntity
  8
TOU
100
AcDbPolyline
 90
4
 70
1
 10
8306.9995
 20
5638.0
 10
8364.9995
 20
5638.0
 10
8364.9995
 20
5715.9998
 10
8306.9995
 20
5715.9998
  0
LWPOLYLINE
  5
71A
330
17
100
AcDbEntity
  8
TOU
100
AcDbPolyline
 90
4
 70
1
 10
8306.9995
 20
5638.0
 10
8364.9995
 20
5638.0
 10
8364.9995
 20
5715.9998
 10
8306.9995
 20
5715.9998
  0
LWPOLYLINE
  5
71B
330
17
100
AcDbEntity
  8
TOU
100
AcDbPolyline
 90
4
 70
1
 10
9386.0
 20
5715.9998
 10
9786.0
 20
5715.9998
 10
9786.0
 20
6066.0
 10
9386.0
 20
6066.0
  0
LWPOLYLINE
  5
71C
330
17
100
AcDbEntity
  8
TOU
100
AcDbPolyline
 90
4
 70
1
 10
9414.0
 20
6066.0
 10
9438.0
 20
6066.0
 10
9438.0
 20
6115.9998
 10
9414.0
 20
6115.9998
  0
LWPOLYLINE
  5
71D
330
17
100
AcDbEntity
  8
TOU
100
AcDbPolyline
 90
4
 70
1
 10
9414.0
 20
6066.0
 10
9438.0
 20
6066.0
 10
9438.0
 20
6115.9998
 10
9414.0
 20
6115.9998
  0
LWPOLYLINE
  5
71E
330
17
100
AcDbEntity
  8
TOU
100
AcDbPolyline
 90
4
 70
1
 10
9514.0
 20
6066.0
 10
9538.0
 20
6066.0
 10
9538.0
 20
6115.9998
 10
9514.0
 20
6115.9998
  0
LWPOLYLINE
  5
71F
330
17
100
AcDbEntity
  8
TOU
100
AcDbPolyline
 90
4
 70
1
 10
9514.0
 20
6066.0
 10
9538.0
 20
6066.0
 10
9538.0
 20
6115.9998
 10
9514.0
 20
6115.9998
  0
LWPOLYLINE
  5
720
330
17
100
AcDbEntity
  8
TOU
100
AcDbPolyline
 90
4
 70
1
 10
9634.0
 20
6066.0
 10
9657.999
 20
6066.0
 10
9657.999
 20
6115.9998
 10
9634.0
 20
6115.9998
  0
LWPOLYLINE
  5
721
330
17
100
AcDbEntity
  8
TOU
100
AcDbPolyline
 90
4
 70
1
 10
9634.0
 20
6066.0
 10
9657.999
 20
6066.0
 10
9657.999
 20
6115.9998
 10
9634.0
 20
6115.9998
  0
LWPOLYLINE
  5
722
330
17
100
AcDbEntity
  8
TOU
100
AcDbPolyline
 90
4
 70
1
 10
9734.0
 20
6066.0
 10
9758.0
 20
6066.0
 10
9758.0
 20
6115.9998
 10
9734.0
 20
6115.9998
  0
LWPOLYLINE
  5
723
330
17
100
AcDbEntity
  8
TOU
100
AcDbPolyline
 90
4
 70
1
 10
9734.0
 20
6066.0
 10
9758.0
 20
6066.0
 10
9758.0
 20
6115.9998
 10
9734.0
 20
6115.9998
  0
LWPOLYLINE
  5
724
330
17
100
AcDbEntity
  8
TOU
100
AcDbPolyline
 90
4
 70
1
 10
9576.0
 20
6066.0
 10
9596.0
 20
6066.0
 10
9596.0
 20
6156.0
 10
9576.0
 20
6156.0
  0
LWPOLYLINE
  5
725
330
17
100
AcDbEntity
  8
TOU
100
AcDbPolyline
 90
4
 70
1
 10
9576.0
 20
6066.0
 10
9596.0
 20
6066.0
 10
9596.0
 20
6156.0
 10
9576.0
 20
6156.0
  0
LWPOLYLINE
  5
726
330
17
100
AcDbEntity
  8
TOU
100
AcDbPolyline
 90
4
 70
1
 10
9576.0
 20
6066.0
 10
9596.0
 20
6066.0
 10
9596.0
 20
6156.0
 10
9576.0
 20
6156.0
  0
LWPOLYLINE
  5
727
330
17
100
AcDbEntity
  8
TOU
100
AcDbPolyline
 90
4
 70
1
 10
9576.0
 20
6066.0
 10
9596.0
 20
6066.0
 10
9596.0
 20
6156.0
 10
9576.0
 20
6156.0
  0
LWPOLYLINE
  5
728
330
17
100
AcDbEntity
  8
TOU
100
AcDbPolyline
 90
4
 70
1
 10
9576.0
 20
6066.0
 10
9596.0
 20
6066.0
 10
9596.0
 20
6156.0
 10
9576.0
 20
6156.0
  0
LWPOLYLINE
  5
729
330
17
100
AcDbEntity
  8
TOU
100
AcDbPolyline
 90
4
 70
1
 10
9406.0
 20
5968.9998
 10
9766.0
 20
5968.9998
 10
9766.0
 20
5973.0
 10
9406.0
 20
5973.0
  0
LWPOLYLINE
  5
72A
330
17
100
AcDbEntity
  8
TOU
100
AcDbPolyline
 90
4
 70
1
 10
9464.0
 20
5834.0
 10
9712.0
 20
5834.0
 10
9712.0
 20
5970.9998
 10
9464.0
 20
5970.9998
  0
LWPOLYLINE
  5
72B
330
17
100
AcDbEntity
  8
TOU
100
AcDbPolyline
 90
4
 70
1
 10
9558.2002
 20
5701.0
 10
9617.7998
 20
5701.0
 10
9617.7998
 20
5717.9998
 10
9558.2002
 20
5717.9998
  0
LWPOLYLINE
  5
72C
330
17
100
AcDbEntity
  8
TOU
100
AcDbPolyline
 90
4
 70
1
 10
9457.0
 20
5638.0
 10
9515.0
 20
5638.0
 10
9515.0
 20
5715.9998
 10
9457.0
 20
5715.9998
  0
LWPOLYLINE
  5
72D
330
17
100
AcDbEntity
  8
TOU
100
AcDbPolyline
 90
4
 70
1
 10
9457.0
 20
5638.0
 10
9515.0
 20
5638.0
 10
9515.0
 20
5715.9998
 10
9457.0
 20
5715.9998
  0
LWPOLYLINE
  5
72E
330
17
100
AcDbEntity
  8
TOU
100
AcDbPolyline
 90
4
 70
1
 10
10536.001
 20
5715.9998
 10
10936.0
 20
5715.9998
 10
10936.0
 20
6066.0
 10
10536.001
 20
6066.0
  0
LWPOLYLINE
  5
72F
330
17
100
AcDbEntity
  8
TOU
100
AcDbPolyline
 90
4
 70
1
 10
10564.001
 20
6066.0
 10
10588.001
 20
6066.0
 10
10588.001
 20
6115.9998
 10
10564.001
 20
6115.9998
  0
LWPOLYLINE
  5
730
330
17
100
AcDbEntity
  8
TOU
100
AcDbPolyline
 90
4
 70
1
 10
10564.001
 20
6066.0
 10
10588.001
 20
6066.0
 10
10588.001
 20
6115.9998
 10
10564.001
 20
6115.9998
  0
LWPOLYLINE
  5
731
330
17
100
AcDbEntity
  8
TOU
100
AcDbPolyline
 90
4
 70
1
 10
10664.001
 20
6066.0
 10
10688.0
 20
6066.0
 10
10688.0
 20
6115.9998
 10
10664.001
 20
6115.9998
  0
LWPOLYLINE
  5
732
330
17
100
AcDbEntity
  8
TOU
100
AcDbPolyline
 90
4
 70
1
 10
10664.001
 20
6066.0
 10
10688.0
 20
6066.0
 10
10688.0
 20
6115.9998
 10
10664.001
 20
6115.9998
  0
LWPOLYLINE
  5
733
330
17
100
AcDbEntity
  8
TOU
100
AcDbPolyline
 90
4
 70
1
 10
10784.001
 20
6066.0
 10
10808.0
 20
6066.0
 10
10808.0
 20
6115.9998
 10
10784.001
 20
6115.9998
  0
LWPOLYLINE
  5
734
330
17
100
AcDbEntity
  8
TOU
100
AcDbPolyline
 90
4
 70
1
 10
10784.001
 20
6066.0
 10
10808.0
 20
6066.0
 10
10808.0
 20
6115.9998
 10
10784.001
 20
6115.9998
  0
LWPOLYLINE
  5
735
330
17
100
AcDbEntity
  8
TOU
100
AcDbPolyline
 90
4
 70
1
 10
10884.0
 20
6066.0
 10
10908.0
 20
6066.0
 10
10908.0
 20
6115.9998
 10
10884.0
 20
6115.9998
  0
LWPOLYLINE
  5
736
330
17
100
AcDbEntity
  8
TOU
100
AcDbPolyline
 90
4
 70
1
 10
10884.0
 20
6066.0
 10
10908.0
 20
6066.0
 10
10908.0
 20
6115.9998
 10
10884.0
 20
6115.9998
  0
LWPOLYLINE
  5
737
330
17
100
AcDbEntity
  8
TOU
100
AcDbPolyline
 90
4
 70
1
 10
10726.0
 20
6066.0
 10
10746.001
 20
6066.0
 10
10746.001
 20
6156.0
 10
10726.0
 20
6156.0
  0
LWPOLYLINE
  5
738
330
17
100
AcDbEntity
  8
TOU
100
AcDbPolyline
 90
4
 70
1
 10
10726.0
 20
6066.0
 10
10746.001
 20
6066.0
 10
10746.001
 20
6156.0
 10
10726.0
 20
6156.0
  0
LWPOLYLINE
  5
739
330
17
100
AcDbEntity
  8
TOU
100
AcDbPolyline
 90
4
 70
1
 10
10726.0
 20
6066.0
 10
10746.001
 20
6066.0
 10
10746.001
 20
6156.0
 10
10726.0
 20
6156.0
  0
LWPOLYLINE
  5
73A
330
17
100
AcDbEntity
  8
TOU
100
AcDbPolyline
 90
4
 70
1
 10
10726.0
 20
6066.0
 10
10746.001
 20
6066.0
 10
10746.001
 20
6156.0
 10
10726.0
 20
6156.0
  0
LWPOLYLINE
  5
73B
330
17
100
AcDbEntity
  8
TOU
100
AcDbPolyline
 90
4
 70
1
 10
10726.0
 20
6066.0
 10
10746.001
 20
6066.0
 10
10746.001
 20
6156.0
 10
10726.0
 20
6156.0
  0
LWPOLYLINE
  5
73C
330
17
100
AcDbEntity
  8
TOU
100
AcDbPolyline
 90
4
 70
1
 10
10556.0
 20
5968.9998
 10
10916.001
 20
5968.9998
 10
10916.001
 20
5973.0
 10
10556.0
 20
5973.0
  0
LWPOLYLINE
  5
73D
330
17
100
AcDbEntity
  8
TOU
100
AcDbPolyline
 90
4
 70
1
 10
10614.001
 20
5834.0
 10
10862.001
 20
5834.0
 10
10862.001
 20
5970.9998
 10
10614.001
 20
5970.9998
  0
LWPOLYLINE
  5
73E
330
17
100
AcDbEntity
  8
TOU
100
AcDbPolyline
 90
4
 70
1
 10
10708.2012
 20
5701.0
 10
10767.8008
 20
5701.0
 10
10767.8008
 20
5717.9998
 10
10708.2012
 20
5717.9998
  0
LWPOLYLINE
  5
73F
330
17
100
AcDbEntity
  8
TOU
100
AcDbPolyline
 90
4
 70
1
 10
10557.001
 20
5638.0
 10
10615.0
 20
5638.0
 10
10615.0
 20
5715.9998
 10
10557.001
 20
5715.9998
  0
LWPOLYLINE
  5
740
330
17
100
AcDbEntity
  8
TOU
100
AcDbPolyline
 90
4
 70
1
 10
10557.001
 20
5638.0
 10
10615.0
 20
5638.0
 10
10615.0
 20
5715.9998
 10
10557.001
 20
5715.9998
  0
LWPOLYLINE
  5
741
330
17
100
AcDbEntity
  8
TOU
100
AcDbPolyline
 90
4
 70
1
 10
11686.0
 20
5715.9998
 10
12086.0
 20
5715.9998
 10
12086.0
 20
6066.0
 10
11686.0
 20
6066.0
  0
LWPOLYLINE
  5
742
330
17
100
AcDbEntity
  8
TOU
100
AcDbPolyline
 90
4
 70
1
 10
11714.0
 20
6066.0
 10
11738.0
 20
6066.0
 10
11738.0
 20
6115.9998
 10
11714.0
 20
6115.9998
  0
LWPOLYLINE
  5
743
330
17
100
AcDbEntity
  8
TOU
100
AcDbPolyline
 90
4
 70
1
 10
11714.0
 20
6066.0
 10
11738.0
 20
6066.0
 10
11738.0
 20
6115.9998
 10
11714.0
 20
6115.9998
  0
LWPOLYLINE
  5
744
330
17
100
AcDbEntity
  8
TOU
100
AcDbPolyline
 90
4
 70
1
 10
11814.001
 20
6066.0
 10
11838.0
 20
6066.0
 10
11838.0
 20
6115.9998
 10
11814.001
 20
6115.9998
  0
LWPOLYLINE
  5
745
330
17
100
AcDbEntity
  8
TOU
100
AcDbPolyline
 90
4
 70
1
 10
11814.001
 20
6066.0
 10
11838.0
 20
6066.0
 10
11838.0
 20
6115.9998
 10
11814.001
 20
6115.9998
  0
LWPOLYLINE
  5
746
330
17
100
AcDbEntity
  8
TOU
100
AcDbPolyline
 90
4
 70
1
 10
11934.0
 20
6066.0
 10
11958.0
 20
6066.0
 10
11958.0
 20
6115.9998
 10
11934.0
 20
6115.9998
  0
LWPOLYLINE
  5
747
330
17
100
AcDbEntity
  8
TOU
100
AcDbPolyline
 90
4
 70
1
 10
11934.0
 20
6066.0
 10
11958.0
 20
6066.0
 10
11958.0
 20
6115.9998
 10
11934.0
 20
6115.9998
  0
LWPOLYLINE
  5
748
330
17
100
AcDbEntity
  8
TOU
100
AcDbPolyline
 90
4
 70
1
 10
12034.0
 20
6066.0
 10
12058.0
 20
6066.0
 10
12058.0
 20
6115.9998
 10
12034.0
 20
6115.9998
  0
LWPOLYLINE
  5
749
330
17
100
AcDbEntity
  8
TOU
100
AcDbPolyline
 90
4
 70
1
 10
12034.0
 20
6066.0
 10
12058.0
 20
6066.0
 10
12058.0
 20
6115.9998
 10
12034.0
 20
6115.9998
  0
LWPOLYLINE
  5
74A
330
17
100
AcDbEntity
  8
TOU
100
AcDbPolyline
 90
4
 70
1
 10
11876.0
 20
6066.0
 10
11896.0
 20
6066.0
 10
11896.0
 20
6156.0
 10
11876.0
 20
6156.0
  0
LWPOLYLINE
  5
74B
330
17
100
AcDbEntity
  8
TOU
100
AcDbPolyline
 90
4
 70
1
 10
11876.0
 20
6066.0
 10
11896.0
 20
6066.0
 10
11896.0
 20
6156.0
 10
11876.0
 20
6156.0
  0
LWPOLYLINE
  5
74C
330
17
100
AcDbEntity
  8
TOU
100
AcDbPolyline
 90
4
 70
1
 10
11876.0
 20
6066.0
 10
11896.0
 20
6066.0
 10
11896.0
 20
6156.0
 10
11876.0
 20
6156.0
  0
LWPOLYLINE
  5
74D
330
17
100
AcDbEntity
  8
TOU
100
AcDbPolyline
 90
4
 70
1
 10
11876.0
 20
6066.0
 10
11896.0
 20
6066.0
 10
11896.0
 20
6156.0
 10
11876.0
 20
6156.0
  0
LWPOLYLINE
  5
74E
330
17
100
AcDbEntity
  8
TOU
100
AcDbPolyline
 90
4
 70
1
 10
11876.0
 20
6066.0
 10
11896.0
 20
6066.0
 10
11896.0
 20
6156.0
 10
11876.0
 20
6156.0
  0
LWPOLYLINE
  5
74F
330
17
100
AcDbEntity
  8
TOU
100
AcDbPolyline
 90
4
 70
1
 10
11706.0
 20
5968.9998
 10
12066.0
 20
5968.9998
 10
12066.0
 20
5973.0
 10
11706.0
 20
5973.0
  0
LWPOLYLINE
  5
750
330
17
100
AcDbEntity
  8
TOU
100
AcDbPolyline
 90
4
 70
1
 10
11764.0
 20
5834.0
 10
12012.0
 20
5834.0
 10
12012.0
 20
5970.9998
 10
11764.0
 20
5970.9998
  0
LWPOLYLINE
  5
751
330
17
100
AcDbEntity
  8
TOU
100
AcDbPolyline
 90
4
 70
1
 10
11858.2002
 20
5701.0
 10
11917.8008
 20
5701.0
 10
11917.8008
 20
5717.9998
 10
11858.2002
 20
5717.9998
  0
LWPOLYLINE
  5
752
330
17
100
AcDbEntity
  8
TOU
100
AcDbPolyline
 90
4
 70
1
 10
11757.0
 20
5638.0
 10
11815.0
 20
5638.0
 10
11815.0
 20
5715.9998
 10
11757.0
 20
5715.9998
  0
LWPOLYLINE
  5
753
330
17
100
AcDbEntity
  8
TOU
100
AcDbPolyline
 90
4
 70
1
 10
11757.0
 20
5638.0
 10
11815.0
 20
5638.0
 10
11815.0
 20
5715.9998
 10
11757.0
 20
5715.9998
  0
LWPOLYLINE
  5
754
330
17
100
AcDbEntity
  8
TOU
100
AcDbPolyline
 90
4
 70
1
 10
2507.0
 20
5638.0
 10
2565.0
 20
5638.0
 10
2565.0
 20
5715.9998
 10
2507.0
 20
5715.9998
  0
LWPOLYLINE
  5
755
330
17
100
AcDbEntity
  8
TOU
100
AcDbPolyline
 90
4
 70
1
 10
2507.0
 20
5638.0
 10
2565.0
 20
5638.0
 10
2565.0
 20
5715.9998
 10
2507.0
 20
5715.9998
  0
LWPOLYLINE
  5
756
330
17
100
AcDbEntity
  8
TOU
100
AcDbPolyline
 90
4
 70
1
 10
3657.0002
 20
5638.0
 10
3715.0
 20
5638.0
 10
3715.0
 20
5715.9998
 10
3657.0002
 20
5715.9998
  0
LWPOLYLINE
  5
757
330
17
100
AcDbEntity
  8
TOU
100
AcDbPolyline
 90
4
 70
1
 10
3657.0002
 20
5638.0
 10
3715.0
 20
5638.0
 10
3715.0
 20
5715.9998
 10
3657.0002
 20
5715.9998
  0
LWPOLYLINE
  5
758
330
17
100
AcDbEntity
  8
TOU
100
AcDbPolyline
 90
4
 70
1
 10
4807.0
 20
5638.0
 10
4865.0002
 20
5638.0
 10
4865.0002
 20
5715.9998
 10
4807.0
 20
5715.9998
  0
LWPOLYLINE
  5
759
330
17
100
AcDbEntity
  8
TOU
100
AcDbPolyline
 90
4
 70
1
 10
4807.0
 20
5638.0
 10
4865.0002
 20
5638.0
 10
4865.0002
 20
5715.9998
 10
4807.0
 20
5715.9998
  0
LWPOLYLINE
  5
75A
330
17
100
AcDbEntity
  8
TOU
100
AcDbPolyline
 90
4
 70
1
 10
5957.0
 20
5638.0
 10
6015.0005
 20
5638.0
 10
6015.0005
 20
5715.9998
 10
5957.0
 20
5715.9998
  0
LWPOLYLINE
  5
75B
330
17
100
AcDbEntity
  8
TOU
100
AcDbPolyline
 90
4
 70
1
 10
5957.0
 20
5638.0
 10
6015.0005
 20
5638.0
 10
6015.0005
 20
5715.9998
 10
5957.0
 20
5715.9998
  0
LWPOLYLINE
  5
75C
330
17
100
AcDbEntity
  8
TOU
100
AcDbPolyline
 90
4
 70
1
 10
8507.0
 20
5638.0
 10
8565.0
 20
5638.0
 10
8565.0
 20
5715.9998
 10
8507.0
 20
5715.9998
  0
LWPOLYLINE
  5
75D
330
17
100
AcDbEntity
  8
TOU
100
AcDbPolyline
 90
4
 70
1
 10
8507.0
 20
5638.0
 10
8565.0
 20
5638.0
 10
8565.0
 20
5715.9998
 10
8507.0
 20
5715.9998
  0
LWPOLYLINE
  5
75E
330
17
100
AcDbEntity
  8
TOU
100
AcDbPolyline
 90
4
 70
1
 10
9657.0
 20
5638.0
 10
9715.0
 20
5638.0
 10
9715.0
 20
5715.9998
 10
9657.0
 20
5715.9998
  0
LWPOLYLINE
  5
75F
330
17
100
AcDbEntity
  8
TOU
100
AcDbPolyline
 90
4
 70
1
 10
9657.0
 20
5638.0
 10
9715.0
 20
5638.0
 10
9715.0
 20
5715.9998
 10
9657.0
 20
5715.9998
  0
LWPOLYLINE
  5
760
330
17
100
AcDbEntity
  8
TOU
100
AcDbPolyline
 90
4
 70
1
 10
10657.0
 20
5638.0
 10
10715.001
 20
5638.0
 10
10715.001
 20
5715.9998
 10
10657.0
 20
5715.9998
  0
LWPOLYLINE
  5
761
330
17
100
AcDbEntity
  8
TOU
100
AcDbPolyline
 90
4
 70
1
 10
10657.0
 20
5638.0
 10
10715.001
 20
5638.0
 10
10715.001
 20
5715.9998
 10
10657.0
 20
5715.9998
  0
LWPOLYLINE
  5
762
330
17
100
AcDbEntity
  8
TOU
100
AcDbPolyline
 90
4
 70
1
 10
11957.0
 20
5638.0
 10
12015.0
 20
5638.0
 10
12015.0
 20
5715.9998
 10
11957.0
 20
5715.9998
  0
LWPOLYLINE
  5
763
330
17
100
AcDbEntity
  8
TOU
100
AcDbPolyline
 90
4
 70
1
 10
11957.0
 20
5638.0
 10
12015.0
 20
5638.0
 10
12015.0
 20
5715.9998
 10
11957.0
 20
5715.9998
  0
LWPOLYLINE
  5
764
330
17
100
AcDbEntity
  8
STOU
100
AcDbPolyline
 90
4
 70
1
 10
1434.0
 20
5841.0
 10
1788.0
 20
5841.0
 10
1788.0
 20
6066.0
 10
1434.0
 20
6066.0
  0
LWPOLYLINE
  5
765
330
17
100
AcDbEntity
  8
STOU
100
AcDbPolyline
 90
4
 70
1
 10
1475.1
 20
6066.0
 10
1499.1
 20
6066.0
 10
1499.1
 20
6115.9998
 10
1475.1
 20
6115.9998
  0
LWPOLYLINE
  5
766
330
17
100
AcDbEntity
  8
STOU
100
AcDbPolyline
 90
4
 70
1
 10
1475.1
 20
6066.0
 10
1499.1
 20
6066.0
 10
1499.1
 20
6115.9998
 10
1475.1
 20
6115.9998
  0
LWPOLYLINE
  5
767
330
17
100
AcDbEntity
  8
STOU
100
AcDbPolyline
 90
4
 70
1
 10
1556.52
 20
6066.0
 10
1580.52
 20
6066.0
 10
1580.52
 20
6115.9998
 10
1556.52
 20
6115.9998
  0
LWPOLYLINE
  5
768
330
17
100
AcDbEntity
  8
STOU
100
AcDbPolyline
 90
4
 70
1
 10
1556.52
 20
6066.0
 10
1580.52
 20
6066.0
 10
1580.52
 20
6115.9998
 10
1556.52
 20
6115.9998
  0
LWPOLYLINE
  5
769
330
17
100
AcDbEntity
  8
STOU
100
AcDbPolyline
 90
4
 70
1
 10
1641.48
 20
6066.0
 10
1665.48
 20
6066.0
 10
1665.48
 20
6115.9998
 10
1641.48
 20
6115.9998
  0
LWPOLYLINE
  5
76A
330
17
100
AcDbEntity
  8
STOU
100
AcDbPolyline
 90
4
 70
1
 10
1641.48
 20
6066.0
 10
1665.48
 20
6066.0
 10
1665.48
 20
6115.9998
 10
1641.48
 20
6115.9998
  0
LWPOLYLINE
  5
76B
330
17
100
AcDbEntity
  8
STOU
100
AcDbPolyline
 90
4
 70
1
 10
1722.9
 20
6066.0
 10
1746.9
 20
6066.0
 10
1746.9
 20
6115.9998
 10
1722.9
 20
6115.9998
  0
LWPOLYLINE
  5
76C
330
17
100
AcDbEntity
  8
STOU
100
AcDbPolyline
 90
4
 70
1
 10
1722.9
 20
6066.0
 10
1746.9
 20
6066.0
 10
1746.9
 20
6115.9998
 10
1722.9
 20
6115.9998
  0
LWPOLYLINE
  5
76D
330
17
100
AcDbEntity
  8
STOU
100
AcDbPolyline
 90
4
 70
1
 10
1601.0
 20
6066.0
 10
1621.0
 20
6066.0
 10
1621.0
 20
6156.0
 10
1601.0
 20
6156.0
  0
LWPOLYLINE
  5
76E
330
17
100
AcDbEntity
  8
STOU
100
AcDbPolyline
 90
4
 70
1
 10
1601.0
 20
6066.0
 10
1621.0
 20
6066.0
 10
1621.0
 20
6156.0
 10
1601.0
 20
6156.0
  0
LWPOLYLINE
  5
76F
330
17
100
AcDbEntity
  8
STOU
100
AcDbPolyline
 90
4
 70
1
 10
1601.0
 20
6066.0
 10
1621.0
 20
6066.0
 10
1621.0
 20
6156.0
 10
1601.0
 20
6156.0
  0
LWPOLYLINE
  5
770
330
17
100
AcDbEntity
  8
STOU
100
AcDbPolyline
 90
4
 70
1
 10
1601.0
 20
6066.0
 10
1621.0
 20
6066.0
 10
1621.0
 20
6156.0
 10
1601.0
 20
6156.0
  0
LWPOLYLINE
  5
771
330
17
100
AcDbEntity
  8
STOU
100
AcDbPolyline
 90
4
 70
1
 10
1601.0
 20
6066.0
 10
1621.0
 20
6066.0
 10
1621.0
 20
6156.0
 10
1601.0
 20
6156.0
  0
LWPOLYLINE
  5
772
330
17
100
AcDbEntity
  8
STOU
100
AcDbPolyline
 90
4
 70
1
 10
1454.0
 20
5972.0
 10
1768.0
 20
5972.0
 10
1768.0
 20
5976.0
 10
1454.0
 20
5976.0
  0
LWPOLYLINE
  5
773
330
17
100
AcDbEntity
  8
STOU
100
AcDbPolyline
 90
4
 70
1
 10
1534.0
 20
5886.0
 10
1664.0
 20
5886.0
 10
1664.0
 20
5974.0
 10
1534.0
 20
5974.0
  0
LWPOLYLINE
  5
774
330
17
100
AcDbEntity
  8
STOU
100
AcDbPolyline
 90
4
 70
1
 10
1583.4
 20
5826.0
 10
1614.6
 20
5826.0
 10
1614.6
 20
5842.9998
 10
1583.4
 20
5842.9998
  0
LWPOLYLINE
  5
775
330
17
100
AcDbEntity
  8
STOU
100
AcDbPolyline
 90
4
 70
1
 10
1662.0
 20
5766.0
 10
1720.0001
 20
5766.0
 10
1720.0001
 20
5841.0
 10
1662.0
 20
5841.0
  0
LWPOLYLINE
  5
776
330
17
100
AcDbEntity
  8
STOU
100
AcDbPolyline
 90
4
 70
1
 10
2834.0
 20
5841.0
 10
3188.0
 20
5841.0
 10
3188.0
 20
6066.0
 10
2834.0
 20
6066.0
  0
LWPOLYLINE
  5
777
330
17
100
AcDbEntity
  8
STOU
100
AcDbPolyline
 90
4
 70
1
 10
2875.1001
 20
6066.0
 10
2899.1
 20
6066.0
 10
2899.1
 20
6115.9998
 10
2875.1001
 20
6115.9998
  0
LWPOLYLINE
  5
778
330
17
100
AcDbEntity
  8
STOU
100
AcDbPolyline
 90
4
 70
1
 10
2875.1001
 20
6066.0
 10
2899.1
 20
6066.0
 10
2899.1
 20
6115.9998
 10
2875.1001
 20
6115.9998
  0
LWPOLYLINE
  5
779
330
17
100
AcDbEntity
  8
STOU
100
AcDbPolyline
 90
4
 70
1
 10
2956.52
 20
6066.0
 10
2980.52
 20
6066.0
 10
2980.52
 20
6115.9998
 10
2956.52
 20
6115.9998
  0
LWPOLYLINE
  5
77A
330
17
100
AcDbEntity
  8
STOU
100
AcDbPolyline
 90
4
 70
1
 10
2956.52
 20
6066.0
 10
2980.52
 20
6066.0
 10
2980.52
 20
6115.9998
 10
2956.52
 20
6115.9998
  0
LWPOLYLINE
  5
77B
330
17
100
AcDbEntity
  8
STOU
100
AcDbPolyline
 90
4
 70
1
 10
3041.48
 20
6066.0
 10
3065.48
 20
6066.0
 10
3065.48
 20
6115.9998
 10
3041.48
 20
6115.9998
  0
LWPOLYLINE
  5
77C
330
17
100
AcDbEntity
  8
STOU
100
AcDbPolyline
 90
4
 70
1
 10
3041.48
 20
6066.0
 10
3065.48
 20
6066.0
 10
3065.48
 20
6115.9998
 10
3041.48
 20
6115.9998
  0
LWPOLYLINE
  5
77D
330
17
100
AcDbEntity
  8
STOU
100
AcDbPolyline
 90
4
 70
1
 10
3122.8999
 20
6066.0
 10
3146.9001
 20
6066.0
 10
3146.9001
 20
6115.9998
 10
3122.8999
 20
6115.9998
  0
LWPOLYLINE
  5
77E
330
17
100
AcDbEntity
  8
STOU
100
AcDbPolyline
 90
4
 70
1
 10
3122.8999
 20
6066.0
 10
3146.9001
 20
6066.0
 10
3146.9001
 20
6115.9998
 10
3122.8999
 20
6115.9998
  0
LWPOLYLINE
  5
77F
330
17
100
AcDbEntity
  8
STOU
100
AcDbPolyline
 90
4
 70
1
 10
3001.0
 20
6066.0
 10
3021.0
 20
6066.0
 10
3021.0
 20
6156.0
 10
3001.0
 20
6156.0
  0
LWPOLYLINE
  5
780
330
17
100
AcDbEntity
  8
STOU
100
AcDbPolyline
 90
4
 70
1
 10
3001.0
 20
6066.0
 10
3021.0
 20
6066.0
 10
3021.0
 20
6156.0
 10
3001.0
 20
6156.0
  0
LWPOLYLINE
  5
781
330
17
100
AcDbEntity
  8
STOU
100
AcDbPolyline
 90
4
 70
1
 10
3001.0
 20
6066.0
 10
3021.0
 20
6066.0
 10
3021.0
 20
6156.0
 10
3001.0
 20
6156.0
  0
LWPOLYLINE
  5
782
330
17
100
AcDbEntity
  8
STOU
100
AcDbPolyline
 90
4
 70
1
 10
3001.0
 20
6066.0
 10
3021.0
 20
6066.0
 10
3021.0
 20
6156.0
 10
3001.0
 20
6156.0
  0
LWPOLYLINE
  5
783
330
17
100
AcDbEntity
  8
STOU
100
AcDbPolyline
 90
4
 70
1
 10
3001.0
 20
6066.0
 10
3021.0
 20
6066.0
 10
3021.0
 20
6156.0
 10
3001.0
 20
6156.0
  0
LWPOLYLINE
  5
784
330
17
100
AcDbEntity
  8
STOU
100
AcDbPolyline
 90
4
 70
1
 10
2854.0
 20
5972.0
 10
3168.0
 20
5972.0
 10
3168.0
 20
5976.0
 10
2854.0
 20
5976.0
  0
LWPOLYLINE
  5
785
330
17
100
AcDbEntity
  8
STOU
100
AcDbPolyline
 90
4
 70
1
 10
2933.9999
 20
5886.0
 10
3064.0
 20
5886.0
 10
3064.0
 20
5974.0
 10
2933.9999
 20
5974.0
  0
LWPOLYLINE
  5
786
330
17
100
AcDbEntity
  8
STOU
100
AcDbPolyline
 90
4
 70
1
 10
2983.3999
 20
5826.0
 10
3014.5999
 20
5826.0
 10
3014.5999
 20
5842.9998
 10
2983.3999
 20
5842.9998
  0
LWPOLYLINE
  5
787
330
17
100
AcDbEntity
  8
STOU
100
AcDbPolyline
 90
4
 70
1
 10
3062.0002
 20
5766.0
 10
3120.0
 20
5766.0
 10
3120.0
 20
5841.0
 10
3062.0002
 20
5841.0
  0
LWPOLYLINE
  5
788
330
17
100
AcDbEntity
  8
STOU
100
AcDbPolyline
 90
4
 70
1
 10
3983.9998
 20
5841.0
 10
4337.9998
 20
5841.0
 10
4337.9998
 20
6066.0
 10
3983.9998
 20
6066.0
  0
LWPOLYLINE
  5
789
330
17
100
AcDbEntity
  8
STOU
100
AcDbPolyline
 90
4
 70
1
 10
4025.0999
 20
6066.0
 10
4049.0999
 20
6066.0
 10
4049.0999
 20
6115.9998
 10
4025.0999
 20
6115.9998
  0
LWPOLYLINE
  5
78A
330
17
100
AcDbEntity
  8
STOU
100
AcDbPolyline
 90
4
 70
1
 10
4025.0999
 20
6066.0
 10
4049.0999
 20
6066.0
 10
4049.0999
 20
6115.9998
 10
4025.0999
 20
6115.9998
  0
LWPOLYLINE
  5
78B
330
17
100
AcDbEntity
  8
STOU
100
AcDbPolyline
 90
4
 70
1
 10
4106.5198
 20
6066.0
 10
4130.5198
 20
6066.0
 10
4130.5198
 20
6115.9998
 10
4106.5198
 20
6115.9998
  0
LWPOLYLINE
  5
78C
330
17
100
AcDbEntity
  8
STOU
100
AcDbPolyline
 90
4
 70
1
 10
4106.5198
 20
6066.0
 10
4130.5198
 20
6066.0
 10
4130.5198
 20
6115.9998
 10
4106.5198
 20
6115.9998
  0
LWPOLYLINE
  5
78D
330
17
100
AcDbEntity
  8
STOU
100
AcDbPolyline
 90
4
 70
1
 10
4191.4797
 20
6066.0
 10
4215.4797
 20
6066.0
 10
4215.4797
 20
6115.9998
 10
4191.4797
 20
6115.9998
  0
LWPOLYLINE
  5
78E
330
17
100
AcDbEntity
  8
STOU
100
AcDbPolyline
 90
4
 70
1
 10
4191.4797
 20
6066.0
 10
4215.4797
 20
6066.0
 10
4215.4797
 20
6115.9998
 10
4191.4797
 20
6115.9998
  0
LWPOLYLINE
  5
78F
330
17
100
AcDbEntity
  8
STOU
100
AcDbPolyline
 90
4
 70
1
 10
4272.8997
 20
6066.0
 10
4296.8997
 20
6066.0
 10
4296.8997
 20
6115.9998
 10
4272.8997
 20
6115.9998
  0
LWPOLYLINE
  5
790
330
17
100
AcDbEntity
  8
STOU
100
AcDbPolyline
 90
4
 70
1
 10
4272.8997
 20
6066.0
 10
4296.8997
 20
6066.0
 10
4296.8997
 20
6115.9998
 10
4272.8997
 20
6115.9998
  0
LWPOLYLINE
  5
791
330
17
100
AcDbEntity
  8
STOU
100
AcDbPolyline
 90
4
 70
1
 10
4150.9998
 20
6066.0
 10
4171.0
 20
6066.0
 10
4171.0
 20
6156.0
 10
4150.9998
 20
6156.0
  0
LWPOLYLINE
  5
792
330
17
100
AcDbEntity
  8
STOU
100
AcDbPolyline
 90
4
 70
1
 10
4150.9998
 20
6066.0
 10
4171.0
 20
6066.0
 10
4171.0
 20
6156.0
 10
4150.9998
 20
6156.0
  0
LWPOLYLINE
  5
793
330
17
100
AcDbEntity
  8
STOU
100
AcDbPolyline
 90
4
 70
1
 10
4150.9998
 20
6066.0
 10
4171.0
 20
6066.0
 10
4171.0
 20
6156.0
 10
4150.9998
 20
6156.0
  0
LWPOLYLINE
  5
794
330
17
100
AcDbEntity
  8
STOU
100
AcDbPolyline
 90
4
 70
1
 10
4150.9998
 20
6066.0
 10
4171.0
 20
6066.0
 10
4171.0
 20
6156.0
 10
4150.9998
 20
6156.0
  0
LWPOLYLINE
  5
795
330
17
100
AcDbEntity
  8
STOU
100
AcDbPolyline
 90
4
 70
1
 10
4150.9998
 20
6066.0
 10
4171.0
 20
6066.0
 10
4171.0
 20
6156.0
 10
4150.9998
 20
6156.0
  0
LWPOLYLINE
  5
796
330
17
100
AcDbEntity
  8
STOU
100
AcDbPolyline
 90
4
 70
1
 10
4003.9998
 20
5972.0
 10
4317.9998
 20
5972.0
 10
4317.9998
 20
5976.0
 10
4003.9998
 20
5976.0
  0
LWPOLYLINE
  5
797
330
17
100
AcDbEntity
  8
STOU
100
AcDbPolyline
 90
4
 70
1
 10
4083.9998
 20
5886.0
 10
4214.0
 20
5886.0
 10
4214.0
 20
5974.0
 10
4083.9998
 20
5974.0
  0
LWPOLYLINE
  5
798
330
17
100
AcDbEntity
  8
STOU
100
AcDbPolyline
 90
4
 70
1
 10
4133.3999
 20
5826.0
 10
4164.5999
 20
5826.0
 10
4164.5999
 20
5842.9998
 10
4133.3999
 20
5842.9998
  0
LWPOLYLINE
  5
799
330
17
100
AcDbEntity
  8
STOU
100
AcDbPolyline
 90
4
 70
1
 10
4002.0
 20
5766.0
 10
4059.9998
 20
5766.0
 10
4059.9998
 20
5841.0
 10
4002.0
 20
5841.0
  0
LWPOLYLINE
  5
79A
330
17
100
AcDbEntity
  8
STOU
100
AcDbPolyline
 90
4
 70
1
 10
5133.9995
 20
5841.0
 10
5488.0
 20
5841.0
 10
5488.0
 20
6066.0
 10
5133.9995
 20
6066.0
  0
LWPOLYLINE
  5
79B
330
17
100
AcDbEntity
  8
STOU
100
AcDbPolyline
 90
4
 70
1
 10
5175.0996
 20
6066.0
 10
5199.1001
 20
6066.0
 10
5199.1001
 20
6115.9998
 10
5175.0996
 20
6115.9998
  0
LWPOLYLINE
  5
79C
330
17
100
AcDbEntity
  8
STOU
100
AcDbPolyline
 90
4
 70
1
 10
5175.0996
 20
6066.0
 10
5199.1001
 20
6066.0
 10
5199.1001
 20
6115.9998
 10
5175.0996
 20
6115.9998
  0
LWPOLYLINE
  5
79D
330
17
100
AcDbEntity
  8
STOU
100
AcDbPolyline
 90
4
 70
1
 10
5256.5195
 20
6066.0
 10
5280.52
 20
6066.0
 10
5280.52
 20
6115.9998
 10
5256.5195
 20
6115.9998
  0
LWPOLYLINE
  5
79E
330
17
100
AcDbEntity
  8
STOU
100
AcDbPolyline
 90
4
 70
1
 10
5256.5195
 20
6066.0
 10
5280.52
 20
6066.0
 10
5280.52
 20
6115.9998
 10
5256.5195
 20
6115.9998
  0
LWPOLYLINE
  5
79F
330
17
100
AcDbEntity
  8
STOU
100
AcDbPolyline
 90
4
 70
1
 10
5341.4795
 20
6066.0
 10
5365.48
 20
6066.0
 10
5365.48
 20
6115.9998
 10
5341.4795
 20
6115.9998
  0
LWPOLYLINE
  5
7A0
330
17
100
AcDbEntity
  8
STOU
100
AcDbPolyline
 90
4
 70
1
 10
5341.4795
 20
6066.0
 10
5365.48
 20
6066.0
 10
5365.48
 20
6115.9998
 10
5341.4795
 20
6115.9998
  0
LWPOLYLINE
  5
7A1
330
17
100
AcDbEntity
  8
STOU
100
AcDbPolyline
 90
4
 70
1
 10
5422.8994
 20
6066.0
 10
5446.8999
 20
6066.0
 10
5446.8999
 20
6115.9998
 10
5422.8994
 20
6115.9998
  0
LWPOLYLINE
  5
7A2
330
17
100
AcDbEntity
  8
STOU
100
AcDbPolyline
 90
4
 70
1
 10
5422.8994
 20
6066.0
 10
5446.8999
 20
6066.0
 10
5446.8999
 20
6115.9998
 10
5422.8994
 20
6115.9998
  0
LWPOLYLINE
  5
7A3
330
17
100
AcDbEntity
  8
STOU
100
AcDbPolyline
 90
4
 70
1
 10
5301.0
 20
6066.0
 10
5321.0
 20
6066.0
 10
5321.0
 20
6156.0
 10
5301.0
 20
6156.0
  0
LWPOLYLINE
  5
7A4
330
17
100
AcDbEntity
  8
STOU
100
AcDbPolyline
 90
4
 70
1
 10
5301.0
 20
6066.0
 10
5321.0
 20
6066.0
 10
5321.0
 20
6156.0
 10
5301.0
 20
6156.0
  0
LWPOLYLINE
  5
7A5
330
17
100
AcDbEntity
  8
STOU
100
AcDbPolyline
 90
4
 70
1
 10
5301.0
 20
6066.0
 10
5321.0
 20
6066.0
 10
5321.0
 20
6156.0
 10
5301.0
 20
6156.0
  0
LWPOLYLINE
  5
7A6
330
17
100
AcDbEntity
  8
STOU
100
AcDbPolyline
 90
4
 70
1
 10
5301.0
 20
6066.0
 10
5321.0
 20
6066.0
 10
5321.0
 20
6156.0
 10
5301.0
 20
6156.0
  0
LWPOLYLINE
  5
7A7
330
17
100
AcDbEntity
  8
STOU
100
AcDbPolyline
 90
4
 70
1
 10
5301.0
 20
6066.0
 10
5321.0
 20
6066.0
 10
5321.0
 20
6156.0
 10
5301.0
 20
6156.0
  0
LWPOLYLINE
  5
7A8
330
17
100
AcDbEntity
  8
STOU
100
AcDbPolyline
 90
4
 70
1
 10
5153.9995
 20
5972.0
 10
5468.0
 20
5972.0
 10
5468.0
 20
5976.0
 10
5153.9995
 20
5976.0
  0
LWPOLYLINE
  5
7A9
330
17
100
AcDbEntity
  8
STOU
100
AcDbPolyline
 90
4
 70
1
 10
5233.9995
 20
5886.0
 10
5363.9995
 20
5886.0
 10
5363.9995
 20
5974.0
 10
5233.9995
 20
5974.0
  0
LWPOLYLINE
  5
7AA
330
17
100
AcDbEntity
  8
STOU
100
AcDbPolyline
 90
4
 70
1
 10
5283.3999
 20
5826.0
 10
5314.6001
 20
5826.0
 10
5314.6001
 20
5842.9998
 10
5283.3999
 20
5842.9998
  0
LWPOLYLINE
  5
7AB
330
17
100
AcDbEntity
  8
STOU
100
AcDbPolyline
 90
4
 70
1
 10
5362.0
 20
5766.0
 10
5420.0
 20
5766.0
 10
5420.0
 20
5841.0
 10
5362.0
 20
5841.0
  0
LWPOLYLINE
  5
7AC
330
17
100
AcDbEntity
  8
STOU
100
AcDbPolyline
 90
4
 70
1
 10
6384.0
 20
5841.0
 10
6738.0
 20
5841.0
 10
6738.0
 20
6066.0
 10
6384.0
 20
6066.0
  0
LWPOLYLINE
  5
7AD
330
17
100
AcDbEntity
  8
STOU
100
AcDbPolyline
 90
4
 70
1
 10
6425.1001
 20
6066.0
 10
6449.1001
 20
6066.0
 10
6449.1001
 20
6115.9998
 10
6425.1001
 20
6115.9998
  0
LWPOLYLINE
  5
7AE
330
17
100
AcDbEntity
  8
STOU
100
AcDbPolyline
 90
4
 70
1
 10
6425.1001
 20
6066.0
 10
6449.1001
 20
6066.0
 10
6449.1001
 20
6115.9998
 10
6425.1001
 20
6115.9998
  0
LWPOLYLINE
  5
7AF
330
17
100
AcDbEntity
  8
STOU
100
AcDbPolyline
 90
4
 70
1
 10
6506.52
 20
6066.0
 10
6530.52
 20
6066.0
 10
6530.52
 20
6115.9998
 10
6506.52
 20
6115.9998
  0
LWPOLYLINE
  5
7B0
330
17
100
AcDbEntity
  8
STOU
100
AcDbPolyline
 90
4
 70
1
 10
6506.52
 20
6066.0
 10
6530.52
 20
6066.0
 10
6530.52
 20
6115.9998
 10
6506.52
 20
6115.9998
  0
LWPOLYLINE
  5
7B1
330
17
100
AcDbEntity
  8
STOU
100
AcDbPolyline
 90
4
 70
1
 10
6591.48
 20
6066.0
 10
6615.48
 20
6066.0
 10
6615.48
 20
6115.9998
 10
6591.48
 20
6115.9998
  0
LWPOLYLINE
  5
7B2
330
17
100
AcDbEntity
  8
STOU
100
AcDbPolyline
 90
4
 70
1
 10
6591.48
 20
6066.0
 10
6615.48
 20
6066.0
 10
6615.48
 20
6115.9998
 10
6591.48
 20
6115.9998
  0
LWPOLYLINE
  5
7B3
330
17
100
AcDbEntity
  8
STOU
100
AcDbPolyline
 90
4
 70
1
 10
6672.8999
 20
6066.0
 10
6696.8999
 20
6066.0
 10
6696.8999
 20
6115.9998
 10
6672.8999
 20
6115.9998
  0
LWPOLYLINE
  5
7B4
330
17
100
AcDbEntity
  8
STOU
100
AcDbPolyline
 90
4
 70
1
 10
6672.8999
 20
6066.0
 10
6696.8999
 20
6066.0
 10
6696.8999
 20
6115.9998
 10
6672.8999
 20
6115.9998
  0
LWPOLYLINE
  5
7B5
330
17
100
AcDbEntity
  8
STOU
100
AcDbPolyline
 90
4
 70
1
 10
6551.0
 20
6066.0
 10
6571.0
 20
6066.0
 10
6571.0
 20
6156.0
 10
6551.0
 20
6156.0
  0
LWPOLYLINE
  5
7B6
330
17
100
AcDbEntity
  8
STOU
100
AcDbPolyline
 90
4
 70
1
 10
6551.0
 20
6066.0
 10
6571.0
 20
6066.0
 10
6571.0
 20
6156.0
 10
6551.0
 20
6156.0
  0
LWPOLYLINE
  5
7B7
330
17
100
AcDbEntity
  8
STOU
100
AcDbPolyline
 90
4
 70
1
 10
6551.0
 20
6066.0
 10
6571.0
 20
6066.0
 10
6571.0
 20
6156.0
 10
6551.0
 20
6156.0
  0
LWPOLYLINE
  5
7B8
330
17
100
AcDbEntity
  8
STOU
100
AcDbPolyline
 90
4
 70
1
 10
6551.0
 20
6066.0
 10
6571.0
 20
6066.0
 10
6571.0
 20
6156.0
 10
6551.0
 20
6156.0
  0
LWPOLYLINE
  5
7B9
330
17
100
AcDbEntity
  8
STOU
100
AcDbPolyline
 90
4
 70
1
 10
6551.0
 20
6066.0
 10
6571.0
 20
6066.0
 10
6571.0
 20
6156.0
 10
6551.0
 20
6156.0
  0
LWPOLYLINE
  5
7BA
330
17
100
AcDbEntity
  8
STOU
100
AcDbPolyline
 90
4
 70
1
 10
6404.0
 20
5972.0
 10
6718.0
 20
5972.0
 10
6718.0
 20
5976.0
 10
6404.0
 20
5976.0
  0
LWPOLYLINE
  5
7BB
330
17
100
AcDbEntity
  8
STOU
100
AcDbPolyline
 90
4
 70
1
 10
6484.0
 20
5886.0
 10
6614.0
 20
5886.0
 10
6614.0
 20
5974.0
 10
6484.0
 20
5974.0
  0
LWPOLYLINE
  5
7BC
330
17
100
AcDbEntity
  8
STOU
100
AcDbPolyline
 90
4
 70
1
 10
6533.3999
 20
5826.0
 10
6564.6001
 20
5826.0
 10
6564.6001
 20
5842.9998
 10
6533.3999
 20
5842.9998
  0
LWPOLYLINE
  5
7BD
330
17
100
AcDbEntity
  8
STOU
100
AcDbPolyline
 90
4
 70
1
 10
6612.0
 20
5766.0
 10
6670.0
 20
5766.0
 10
6670.0
 20
5841.0
 10
6612.0
 20
5841.0
  0
LWPOLYLINE
  5
7BE
330
17
100
AcDbEntity
  8
STOU
100
AcDbPolyline
 90
4
 70
1
 10
6984.0
 20
5841.0
 10
7338.0
 20
5841.0
 10
7338.0
 20
6066.0
 10
6984.0
 20
6066.0
  0
LWPOLYLINE
  5
7BF
330
17
100
AcDbEntity
  8
STOU
100
AcDbPolyline
 90
4
 70
1
 10
7025.1001
 20
6066.0
 10
7049.0996
 20
6066.0
 10
7049.0996
 20
6115.9998
 10
7025.1001
 20
6115.9998
  0
LWPOLYLINE
  5
7C0
330
17
100
AcDbEntity
  8
STOU
100
AcDbPolyline
 90
4
 70
1
 10
7025.1001
 20
6066.0
 10
7049.0996
 20
6066.0
 10
7049.0996
 20
6115.9998
 10
7025.1001
 20
6115.9998
  0
LWPOLYLINE
  5
7C1
330
17
100
AcDbEntity
  8
STOU
100
AcDbPolyline
 90
4
 70
1
 10
7106.52
 20
6066.0
 10
7130.5195
 20
6066.0
 10
7130.5195
 20
6115.9998
 10
7106.52
 20
6115.9998
  0
LWPOLYLINE
  5
7C2
330
17
100
AcDbEntity
  8
STOU
100
AcDbPolyline
 90
4
 70
1
 10
7106.52
 20
6066.0
 10
7130.5195
 20
6066.0
 10
7130.5195
 20
6115.9998
 10
7106.52
 20
6115.9998
  0
LWPOLYLINE
  5
7C3
330
17
100
AcDbEntity
  8
STOU
100
AcDbPolyline
 90
4
 70
1
 10
7191.48
 20
6066.0
 10
7215.4805
 20
6066.0
 10
7215.4805
 20
6115.9998
 10
7191.48
 20
6115.9998
  0
LWPOLYLINE
  5
7C4
330
17
100
AcDbEntity
  8
STOU
100
AcDbPolyline
 90
4
 70
1
 10
7191.48
 20
6066.0
 10
7215.4805
 20
6066.0
 10
7215.4805
 20
6115.9998
 10
7191.48
 20
6115.9998
  0
LWPOLYLINE
  5
7C5
330
17
100
AcDbEntity
  8
STOU
100
AcDbPolyline
 90
4
 70
1
 10
7272.8999
 20
6066.0
 10
7296.9004
 20
6066.0
 10
7296.9004
 20
6115.9998
 10
7272.8999
 20
6115.9998
  0
LWPOLYLINE
  5
7C6
330
17
100
AcDbEntity
  8
STOU
100
AcDbPolyline
 90
4
 70
1
 10
7272.8999
 20
6066.0
 10
7296.9004
 20
6066.0
 10
7296.9004
 20
6115.9998
 10
7272.8999
 20
6115.9998
  0
LWPOLYLINE
  5
7C7
330
17
100
AcDbEntity
  8
STOU
100
AcDbPolyline
 90
4
 70
1
 10
7151.0
 20
6066.0
 10
7171.0
 20
6066.0
 10
7171.0
 20
6156.0
 10
7151.0
 20
6156.0
  0
LWPOLYLINE
  5
7C8
330
17
100
AcDbEntity
  8
STOU
100
AcDbPolyline
 90
4
 70
1
 10
7151.0
 20
6066.0
 10
7171.0
 20
6066.0
 10
7171.0
 20
6156.0
 10
7151.0
 20
6156.0
  0
LWPOLYLINE
  5
7C9
330
17
100
AcDbEntity
  8
STOU
100
AcDbPolyline
 90
4
 70
1
 10
7151.0
 20
6066.0
 10
7171.0
 20
6066.0
 10
7171.0
 20
6156.0
 10
7151.0
 20
6156.0
  0
LWPOLYLINE
  5
7CA
330
17
100
AcDbEntity
  8
STOU
100
AcDbPolyline
 90
4
 70
1
 10
7151.0
 20
6066.0
 10
7171.0
 20
6066.0
 10
7171.0
 20
6156.0
 10
7151.0
 20
6156.0
  0
LWPOLYLINE
  5
7CB
330
17
100
AcDbEntity
  8
STOU
100
AcDbPolyline
 90
4
 70
1
 10
7151.0
 20
6066.0
 10
7171.0
 20
6066.0
 10
7171.0
 20
6156.0
 10
7151.0
 20
6156.0
  0
LWPOLYLINE
  5
7CC
330
17
100
AcDbEntity
  8
STOU
100
AcDbPolyline
 90
4
 70
1
 10
7004.0
 20
5972.0
 10
7318.0
 20
5972.0
 10
7318.0
 20
5976.0
 10
7004.0
 20
5976.0
  0
LWPOLYLINE
  5
7CD
330
17
100
AcDbEntity
  8
STOU
100
AcDbPolyline
 90
4
 70
1
 10
7084.0
 20
5886.0
 10
7214.0
 20
5886.0
 10
7214.0
 20
5974.0
 10
7084.0
 20
5974.0
  0
LWPOLYLINE
  5
7CE
330
17
100
AcDbEntity
  8
STOU
100
AcDbPolyline
 90
4
 70
1
 10
7133.3999
 20
5826.0
 10
7164.5996
 20
5826.0
 10
7164.5996
 20
5842.9998
 10
7133.3999
 20
5842.9998
  0
LWPOLYLINE
  5
7CF
330
17
100
AcDbEntity
  8
STOU
100
AcDbPolyline
 90
4
 70
1
 10
7212.0005
 20
5766.0
 10
7270.0005
 20
5766.0
 10
7270.0005
 20
5841.0
 10
7212.0005
 20
5841.0
  0
LWPOLYLINE
  5
7D0
330
17
100
AcDbEntity
  8
STOU
100
AcDbPolyline
 90
4
 70
1
 10
7584.0
 20
5841.0
 10
7938.0
 20
5841.0
 10
7938.0
 20
6066.0
 10
7584.0
 20
6066.0
  0
LWPOLYLINE
  5
7D1
330
17
100
AcDbEntity
  8
STOU
100
AcDbPolyline
 90
4
 70
1
 10
7625.1001
 20
6066.0
 10
7649.1001
 20
6066.0
 10
7649.1001
 20
6115.9998
 10
7625.1001
 20
6115.9998
  0
LWPOLYLINE
  5
7D2
330
17
100
AcDbEntity
  8
STOU
100
AcDbPolyline
 90
4
 70
1
 10
7625.1001
 20
6066.0
 10
7649.1001
 20
6066.0
 10
7649.1001
 20
6115.9998
 10
7625.1001
 20
6115.9998
  0
LWPOLYLINE
  5
7D3
330
17
100
AcDbEntity
  8
STOU
100
AcDbPolyline
 90
4
 70
1
 10
7706.5205
 20
6066.0
 10
7730.52
 20
6066.0
 10
7730.52
 20
6115.9998
 10
7706.5205
 20
6115.9998
  0
LWPOLYLINE
  5
7D4
330
17
100
AcDbEntity
  8
STOU
100
AcDbPolyline
 90
4
 70
1
 10
7706.5205
 20
6066.0
 10
7730.52
 20
6066.0
 10
7730.52
 20
6115.9998
 10
7706.5205
 20
6115.9998
  0
LWPOLYLINE
  5
7D5
330
17
100
AcDbEntity
  8
STOU
100
AcDbPolyline
 90
4
 70
1
 10
7791.4805
 20
6066.0
 10
7815.48
 20
6066.0
 10
7815.48
 20
6115.9998
 10
7791.4805
 20
6115.9998
  0
LWPOLYLINE
  5
7D6
330
17
100
AcDbEntity
  8
STOU
100
AcDbPolyline
 90
4
 70
1
 10
7791.4805
 20
6066.0
 10
7815.48
 20
6066.0
 10
7815.48
 20
6115.9998
 10
7791.4805
 20
6115.9998
  0
LWPOLYLINE
  5
7D7
330
17
100
AcDbEntity
  8
STOU
100
AcDbPolyline
 90
4
 70
1
 10
7872.9004
 20
6066.0
 10
7896.8999
 20
6066.0
 10
7896.8999
 20
6115.9998
 10
7872.9004
 20
6115.9998
  0
LWPOLYLINE
  5
7D8
330
17
100
AcDbEntity
  8
STOU
100
AcDbPolyline
 90
4
 70
1
 10
7872.9004
 20
6066.0
 10
7896.8999
 20
6066.0
 10
7896.8999
 20
6115.9998
 10
7872.9004
 20
6115.9998
  0
LWPOLYLINE
  5
7D9
330
17
100
AcDbEntity
  8
STOU
100
AcDbPolyline
 90
4
 70
1
 10
7751.0005
 20
6066.0
 10
7771.0005
 20
6066.0
 10
7771.0005
 20
6156.0
 10
7751.0005
 20
6156.0
  0
LWPOLYLINE
  5
7DA
330
17
100
AcDbEntity
  8
STOU
100
AcDbPolyline
 90
4
 70
1
 10
7751.0005
 20
6066.0
 10
7771.0005
 20
6066.0
 10
7771.0005
 20
6156.0
 10
7751.0005
 20
6156.0
  0
LWPOLYLINE
  5
7DB
330
17
100
AcDbEntity
  8
STOU
100
AcDbPolyline
 90
4
 70
1
 10
7751.0005
 20
6066.0
 10
7771.0005
 20
6066.0
 10
7771.0005
 20
6156.0
 10
7751.0005
 20
6156.0
  0
LWPOLYLINE
  5
7DC
330
17
100
AcDbEntity
  8
STOU
100
AcDbPolyline
 90
4
 70
1
 10
7751.0005
 20
6066.0
 10
7771.0005
 20
6066.0
 10
7771.0005
 20
6156.0
 10
7751.0005
 20
6156.0
  0
LWPOLYLINE
  5
7DD
330
17
100
AcDbEntity
  8
STOU
100
AcDbPolyline
 90
4
 70
1
 10
7751.0005
 20
6066.0
 10
7771.0005
 20
6066.0
 10
7771.0005
 20
6156.0
 10
7751.0005
 20
6156.0
  0
LWPOLYLINE
  5
7DE
330
17
100
AcDbEntity
  8
STOU
100
AcDbPolyline
 90
4
 70
1
 10
7604.0
 20
5972.0
 10
7918.0
 20
5972.0
 10
7918.0
 20
5976.0
 10
7604.0
 20
5976.0
  0
LWPOLYLINE
  5
7DF
330
17
100
AcDbEntity
  8
STOU
100
AcDbPolyline
 90
4
 70
1
 10
7684.0005
 20
5886.0
 10
7814.0
 20
5886.0
 10
7814.0
 20
5974.0
 10
7684.0005
 20
5974.0
  0
LWPOLYLINE
  5
7E0
330
17
100
AcDbEntity
  8
STOU
100
AcDbPolyline
 90
4
 70
1
 10
7733.4004
 20
5826.0
 10
7764.6001
 20
5826.0
 10
7764.6001
 20
5842.9998
 10
7733.4004
 20
5842.9998
  0
LWPOLYLINE
  5
7E1
330
17
100
AcDbEntity
  8
STOU
100
AcDbPolyline
 90
4
 70
1
 10
7812.0
 20
5766.0
 10
7870.0005
 20
5766.0
 10
7870.0005
 20
5841.0
 10
7812.0
 20
5841.0
  0
LWPOLYLINE
  5
7E2
330
17
100
AcDbEntity
  8
STOU
100
AcDbPolyline
 90
4
 70
1
 10
8834.0
 20
5841.0
 10
9188.0
 20
5841.0
 10
9188.0
 20
6066.0
 10
8834.0
 20
6066.0
  0
LWPOLYLINE
  5
7E3
330
17
100
AcDbEntity
  8
STOU
100
AcDbPolyline
 90
4
 70
1
 10
8875.1001
 20
6066.0
 10
8899.1001
 20
6066.0
 10
8899.1001
 20
6115.9998
 10
8875.1001
 20
6115.9998
  0
LWPOLYLINE
  5
7E4
330
17
100
AcDbEntity
  8
STOU
100
AcDbPolyline
 90
4
 70
1
 10
8875.1001
 20
6066.0
 10
8899.1001
 20
6066.0
 10
8899.1001
 20
6115.9998
 10
8875.1001
 20
6115.9998
  0
LWPOLYLINE
  5
7E5
330
17
100
AcDbEntity
  8
STOU
100
AcDbPolyline
 90
4
 70
1
 10
8956.520499999999
 20
6066.0
 10
8980.5195
 20
6066.0
 10
8980.5195
 20
6115.9998
 10
8956.520499999999
 20
6115.9998
  0
LWPOLYLINE
  5
7E6
330
17
100
AcDbEntity
  8
STOU
100
AcDbPolyline
 90
4
 70
1
 10
8956.520499999999
 20
6066.0
 10
8980.5195
 20
6066.0
 10
8980.5195
 20
6115.9998
 10
8956.520499999999
 20
6115.9998
  0
LWPOLYLINE
  5
7E7
330
17
100
AcDbEntity
  8
STOU
100
AcDbPolyline
 90
4
 70
1
 10
9041.4805
 20
6066.0
 10
9065.479500000001
 20
6066.0
 10
9065.479500000001
 20
6115.9998
 10
9041.4805
 20
6115.9998
  0
LWPOLYLINE
  5
7E8
330
17
100
AcDbEntity
  8
STOU
100
AcDbPolyline
 90
4
 70
1
 10
9041.4805
 20
6066.0
 10
9065.479500000001
 20
6066.0
 10
9065.479500000001
 20
6115.9998
 10
9041.4805
 20
6115.9998
  0
LWPOLYLINE
  5
7E9
330
17
100
AcDbEntity
  8
STOU
100
AcDbPolyline
 90
4
 70
1
 10
9122.9004
 20
6066.0
 10
9146.8994
 20
6066.0
 10
9146.8994
 20
6115.9998
 10
9122.9004
 20
6115.9998
  0
LWPOLYLINE
  5
7EA
330
17
100
AcDbEntity
  8
STOU
100
AcDbPolyline
 90
4
 70
1
 10
9122.9004
 20
6066.0
 10
9146.8994
 20
6066.0
 10
9146.8994
 20
6115.9998
 10
9122.9004
 20
6115.9998
  0
LWPOLYLINE
  5
7EB
330
17
100
AcDbEntity
  8
STOU
100
AcDbPolyline
 90
4
 70
1
 10
9001.0
 20
6066.0
 10
9021.0005
 20
6066.0
 10
9021.0005
 20
6156.0
 10
9001.0
 20
6156.0
  0
LWPOLYLINE
  5
7EC
330
17
100
AcDbEntity
  8
STOU
100
AcDbPolyline
 90
4
 70
1
 10
9001.0
 20
6066.0
 10
9021.0005
 20
6066.0
 10
9021.0005
 20
6156.0
 10
9001.0
 20
6156.0
  0
LWPOLYLINE
  5
7ED
330
17
100
AcDbEntity
  8
STOU
100
AcDbPolyline
 90
4
 70
1
 10
9001.0
 20
6066.0
 10
9021.0005
 20
6066.0
 10
9021.0005
 20
6156.0
 10
9001.0
 20
6156.0
  0
LWPOLYLINE
  5
7EE
330
17
100
AcDbEntity
  8
STOU
100
AcDbPolyline
 90
4
 70
1
 10
9001.0
 20
6066.0
 10
9021.0005
 20
6066.0
 10
9021.0005
 20
6156.0
 10
9001.0
 20
6156.0
  0
LWPOLYLINE
  5
7EF
330
17
100
AcDbEntity
  8
STOU
100
AcDbPolyline
 90
4
 70
1
 10
9001.0
 20
6066.0
 10
9021.0005
 20
6066.0
 10
9021.0005
 20
6156.0
 10
9001.0
 20
6156.0
  0
LWPOLYLINE
  5
7F0
330
17
100
AcDbEntity
  8
STOU
100
AcDbPolyline
 90
4
 70
1
 10
8854.0
 20
5972.0
 10
9168.0
 20
5972.0
 10
9168.0
 20
5976.0
 10
8854.0
 20
5976.0
  0
LWPOLYLINE
  5
7F1
330
17
100
AcDbEntity
  8
STOU
100
AcDbPolyline
 90
4
 70
1
 10
8934.0005
 20
5886.0
 10
9063.9995
 20
5886.0
 10
9063.9995
 20
5974.0
 10
8934.0005
 20
5974.0
  0
LWPOLYLINE
  5
7F2
330
17
100
AcDbEntity
  8
STOU
100
AcDbPolyline
 90
4
 70
1
 10
8983.3999
 20
5826.0
 10
9014.6001
 20
5826.0
 10
9014.6001
 20
5842.9998
 10
8983.3999
 20
5842.9998
  0
LWPOLYLINE
  5
7F3
330
17
100
AcDbEntity
  8
STOU
100
AcDbPolyline
 90
4
 70
1
 10
9061.9995
 20
5766.0
 10
9120.0
 20
5766.0
 10
9120.0
 20
5841.0
 10
9061.9995
 20
5841.0
  0
LWPOLYLINE
  5
7F4
330
17
100
AcDbEntity
  8
STOU
100
AcDbPolyline
 90
4
 70
1
 10
9984.0
 20
5841.0
 10
10338.0
 20
5841.0
 10
10338.0
 20
6066.0
 10
9984.0
 20
6066.0
  0
LWPOLYLINE
  5
7F5
330
17
100
AcDbEntity
  8
STOU
100
AcDbPolyline
 90
4
 70
1
 10
10025.1006
 20
6066.0
 10
10049.0996
 20
6066.0
 10
10049.0996
 20
6115.9998
 10
10025.1006
 20
6115.9998
  0
LWPOLYLINE
  5
7F6
330
17
100
AcDbEntity
  8
STOU
100
AcDbPolyline
 90
4
 70
1
 10
10025.1006
 20
6066.0
 10
10049.0996
 20
6066.0
 10
10049.0996
 20
6115.9998
 10
10025.1006
 20
6115.9998
  0
LWPOLYLINE
  5
7F7
330
17
100
AcDbEntity
  8
STOU
100
AcDbPolyline
 90
4
 70
1
 10
10106.5205
 20
6066.0
 10
10130.5205
 20
6066.0
 10
10130.5205
 20
6115.9998
 10
10106.5205
 20
6115.9998
  0
LWPOLYLINE
  5
7F8
330
17
100
AcDbEntity
  8
STOU
100
AcDbPolyline
 90
4
 70
1
 10
10106.5205
 20
6066.0
 10
10130.5205
 20
6066.0
 10
10130.5205
 20
6115.9998
 10
10106.5205
 20
6115.9998
  0
LWPOLYLINE
  5
7F9
330
17
100
AcDbEntity
  8
STOU
100
AcDbPolyline
 90
4
 70
1
 10
10191.4805
 20
6066.0
 10
10215.4805
 20
6066.0
 10
10215.4805
 20
6115.9998
 10
10191.4805
 20
6115.9998
  0
LWPOLYLINE
  5
7FA
330
17
100
AcDbEntity
  8
STOU
100
AcDbPolyline
 90
4
 70
1
 10
10191.4805
 20
6066.0
 10
10215.4805
 20
6066.0
 10
10215.4805
 20
6115.9998
 10
10191.4805
 20
6115.9998
  0
LWPOLYLINE
  5
7FB
330
17
100
AcDbEntity
  8
STOU
100
AcDbPolyline
 90
4
 70
1
 10
10272.9004
 20
6066.0
 10
10296.9004
 20
6066.0
 10
10296.9004
 20
6115.9998
 10
10272.9004
 20
6115.9998
  0
LWPOLYLINE
  5
7FC
330
17
100
AcDbEntity
  8
STOU
100
AcDbPolyline
 90
4
 70
1
 10
10272.9004
 20
6066.0
 10
10296.9004
 20
6066.0
 10
10296.9004
 20
6115.9998
 10
10272.9004
 20
6115.9998
  0
LWPOLYLINE
  5
7FD
330
17
100
AcDbEntity
  8
STOU
100
AcDbPolyline
 90
4
 70
1
 10
10150.999
 20
6066.0
 10
10171.0
 20
6066.0
 10
10171.0
 20
6156.0
 10
10150.999
 20
6156.0
  0
LWPOLYLINE
  5
7FE
330
17
100
AcDbEntity
  8
STOU
100
AcDbPolyline
 90
4
 70
1
 10
10150.999
 20
6066.0
 10
10171.0
 20
6066.0
 10
10171.0
 20
6156.0
 10
10150.999
 20
6156.0
  0
LWPOLYLINE
  5
7FF
330
17
100
AcDbEntity
  8
STOU
100
AcDbPolyline
 90
4
 70
1
 10
10150.999
 20
6066.0
 10
10171.0
 20
6066.0
 10
10171.0
 20
6156.0
 10
10150.999
 20
6156.0
  0
LWPOLYLINE
  5
800
330
17
100
AcDbEntity
  8
STOU
100
AcDbPolyline
 90
4
 70
1
 10
10150.999
 20
6066.0
 10
10171.0
 20
6066.0
 10
10171.0
 20
6156.0
 10
10150.999
 20
6156.0
  0
LWPOLYLINE
  5
801
330
17
100
AcDbEntity
  8
STOU
100
AcDbPolyline
 90
4
 70
1
 10
10150.999
 20
6066.0
 10
10171.0
 20
6066.0
 10
10171.0
 20
6156.0
 10
10150.999
 20
6156.0
  0
LWPOLYLINE
  5
802
330
17
100
AcDbEntity
  8
STOU
100
AcDbPolyline
 90
4
 70
1
 10
10004.0
 20
5972.0
 10
10318.0
 20
5972.0
 10
10318.0
 20
5976.0
 10
10004.0
 20
5976.0
  0
LWPOLYLINE
  5
803
330
17
100
AcDbEntity
  8
STOU
100
AcDbPolyline
 90
4
 70
1
 10
10084.0
 20
5886.0
 10
10214.0
 20
5886.0
 10
10214.0
 20
5974.0
 10
10084.0
 20
5974.0
  0
LWPOLYLINE
  5
804
330
17
100
AcDbEntity
  8
STOU
100
AcDbPolyline
 90
4
 70
1
 10
10133.3994
 20
5826.0
 10
10164.5996
 20
5826.0
 10
10164.5996
 20
5842.9998
 10
10133.3994
 20
5842.9998
  0
LWPOLYLINE
  5
805
330
17
100
AcDbEntity
  8
STOU
100
AcDbPolyline
 90
4
 70
1
 10
10211.999
 20
5766.0
 10
10270.0
 20
5766.0
 10
10270.0
 20
5841.0
 10
10211.999
 20
5841.0
  0
LWPOLYLINE
  5
806
330
17
100
AcDbEntity
  8
STOU
100
AcDbPolyline
 90
4
 70
1
 10
11134.0
 20
5841.0
 10
11488.0
 20
5841.0
 10
11488.0
 20
6066.0
 10
11134.0
 20
6066.0
  0
LWPOLYLINE
  5
807
330
17
100
AcDbEntity
  8
STOU
100
AcDbPolyline
 90
4
 70
1
 10
11175.1006
 20
6066.0
 10
11199.0996
 20
6066.0
 10
11199.0996
 20
6115.9998
 10
11175.1006
 20
6115.9998
  0
LWPOLYLINE
  5
808
330
17
100
AcDbEntity
  8
STOU
100
AcDbPolyline
 90
4
 70
1
 10
11175.1006
 20
6066.0
 10
11199.0996
 20
6066.0
 10
11199.0996
 20
6115.9998
 10
11175.1006
 20
6115.9998
  0
LWPOLYLINE
  5
809
330
17
100
AcDbEntity
  8
STOU
100
AcDbPolyline
 90
4
 70
1
 10
11256.5205
 20
6066.0
 10
11280.5195
 20
6066.0
 10
11280.5195
 20
6115.9998
 10
11256.5205
 20
6115.9998
  0
LWPOLYLINE
  5
80A
330
17
100
AcDbEntity
  8
STOU
100
AcDbPolyline
 90
4
 70
1
 10
11256.5205
 20
6066.0
 10
11280.5195
 20
6066.0
 10
11280.5195
 20
6115.9998
 10
11256.5205
 20
6115.9998
  0
LWPOLYLINE
  5
80B
330
17
100
AcDbEntity
  8
STOU
100
AcDbPolyline
 90
4
 70
1
 10
11341.4805
 20
6066.0
 10
11365.4795
 20
6066.0
 10
11365.4795
 20
6115.9998
 10
11341.4805
 20
6115.9998
  0
LWPOLYLINE
  5
80C
330
17
100
AcDbEntity
  8
STOU
100
AcDbPolyline
 90
4
 70
1
 10
11341.4805
 20
6066.0
 10
11365.4795
 20
6066.0
 10
11365.4795
 20
6115.9998
 10
11341.4805
 20
6115.9998
  0
LWPOLYLINE
  5
80D
330
17
100
AcDbEntity
  8
STOU
100
AcDbPolyline
 90
4
 70
1
 10
11422.9004
 20
6066.0
 10
11446.8994
 20
6066.0
 10
11446.8994
 20
6115.9998
 10
11422.9004
 20
6115.9998
  0
LWPOLYLINE
  5
80E
330
17
100
AcDbEntity
  8
STOU
100
AcDbPolyline
 90
4
 70
1
 10
11422.9004
 20
6066.0
 10
11446.8994
 20
6066.0
 10
11446.8994
 20
6115.9998
 10
11422.9004
 20
6115.9998
  0
LWPOLYLINE
  5
80F
330
17
100
AcDbEntity
  8
STOU
100
AcDbPolyline
 90
4
 70
1
 10
11301.0
 20
6066.0
 10
11321.0
 20
6066.0
 10
11321.0
 20
6156.0
 10
11301.0
 20
6156.0
  0
LWPOLYLINE
  5
810
330
17
100
AcDbEntity
  8
STOU
100
AcDbPolyline
 90
4
 70
1
 10
11301.0
 20
6066.0
 10
11321.0
 20
6066.0
 10
11321.0
 20
6156.0
 10
11301.0
 20
6156.0
  0
LWPOLYLINE
  5
811
330
17
100
AcDbEntity
  8
STOU
100
AcDbPolyline
 90
4
 70
1
 10
11301.0
 20
6066.0
 10
11321.0
 20
6066.0
 10
11321.0
 20
6156.0
 10
11301.0
 20
6156.0
  0
LWPOLYLINE
  5
812
330
17
100
AcDbEntity
  8
STOU
100
AcDbPolyline
 90
4
 70
1
 10
11301.0
 20
6066.0
 10
11321.0
 20
6066.0
 10
11321.0
 20
6156.0
 10
11301.0
 20
6156.0
  0
LWPOLYLINE
  5
813
330
17
100
AcDbEntity
  8
STOU
100
AcDbPolyline
 90
4
 70
1
 10
11301.0
 20
6066.0
 10
11321.0
 20
6066.0
 10
11321.0
 20
6156.0
 10
11301.0
 20
6156.0
  0
LWPOLYLINE
  5
814
330
17
100
AcDbEntity
  8
STOU
100
AcDbPolyline
 90
4
 70
1
 10
11154.001
 20
5972.0
 10
11468.0
 20
5972.0
 10
11468.0
 20
5976.0
 10
11154.001
 20
5976.0
  0
LWPOLYLINE
  5
815
330
17
100
AcDbEntity
  8
STOU
100
AcDbPolyline
 90
4
 70
1
 10
11234.001
 20
5886.0
 10
11364.001
 20
5886.0
 10
11364.001
 20
5974.0
 10
11234.001
 20
5974.0
  0
LWPOLYLINE
  5
816
330
17
100
AcDbEntity
  8
STOU
100
AcDbPolyline
 90
4
 70
1
 10
11283.4004
 20
5826.0
 10
11314.6006
 20
5826.0
 10
11314.6006
 20
5842.9998
 10
11283.4004
 20
5842.9998
  0
LWPOLYLINE
  5
817
330
17
100
AcDbEntity
  8
STOU
100
AcDbPolyline
 90
4
 70
1
 10
11362.0
 20
5766.0
 10
11420.0
 20
5766.0
 10
11420.0
 20
5841.0
 10
11362.0
 20
5841.0
  0
LWPOLYLINE
  5
818
330
17
100
AcDbEntity
  8
STOU
100
AcDbPolyline
 90
4
 70
1
 10
12534.0
 20
5841.0
 10
12888.0
 20
5841.0
 10
12888.0
 20
6066.0
 10
12534.0
 20
6066.0
  0
LWPOLYLINE
  5
819
330
17
100
AcDbEntity
  8
STOU
100
AcDbPolyline
 90
4
 70
1
 10
12575.1006
 20
6066.0
 10
12599.0996
 20
6066.0
 10
12599.0996
 20
6115.9998
 10
12575.1006
 20
6115.9998
  0
LWPOLYLINE
  5
81A
330
17
100
AcDbEntity
  8
STOU
100
AcDbPolyline
 90
4
 70
1
 10
12575.1006
 20
6066.0
 10
12599.0996
 20
6066.0
 10
12599.0996
 20
6115.9998
 10
12575.1006
 20
6115.9998
  0
LWPOLYLINE
  5
81B
330
17
100
AcDbEntity
  8
STOU
100
AcDbPolyline
 90
4
 70
1
 10
12656.5205
 20
6066.0
 10
12680.5195
 20
6066.0
 10
12680.5195
 20
6115.9998
 10
12656.5205
 20
6115.9998
  0
LWPOLYLINE
  5
81C
330
17
100
AcDbEntity
  8
STOU
100
AcDbPolyline
 90
4
 70
1
 10
12656.5205
 20
6066.0
 10
12680.5195
 20
6066.0
 10
12680.5195
 20
6115.9998
 10
12656.5205
 20
6115.9998
  0
LWPOLYLINE
  5
81D
330
17
100
AcDbEntity
  8
STOU
100
AcDbPolyline
 90
4
 70
1
 10
12741.4805
 20
6066.0
 10
12765.4795
 20
6066.0
 10
12765.4795
 20
6115.9998
 10
12741.4805
 20
6115.9998
  0
LWPOLYLINE
  5
81E
330
17
100
AcDbEntity
  8
STOU
100
AcDbPolyline
 90
4
 70
1
 10
12741.4805
 20
6066.0
 10
12765.4795
 20
6066.0
 10
12765.4795
 20
6115.9998
 10
12741.4805
 20
6115.9998
  0
LWPOLYLINE
  5
81F
330
17
100
AcDbEntity
  8
STOU
100
AcDbPolyline
 90
4
 70
1
 10
12822.9004
 20
6066.0
 10
12846.8994
 20
6066.0
 10
12846.8994
 20
6115.9998
 10
12822.9004
 20
6115.9998
  0
LWPOLYLINE
  5
820
330
17
100
AcDbEntity
  8
STOU
100
AcDbPolyline
 90
4
 70
1
 10
12822.9004
 20
6066.0
 10
12846.8994
 20
6066.0
 10
12846.8994
 20
6115.9998
 10
12822.9004
 20
6115.9998
  0
LWPOLYLINE
  5
821
330
17
100
AcDbEntity
  8
STOU
100
AcDbPolyline
 90
4
 70
1
 10
12701.0
 20
6066.0
 10
12721.0
 20
6066.0
 10
12721.0
 20
6156.0
 10
12701.0
 20
6156.0
  0
LWPOLYLINE
  5
822
330
17
100
AcDbEntity
  8
STOU
100
AcDbPolyline
 90
4
 70
1
 10
12701.0
 20
6066.0
 10
12721.0
 20
6066.0
 10
12721.0
 20
6156.0
 10
12701.0
 20
6156.0
  0
LWPOLYLINE
  5
823
330
17
100
AcDbEntity
  8
STOU
100
AcDbPolyline
 90
4
 70
1
 10
12701.0
 20
6066.0
 10
12721.0
 20
6066.0
 10
12721.0
 20
6156.0
 10
12701.0
 20
6156.0
  0
LWPOLYLINE
  5
824
330
17
100
AcDbEntity
  8
STOU
100
AcDbPolyline
 90
4
 70
1
 10
12701.0
 20
6066.0
 10
12721.0
 20
6066.0
 10
12721.0
 20
6156.0
 10
12701.0
 20
6156.0
  0
LWPOLYLINE
  5
825
330
17
100
AcDbEntity
  8
STOU
100
AcDbPolyline
 90
4
 70
1
 10
12701.0
 20
6066.0
 10
12721.0
 20
6066.0
 10
12721.0
 20
6156.0
 10
12701.0
 20
6156.0
  0
LWPOLYLINE
  5
826
330
17
100
AcDbEntity
  8
STOU
100
AcDbPolyline
 90
4
 70
1
 10
12554.0
 20
5972.0
 10
12867.999
 20
5972.0
 10
12867.999
 20
5976.0
 10
12554.0
 20
5976.0
  0
LWPOLYLINE
  5
827
330
17
100
AcDbEntity
  8
STOU
100
AcDbPolyline
 90
4
 70
1
 10
12634.0
 20
5886.0
 10
12764.0
 20
5886.0
 10
12764.0
 20
5974.0
 10
12634.0
 20
5974.0
  0
LWPOLYLINE
  5
828
330
17
100
AcDbEntity
  8
STOU
100
AcDbPolyline
 90
4
 70
1
 10
12683.3994
 20
5826.0
 10
12714.5996
 20
5826.0
 10
12714.5996
 20
5842.9998
 10
12683.3994
 20
5842.9998
  0
LWPOLYLINE
  5
829
330
17
100
AcDbEntity
  8
STOU
100
AcDbPolyline
 90
4
 70
1
 10
12762.0
 20
5766.0
 10
12820.0
 20
5766.0
 10
12820.0
 20
5841.0
 10
12762.0
 20
5841.0
  0
LWPOLYLINE
  5
82A
330
17
100
AcDbEntity
  8
STOU
100
AcDbPolyline
 90
4
 70
1
 10
12923.0
 20
5841.0
 10
13277.0
 20
5841.0
 10
13277.0
 20
6066.0
 10
12923.0
 20
6066.0
  0
LWPOLYLINE
  5
82B
330
17
100
AcDbEntity
  8
STOU
100
AcDbPolyline
 90
4
 70
1
 10
12964.1006
 20
6066.0
 10
12988.1006
 20
6066.0
 10
12988.1006
 20
6115.9998
 10
12964.1006
 20
6115.9998
  0
LWPOLYLINE
  5
82C
330
17
100
AcDbEntity
  8
STOU
100
AcDbPolyline
 90
4
 70
1
 10
12964.1006
 20
6066.0
 10
12988.1006
 20
6066.0
 10
12988.1006
 20
6115.9998
 10
12964.1006
 20
6115.9998
  0
LWPOLYLINE
  5
82D
330
17
100
AcDbEntity
  8
STOU
100
AcDbPolyline
 90
4
 70
1
 10
13045.5205
 20
6066.0
 10
13069.5205
 20
6066.0
 10
13069.5205
 20
6115.9998
 10
13045.5205
 20
6115.9998
  0
LWPOLYLINE
  5
82E
330
17
100
AcDbEntity
  8
STOU
100
AcDbPolyline
 90
4
 70
1
 10
13045.5205
 20
6066.0
 10
13069.5205
 20
6066.0
 10
13069.5205
 20
6115.9998
 10
13045.5205
 20
6115.9998
  0
LWPOLYLINE
  5
82F
330
17
100
AcDbEntity
  8
STOU
100
AcDbPolyline
 90
4
 70
1
 10
13130.4805
 20
6066.0
 10
13154.4805
 20
6066.0
 10
13154.4805
 20
6115.9998
 10
13130.4805
 20
6115.9998
  0
LWPOLYLINE
  5
830
330
17
100
AcDbEntity
  8
STOU
100
AcDbPolyline
 90
4
 70
1
 10
13130.4805
 20
6066.0
 10
13154.4805
 20
6066.0
 10
13154.4805
 20
6115.9998
 10
13130.4805
 20
6115.9998
  0
LWPOLYLINE
  5
831
330
17
100
AcDbEntity
  8
STOU
100
AcDbPolyline
 90
4
 70
1
 10
13211.9004
 20
6066.0
 10
13235.9004
 20
6066.0
 10
13235.9004
 20
6115.9998
 10
13211.9004
 20
6115.9998
  0
LWPOLYLINE
  5
832
330
17
100
AcDbEntity
  8
STOU
100
AcDbPolyline
 90
4
 70
1
 10
13211.9004
 20
6066.0
 10
13235.9004
 20
6066.0
 10
13235.9004
 20
6115.9998
 10
13211.9004
 20
6115.9998
  0
LWPOLYLINE
  5
833
330
17
100
AcDbEntity
  8
STOU
100
AcDbPolyline
 90
4
 70
1
 10
13090.0
 20
6066.0
 10
13110.0
 20
6066.0
 10
13110.0
 20
6156.0
 10
13090.0
 20
6156.0
  0
LWPOLYLINE
  5
834
330
17
100
AcDbEntity
  8
STOU
100
AcDbPolyline
 90
4
 70
1
 10
13090.0
 20
6066.0
 10
13110.0
 20
6066.0
 10
13110.0
 20
6156.0
 10
13090.0
 20
6156.0
  0
LWPOLYLINE
  5
835
330
17
100
AcDbEntity
  8
STOU
100
AcDbPolyline
 90
4
 70
1
 10
13090.0
 20
6066.0
 10
13110.0
 20
6066.0
 10
13110.0
 20
6156.0
 10
13090.0
 20
6156.0
  0
LWPOLYLINE
  5
836
330
17
100
AcDbEntity
  8
STOU
100
AcDbPolyline
 90
4
 70
1
 10
13090.0
 20
6066.0
 10
13110.0
 20
6066.0
 10
13110.0
 20
6156.0
 10
13090.0
 20
6156.0
  0
LWPOLYLINE
  5
837
330
17
100
AcDbEntity
  8
STOU
100
AcDbPolyline
 90
4
 70
1
 10
13090.0
 20
6066.0
 10
13110.0
 20
6066.0
 10
13110.0
 20
6156.0
 10
13090.0
 20
6156.0
  0
LWPOLYLINE
  5
838
330
17
100
AcDbEntity
  8
STOU
100
AcDbPolyline
 90
4
 70
1
 10
12943.0
 20
5972.0
 10
13257.0
 20
5972.0
 10
13257.0
 20
5976.0
 10
12943.0
 20
5976.0
  0
LWPOLYLINE
  5
839
330
17
100
AcDbEntity
  8
STOU
100
AcDbPolyline
 90
4
 70
1
 10
13023.0
 20
5886.0
 10
13153.0
 20
5886.0
 10
13153.0
 20
5974.0
 10
13023.0
 20
5974.0
  0
LWPOLYLINE
  5
83A
330
17
100
AcDbEntity
  8
STOU
100
AcDbPolyline
 90
4
 70
1
 10
13072.4004
 20
5826.0
 10
13103.5996
 20
5826.0
 10
13103.5996
 20
5842.9998
 10
13072.4004
 20
5842.9998
  0
LWPOLYLINE
  5
83B
330
17
100
AcDbEntity
  8
STOU
100
AcDbPolyline
 90
4
 70
1
 10
13150.999
 20
5766.0
 10
13209.0
 20
5766.0
 10
13209.0
 20
5841.0
 10
13150.999
 20
5841.0
  0
LWPOLYLINE
  5
83C
330
17
100
AcDbEntity
  8
STOU
100
AcDbPolyline
 90
4
 70
1
 10
13373.0
 20
5841.0
 10
13727.0
 20
5841.0
 10
13727.0
 20
6066.0
 10
13373.0
 20
6066.0
  0
LWPOLYLINE
  5
83D
330
17
100
AcDbEntity
  8
STOU
100
AcDbPolyline
 90
4
 70
1
 10
13414.0996
 20
6066.0
 10
13438.0996
 20
6066.0
 10
13438.0996
 20
6115.9998
 10
13414.0996
 20
6115.9998
  0
LWPOLYLINE
  5
83E
330
17
100
AcDbEntity
  8
STOU
100
AcDbPolyline
 90
4
 70
1
 10
13414.0996
 20
6066.0
 10
13438.0996
 20
6066.0
 10
13438.0996
 20
6115.9998
 10
13414.0996
 20
6115.9998
  0
LWPOLYLINE
  5
83F
330
17
100
AcDbEntity
  8
STOU
100
AcDbPolyline
 90
4
 70
1
 10
13495.5
 20
6066.0
 10
13519.499
 20
6066.0
 10
13519.499
 20
6115.9998
 10
13495.5
 20
6115.9998
  0
LWPOLYLINE
  5
840
330
17
100
AcDbEntity
  8
STOU
100
AcDbPolyline
 90
4
 70
1
 10
13495.5
 20
6066.0
 10
13519.499
 20
6066.0
 10
13519.499
 20
6115.9998
 10
13495.5
 20
6115.9998
  0
LWPOLYLINE
  5
841
330
17
100
AcDbEntity
  8
STOU
100
AcDbPolyline
 90
4
 70
1
 10
13580.5
 20
6066.0
 10
13604.499
 20
6066.0
 10
13604.499
 20
6115.9998
 10
13580.5
 20
6115.9998
  0
LWPOLYLINE
  5
842
330
17
100
AcDbEntity
  8
STOU
100
AcDbPolyline
 90
4
 70
1
 10
13580.5
 20
6066.0
 10
13604.499
 20
6066.0
 10
13604.499
 20
6115.9998
 10
13580.5
 20
6115.9998
  0
LWPOLYLINE
  5
843
330
17
100
AcDbEntity
  8
STOU
100
AcDbPolyline
 90
4
 70
1
 10
13661.9004
 20
6066.0
 10
13685.8994
 20
6066.0
 10
13685.8994
 20
6115.9998
 10
13661.9004
 20
6115.9998
  0
LWPOLYLINE
  5
844
330
17
100
AcDbEntity
  8
STOU
100
AcDbPolyline
 90
4
 70
1
 10
13661.9004
 20
6066.0
 10
13685.8994
 20
6066.0
 10
13685.8994
 20
6115.9998
 10
13661.9004
 20
6115.9998
  0
LWPOLYLINE
  5
845
330
17
100
AcDbEntity
  8
STOU
100
AcDbPolyline
 90
4
 70
1
 10
13539.999
 20
6066.0
 10
13560.0
 20
6066.0
 10
13560.0
 20
6156.0
 10
13539.999
 20
6156.0
  0
LWPOLYLINE
  5
846
330
17
100
AcDbEntity
  8
STOU
100
AcDbPolyline
 90
4
 70
1
 10
13539.999
 20
6066.0
 10
13560.0
 20
6066.0
 10
13560.0
 20
6156.0
 10
13539.999
 20
6156.0
  0
LWPOLYLINE
  5
847
330
17
100
AcDbEntity
  8
STOU
100
AcDbPolyline
 90
4
 70
1
 10
13539.999
 20
6066.0
 10
13560.0
 20
6066.0
 10
13560.0
 20
6156.0
 10
13539.999
 20
6156.0
  0
LWPOLYLINE
  5
848
330
17
100
AcDbEntity
  8
STOU
100
AcDbPolyline
 90
4
 70
1
 10
13539.999
 20
6066.0
 10
13560.0
 20
6066.0
 10
13560.0
 20
6156.0
 10
13539.999
 20
6156.0
  0
LWPOLYLINE
  5
849
330
17
100
AcDbEntity
  8
STOU
100
AcDbPolyline
 90
4
 70
1
 10
13539.999
 20
6066.0
 10
13560.0
 20
6066.0
 10
13560.0
 20
6156.0
 10
13539.999
 20
6156.0
  0
LWPOLYLINE
  5
84A
330
17
100
AcDbEntity
  8
STOU
100
AcDbPolyline
 90
4
 70
1
 10
13393.0
 20
5972.0
 10
13706.999
 20
5972.0
 10
13706.999
 20
5976.0
 10
13393.0
 20
5976.0
  0
LWPOLYLINE
  5
84B
330
17
100
AcDbEntity
  8
STOU
100
AcDbPolyline
 90
4
 70
1
 10
13473.0
 20
5885.9998
 10
13603.0
 20
5885.9998
 10
13603.0
 20
5974.0
 10
13473.0
 20
5974.0
  0
LWPOLYLINE
  5
84C
330
17
100
AcDbEntity
  8
STOU
100
AcDbPolyline
 90
4
 70
1
 10
13522.3994
 20
5826.0
 10
13553.5996
 20
5826.0
 10
13553.5996
 20
5842.9998
 10
13522.3994
 20
5842.9998
  0
LWPOLYLINE
  5
84D
330
17
100
AcDbEntity
  8
STOU
100
AcDbPolyline
 90
4
 70
1
 10
13595.0
 20
5766.0
 10
13664.999
 20
5766.0
 10
13664.999
 20
5841.0
 10
13595.0
 20
5841.0
  0
LWPOLYLINE
  5
84E
330
17
100
AcDbEntity
  8
STOU
100
AcDbPolyline
 90
4
 70
1
 10
1434.0
 20
5841.0
 10
1788.0
 20
5841.0
 10
1788.0
 20
6066.0
 10
1434.0
 20
6066.0
  0
LWPOLYLINE
  5
84F
330
17
100
AcDbEntity
  8
STOU
100
AcDbPolyline
 90
4
 70
1
 10
1475.1
 20
6066.0
 10
1499.1
 20
6066.0
 10
1499.1
 20
6115.9998
 10
1475.1
 20
6115.9998
  0
LWPOLYLINE
  5
850
330
17
100
AcDbEntity
  8
STOU
100
AcDbPolyline
 90
4
 70
1
 10
1475.1
 20
6066.0
 10
1499.1
 20
6066.0
 10
1499.1
 20
6115.9998
 10
1475.1
 20
6115.9998
  0
LWPOLYLINE
  5
851
330
17
100
AcDbEntity
  8
STOU
100
AcDbPolyline
 90
4
 70
1
 10
1556.52
 20
6066.0
 10
1580.52
 20
6066.0
 10
1580.52
 20
6115.9998
 10
1556.52
 20
6115.9998
  0
LWPOLYLINE
  5
852
330
17
100
AcDbEntity
  8
STOU
100
AcDbPolyline
 90
4
 70
1
 10
1556.52
 20
6066.0
 10
1580.52
 20
6066.0
 10
1580.52
 20
6115.9998
 10
1556.52
 20
6115.9998
  0
LWPOLYLINE
  5
853
330
17
100
AcDbEntity
  8
STOU
100
AcDbPolyline
 90
4
 70
1
 10
1641.48
 20
6066.0
 10
1665.48
 20
6066.0
 10
1665.48
 20
6115.9998
 10
1641.48
 20
6115.9998
  0
LWPOLYLINE
  5
854
330
17
100
AcDbEntity
  8
STOU
100
AcDbPolyline
 90
4
 70
1
 10
1641.48
 20
6066.0
 10
1665.48
 20
6066.0
 10
1665.48
 20
6115.9998
 10
1641.48
 20
6115.9998
  0
LWPOLYLINE
  5
855
330
17
100
AcDbEntity
  8
STOU
100
AcDbPolyline
 90
4
 70
1
 10
1722.9
 20
6066.0
 10
1746.9
 20
6066.0
 10
1746.9
 20
6115.9998
 10
1722.9
 20
6115.9998
  0
LWPOLYLINE
  5
856
330
17
100
AcDbEntity
  8
STOU
100
AcDbPolyline
 90
4
 70
1
 10
1722.9
 20
6066.0
 10
1746.9
 20
6066.0
 10
1746.9
 20
6115.9998
 10
1722.9
 20
6115.9998
  0
LWPOLYLINE
  5
857
330
17
100
AcDbEntity
  8
STOU
100
AcDbPolyline
 90
4
 70
1
 10
1601.0
 20
6066.0
 10
1621.0
 20
6066.0
 10
1621.0
 20
6156.0
 10
1601.0
 20
6156.0
  0
LWPOLYLINE
  5
858
330
17
100
AcDbEntity
  8
STOU
100
AcDbPolyline
 90
4
 70
1
 10
1601.0
 20
6066.0
 10
1621.0
 20
6066.0
 10
1621.0
 20
6156.0
 10
1601.0
 20
6156.0
  0
LWPOLYLINE
  5
859
330
17
100
AcDbEntity
  8
STOU
100
AcDbPolyline
 90
4
 70
1
 10
1601.0
 20
6066.0
 10
1621.0
 20
6066.0
 10
1621.0
 20
6156.0
 10
1601.0
 20
6156.0
  0
LWPOLYLINE
  5
85A
330
17
100
AcDbEntity
  8
STOU
100
AcDbPolyline
 90
4
 70
1
 10
1601.0
 20
6066.0
 10
1621.0
 20
6066.0
 10
1621.0
 20
6156.0
 10
1601.0
 20
6156.0
  0
LWPOLYLINE
  5
85B
330
17
100
AcDbEntity
  8
STOU
100
AcDbPolyline
 90
4
 70
1
 10
1601.0
 20
6066.0
 10
1621.0
 20
6066.0
 10
1621.0
 20
6156.0
 10
1601.0
 20
6156.0
  0
LWPOLYLINE
  5
85C
330
17
100
AcDbEntity
  8
STOU
100
AcDbPolyline
 90
4
 70
1
 10
1454.0
 20
5972.0
 10
1768.0
 20
5972.0
 10
1768.0
 20
5976.0
 10
1454.0
 20
5976.0
  0
LWPOLYLINE
  5
85D
330
17
100
AcDbEntity
  8
STOU
100
AcDbPolyline
 90
4
 70
1
 10
1534.0
 20
5886.0
 10
1664.0
 20
5886.0
 10
1664.0
 20
5974.0
 10
1534.0
 20
5974.0
  0
LWPOLYLINE
  5
85E
330
17
100
AcDbEntity
  8
STOU
100
AcDbPolyline
 90
4
 70
1
 10
1583.4
 20
5826.0
 10
1614.6
 20
5826.0
 10
1614.6
 20
5842.9998
 10
1583.4
 20
5842.9998
  0
LWPOLYLINE
  5
85F
330
17
100
AcDbEntity
  8
STOU
100
AcDbPolyline
 90
4
 70
1
 10
1662.0
 20
5766.0
 10
1720.0001
 20
5766.0
 10
1720.0001
 20
5841.0
 10
1662.0
 20
5841.0
  0
LWPOLYLINE
  5
860
330
17
100
AcDbEntity
  8
STOU
100
AcDbPolyline
 90
4
 70
1
 10
2834.0
 20
5841.0
 10
3188.0
 20
5841.0
 10
3188.0
 20
6066.0
 10
2834.0
 20
6066.0
  0
LWPOLYLINE
  5
861
330
17
100
AcDbEntity
  8
STOU
100
AcDbPolyline
 90
4
 70
1
 10
2875.1001
 20
6066.0
 10
2899.1
 20
6066.0
 10
2899.1
 20
6115.9998
 10
2875.1001
 20
6115.9998
  0
LWPOLYLINE
  5
862
330
17
100
AcDbEntity
  8
STOU
100
AcDbPolyline
 90
4
 70
1
 10
2875.1001
 20
6066.0
 10
2899.1
 20
6066.0
 10
2899.1
 20
6115.9998
 10
2875.1001
 20
6115.9998
  0
LWPOLYLINE
  5
863
330
17
100
AcDbEntity
  8
STOU
100
AcDbPolyline
 90
4
 70
1
 10
2956.52
 20
6066.0
 10
2980.52
 20
6066.0
 10
2980.52
 20
6115.9998
 10
2956.52
 20
6115.9998
  0
LWPOLYLINE
  5
864
330
17
100
AcDbEntity
  8
STOU
100
AcDbPolyline
 90
4
 70
1
 10
2956.52
 20
6066.0
 10
2980.52
 20
6066.0
 10
2980.52
 20
6115.9998
 10
2956.52
 20
6115.9998
  0
LWPOLYLINE
  5
865
330
17
100
AcDbEntity
  8
STOU
100
AcDbPolyline
 90
4
 70
1
 10
3041.48
 20
6066.0
 10
3065.48
 20
6066.0
 10
3065.48
 20
6115.9998
 10
3041.48
 20
6115.9998
  0
LWPOLYLINE
  5
866
330
17
100
AcDbEntity
  8
STOU
100
AcDbPolyline
 90
4
 70
1
 10
3041.48
 20
6066.0
 10
3065.48
 20
6066.0
 10
3065.48
 20
6115.9998
 10
3041.48
 20
6115.9998
  0
LWPOLYLINE
  5
867
330
17
100
AcDbEntity
  8
STOU
100
AcDbPolyline
 90
4
 70
1
 10
3122.8999
 20
6066.0
 10
3146.9001
 20
6066.0
 10
3146.9001
 20
6115.9998
 10
3122.8999
 20
6115.9998
  0
LWPOLYLINE
  5
868
330
17
100
AcDbEntity
  8
STOU
100
AcDbPolyline
 90
4
 70
1
 10
3122.8999
 20
6066.0
 10
3146.9001
 20
6066.0
 10
3146.9001
 20
6115.9998
 10
3122.8999
 20
6115.9998
  0
LWPOLYLINE
  5
869
330
17
100
AcDbEntity
  8
STOU
100
AcDbPolyline
 90
4
 70
1
 10
3001.0
 20
6066.0
 10
3021.0
 20
6066.0
 10
3021.0
 20
6156.0
 10
3001.0
 20
6156.0
  0
LWPOLYLINE
  5
86A
330
17
100
AcDbEntity
  8
STOU
100
AcDbPolyline
 90
4
 70
1
 10
3001.0
 20
6066.0
 10
3021.0
 20
6066.0
 10
3021.0
 20
6156.0
 10
3001.0
 20
6156.0
  0
LWPOLYLINE
  5
86B
330
17
100
AcDbEntity
  8
STOU
100
AcDbPolyline
 90
4
 70
1
 10
3001.0
 20
6066.0
 10
3021.0
 20
6066.0
 10
3021.0
 20
6156.0
 10
3001.0
 20
6156.0
  0
LWPOLYLINE
  5
86C
330
17
100
AcDbEntity
  8
STOU
100
AcDbPolyline
 90
4
 70
1
 10
3001.0
 20
6066.0
 10
3021.0
 20
6066.0
 10
3021.0
 20
6156.0
 10
3001.0
 20
6156.0
  0
LWPOLYLINE
  5
86D
330
17
100
AcDbEntity
  8
STOU
100
AcDbPolyline
 90
4
 70
1
 10
3001.0
 20
6066.0
 10
3021.0
 20
6066.0
 10
3021.0
 20
6156.0
 10
3001.0
 20
6156.0
  0
LWPOLYLINE
  5
86E
330
17
100
AcDbEntity
  8
STOU
100
AcDbPolyline
 90
4
 70
1
 10
2854.0
 20
5972.0
 10
3168.0
 20
5972.0
 10
3168.0
 20
5976.0
 10
2854.0
 20
5976.0
  0
LWPOLYLINE
  5
86F
330
17
100
AcDbEntity
  8
STOU
100
AcDbPolyline
 90
4
 70
1
 10
2933.9999
 20
5886.0
 10
3064.0
 20
5886.0
 10
3064.0
 20
5974.0
 10
2933.9999
 20
5974.0
  0
LWPOLYLINE
  5
870
330
17
100
AcDbEntity
  8
STOU
100
AcDbPolyline
 90
4
 70
1
 10
2983.3999
 20
5826.0
 10
3014.5999
 20
5826.0
 10
3014.5999
 20
5842.9998
 10
2983.3999
 20
5842.9998
  0
LWPOLYLINE
  5
871
330
17
100
AcDbEntity
  8
STOU
100
AcDbPolyline
 90
4
 70
1
 10
3062.0002
 20
5766.0
 10
3120.0
 20
5766.0
 10
3120.0
 20
5841.0
 10
3062.0002
 20
5841.0
  0
LWPOLYLINE
  5
872
330
17
100
AcDbEntity
  8
STOU
100
AcDbPolyline
 90
4
 70
1
 10
3983.9998
 20
5841.0
 10
4337.9998
 20
5841.0
 10
4337.9998
 20
6066.0
 10
3983.9998
 20
6066.0
  0
LWPOLYLINE
  5
873
330
17
100
AcDbEntity
  8
STOU
100
AcDbPolyline
 90
4
 70
1
 10
4025.0999
 20
6066.0
 10
4049.0999
 20
6066.0
 10
4049.0999
 20
6115.9998
 10
4025.0999
 20
6115.9998
  0
LWPOLYLINE
  5
874
330
17
100
AcDbEntity
  8
STOU
100
AcDbPolyline
 90
4
 70
1
 10
4025.0999
 20
6066.0
 10
4049.0999
 20
6066.0
 10
4049.0999
 20
6115.9998
 10
4025.0999
 20
6115.9998
  0
LWPOLYLINE
  5
875
330
17
100
AcDbEntity
  8
STOU
100
AcDbPolyline
 90
4
 70
1
 10
4106.5198
 20
6066.0
 10
4130.5198
 20
6066.0
 10
4130.5198
 20
6115.9998
 10
4106.5198
 20
6115.9998
  0
LWPOLYLINE
  5
876
330
17
100
AcDbEntity
  8
STOU
100
AcDbPolyline
 90
4
 70
1
 10
4106.5198
 20
6066.0
 10
4130.5198
 20
6066.0
 10
4130.5198
 20
6115.9998
 10
4106.5198
 20
6115.9998
  0
LWPOLYLINE
  5
877
330
17
100
AcDbEntity
  8
STOU
100
AcDbPolyline
 90
4
 70
1
 10
4191.4797
 20
6066.0
 10
4215.4797
 20
6066.0
 10
4215.4797
 20
6115.9998
 10
4191.4797
 20
6115.9998
  0
LWPOLYLINE
  5
878
330
17
100
AcDbEntity
  8
STOU
100
AcDbPolyline
 90
4
 70
1
 10
4191.4797
 20
6066.0
 10
4215.4797
 20
6066.0
 10
4215.4797
 20
6115.9998
 10
4191.4797
 20
6115.9998
  0
LWPOLYLINE
  5
879
330
17
100
AcDbEntity
  8
STOU
100
AcDbPolyline
 90
4
 70
1
 10
4272.8997
 20
6066.0
 10
4296.8997
 20
6066.0
 10
4296.8997
 20
6115.9998
 10
4272.8997
 20
6115.9998
  0
LWPOLYLINE
  5
87A
330
17
100
AcDbEntity
  8
STOU
100
AcDbPolyline
 90
4
 70
1
 10
4272.8997
 20
6066.0
 10
4296.8997
 20
6066.0
 10
4296.8997
 20
6115.9998
 10
4272.8997
 20
6115.9998
  0
LWPOLYLINE
  5
87B
330
17
100
AcDbEntity
  8
STOU
100
AcDbPolyline
 90
4
 70
1
 10
4150.9998
 20
6066.0
 10
4171.0
 20
6066.0
 10
4171.0
 20
6156.0
 10
4150.9998
 20
6156.0
  0
LWPOLYLINE
  5
87C
330
17
100
AcDbEntity
  8
STOU
100
AcDbPolyline
 90
4
 70
1
 10
4150.9998
 20
6066.0
 10
4171.0
 20
6066.0
 10
4171.0
 20
6156.0
 10
4150.9998
 20
6156.0
  0
LWPOLYLINE
  5
87D
330
17
100
AcDbEntity
  8
STOU
100
AcDbPolyline
 90
4
 70
1
 10
4150.9998
 20
6066.0
 10
4171.0
 20
6066.0
 10
4171.0
 20
6156.0
 10
4150.9998
 20
6156.0
  0
LWPOLYLINE
  5
87E
330
17
100
AcDbEntity
  8
STOU
100
AcDbPolyline
 90
4
 70
1
 10
4150.9998
 20
6066.0
 10
4171.0
 20
6066.0
 10
4171.0
 20
6156.0
 10
4150.9998
 20
6156.0
  0
LWPOLYLINE
  5
87F
330
17
100
AcDbEntity
  8
STOU
100
AcDbPolyline
 90
4
 70
1
 10
4150.9998
 20
6066.0
 10
4171.0
 20
6066.0
 10
4171.0
 20
6156.0
 10
4150.9998
 20
6156.0
  0
LWPOLYLINE
  5
880
330
17
100
AcDbEntity
  8
STOU
100
AcDbPolyline
 90
4
 70
1
 10
4003.9998
 20
5972.0
 10
4317.9998
 20
5972.0
 10
4317.9998
 20
5976.0
 10
4003.9998
 20
5976.0
  0
LWPOLYLINE
  5
881
330
17
100
AcDbEntity
  8
STOU
100
AcDbPolyline
 90
4
 70
1
 10
4083.9998
 20
5886.0
 10
4214.0
 20
5886.0
 10
4214.0
 20
5974.0
 10
4083.9998
 20
5974.0
  0
LWPOLYLINE
  5
882
330
17
100
AcDbEntity
  8
STOU
100
AcDbPolyline
 90
4
 70
1
 10
4133.3999
 20
5826.0
 10
4164.5999
 20
5826.0
 10
4164.5999
 20
5842.9998
 10
4133.3999
 20
5842.9998
  0
LWPOLYLINE
  5
883
330
17
100
AcDbEntity
  8
STOU
100
AcDbPolyline
 90
4
 70
1
 10
4002.0
 20
5766.0
 10
4059.9998
 20
5766.0
 10
4059.9998
 20
5841.0
 10
4002.0
 20
5841.0
  0
LWPOLYLINE
  5
884
330
17
100
AcDbEntity
  8
STOU
100
AcDbPolyline
 90
4
 70
1
 10
5133.9995
 20
5841.0
 10
5488.0
 20
5841.0
 10
5488.0
 20
6066.0
 10
5133.9995
 20
6066.0
  0
LWPOLYLINE
  5
885
330
17
100
AcDbEntity
  8
STOU
100
AcDbPolyline
 90
4
 70
1
 10
5175.0996
 20
6066.0
 10
5199.1001
 20
6066.0
 10
5199.1001
 20
6115.9998
 10
5175.0996
 20
6115.9998
  0
LWPOLYLINE
  5
886
330
17
100
AcDbEntity
  8
STOU
100
AcDbPolyline
 90
4
 70
1
 10
5175.0996
 20
6066.0
 10
5199.1001
 20
6066.0
 10
5199.1001
 20
6115.9998
 10
5175.0996
 20
6115.9998
  0
LWPOLYLINE
  5
887
330
17
100
AcDbEntity
  8
STOU
100
AcDbPolyline
 90
4
 70
1
 10
5256.5195
 20
6066.0
 10
5280.52
 20
6066.0
 10
5280.52
 20
6115.9998
 10
5256.5195
 20
6115.9998
  0
LWPOLYLINE
  5
888
330
17
100
AcDbEntity
  8
STOU
100
AcDbPolyline
 90
4
 70
1
 10
5256.5195
 20
6066.0
 10
5280.52
 20
6066.0
 10
5280.52
 20
6115.9998
 10
5256.5195
 20
6115.9998
  0
LWPOLYLINE
  5
889
330
17
100
AcDbEntity
  8
STOU
100
AcDbPolyline
 90
4
 70
1
 10
5341.4795
 20
6066.0
 10
5365.48
 20
6066.0
 10
5365.48
 20
6115.9998
 10
5341.4795
 20
6115.9998
  0
LWPOLYLINE
  5
88A
330
17
100
AcDbEntity
  8
STOU
100
AcDbPolyline
 90
4
 70
1
 10
5341.4795
 20
6066.0
 10
5365.48
 20
6066.0
 10
5365.48
 20
6115.9998
 10
5341.4795
 20
6115.9998
  0
LWPOLYLINE
  5
88B
330
17
100
AcDbEntity
  8
STOU
100
AcDbPolyline
 90
4
 70
1
 10
5422.8994
 20
6066.0
 10
5446.8999
 20
6066.0
 10
5446.8999
 20
6115.9998
 10
5422.8994
 20
6115.9998
  0
LWPOLYLINE
  5
88C
330
17
100
AcDbEntity
  8
STOU
100
AcDbPolyline
 90
4
 70
1
 10
5422.8994
 20
6066.0
 10
5446.8999
 20
6066.0
 10
5446.8999
 20
6115.9998
 10
5422.8994
 20
6115.9998
  0
LWPOLYLINE
  5
88D
330
17
100
AcDbEntity
  8
STOU
100
AcDbPolyline
 90
4
 70
1
 10
5301.0
 20
6066.0
 10
5321.0
 20
6066.0
 10
5321.0
 20
6156.0
 10
5301.0
 20
6156.0
  0
LWPOLYLINE
  5
88E
330
17
100
AcDbEntity
  8
STOU
100
AcDbPolyline
 90
4
 70
1
 10
5301.0
 20
6066.0
 10
5321.0
 20
6066.0
 10
5321.0
 20
6156.0
 10
5301.0
 20
6156.0
  0
LWPOLYLINE
  5
88F
330
17
100
AcDbEntity
  8
STOU
100
AcDbPolyline
 90
4
 70
1
 10
5301.0
 20
6066.0
 10
5321.0
 20
6066.0
 10
5321.0
 20
6156.0
 10
5301.0
 20
6156.0
  0
LWPOLYLINE
  5
890
330
17
100
AcDbEntity
  8
STOU
100
AcDbPolyline
 90
4
 70
1
 10
5301.0
 20
6066.0
 10
5321.0
 20
6066.0
 10
5321.0
 20
6156.0
 10
5301.0
 20
6156.0
  0
LWPOLYLINE
  5
891
330
17
100
AcDbEntity
  8
STOU
100
AcDbPolyline
 90
4
 70
1
 10
5301.0
 20
6066.0
 10
5321.0
 20
6066.0
 10
5321.0
 20
6156.0
 10
5301.0
 20
6156.0
  0
LWPOLYLINE
  5
892
330
17
100
AcDbEntity
  8
STOU
100
AcDbPolyline
 90
4
 70
1
 10
5153.9995
 20
5972.0
 10
5468.0
 20
5972.0
 10
5468.0
 20
5976.0
 10
5153.9995
 20
5976.0
  0
LWPOLYLINE
  5
893
330
17
100
AcDbEntity
  8
STOU
100
AcDbPolyline
 90
4
 70
1
 10
5233.9995
 20
5886.0
 10
5363.9995
 20
5886.0
 10
5363.9995
 20
5974.0
 10
5233.9995
 20
5974.0
  0
LWPOLYLINE
  5
894
330
17
100
AcDbEntity
  8
STOU
100
AcDbPolyline
 90
4
 70
1
 10
5283.3999
 20
5826.0
 10
5314.6001
 20
5826.0
 10
5314.6001
 20
5842.9998
 10
5283.3999
 20
5842.9998
  0
LWPOLYLINE
  5
895
330
17
100
AcDbEntity
  8
STOU
100
AcDbPolyline
 90
4
 70
1
 10
5362.0
 20
5766.0
 10
5420.0
 20
5766.0
 10
5420.0
 20
5841.0
 10
5362.0
 20
5841.0
  0
LWPOLYLINE
  5
896
330
17
100
AcDbEntity
  8
STOU
100
AcDbPolyline
 90
4
 70
1
 10
6384.0
 20
5841.0
 10
6738.0
 20
5841.0
 10
6738.0
 20
6066.0
 10
6384.0
 20
6066.0
  0
LWPOLYLINE
  5
897
330
17
100
AcDbEntity
  8
STOU
100
AcDbPolyline
 90
4
 70
1
 10
6425.1001
 20
6066.0
 10
6449.1001
 20
6066.0
 10
6449.1001
 20
6115.9998
 10
6425.1001
 20
6115.9998
  0
LWPOLYLINE
  5
898
330
17
100
AcDbEntity
  8
STOU
100
AcDbPolyline
 90
4
 70
1
 10
6425.1001
 20
6066.0
 10
6449.1001
 20
6066.0
 10
6449.1001
 20
6115.9998
 10
6425.1001
 20
6115.9998
  0
LWPOLYLINE
  5
899
330
17
100
AcDbEntity
  8
STOU
100
AcDbPolyline
 90
4
 70
1
 10
6506.52
 20
6066.0
 10
6530.52
 20
6066.0
 10
6530.52
 20
6115.9998
 10
6506.52
 20
6115.9998
  0
LWPOLYLINE
  5
89A
330
17
100
AcDbEntity
  8
STOU
100
AcDbPolyline
 90
4
 70
1
 10
6506.52
 20
6066.0
 10
6530.52
 20
6066.0
 10
6530.52
 20
6115.9998
 10
6506.52
 20
6115.9998
  0
LWPOLYLINE
  5
89B
330
17
100
AcDbEntity
  8
STOU
100
AcDbPolyline
 90
4
 70
1
 10
6591.48
 20
6066.0
 10
6615.48
 20
6066.0
 10
6615.48
 20
6115.9998
 10
6591.48
 20
6115.9998
  0
LWPOLYLINE
  5
89C
330
17
100
AcDbEntity
  8
STOU
100
AcDbPolyline
 90
4
 70
1
 10
6591.48
 20
6066.0
 10
6615.48
 20
6066.0
 10
6615.48
 20
6115.9998
 10
6591.48
 20
6115.9998
  0
LWPOLYLINE
  5
89D
330
17
100
AcDbEntity
  8
STOU
100
AcDbPolyline
 90
4
 70
1
 10
6672.8999
 20
6066.0
 10
6696.8999
 20
6066.0
 10
6696.8999
 20
6115.9998
 10
6672.8999
 20
6115.9998
  0
LWPOLYLINE
  5
89E
330
17
100
AcDbEntity
  8
STOU
100
AcDbPolyline
 90
4
 70
1
 10
6672.8999
 20
6066.0
 10
6696.8999
 20
6066.0
 10
6696.8999
 20
6115.9998
 10
6672.8999
 20
6115.9998
  0
LWPOLYLINE
  5
89F
330
17
100
AcDbEntity
  8
STOU
100
AcDbPolyline
 90
4
 70
1
 10
6551.0
 20
6066.0
 10
6571.0
 20
6066.0
 10
6571.0
 20
6156.0
 10
6551.0
 20
6156.0
  0
LWPOLYLINE
  5
8A0
330
17
100
AcDbEntity
  8
STOU
100
AcDbPolyline
 90
4
 70
1
 10
6551.0
 20
6066.0
 10
6571.0
 20
6066.0
 10
6571.0
 20
6156.0
 10
6551.0
 20
6156.0
  0
LWPOLYLINE
  5
8A1
330
17
100
AcDbEntity
  8
STOU
100
AcDbPolyline
 90
4
 70
1
 10
6551.0
 20
6066.0
 10
6571.0
 20
6066.0
 10
6571.0
 20
6156.0
 10
6551.0
 20
6156.0
  0
LWPOLYLINE
  5
8A2
330
17
100
AcDbEntity
  8
STOU
100
AcDbPolyline
 90
4
 70
1
 10
6551.0
 20
6066.0
 10
6571.0
 20
6066.0
 10
6571.0
 20
6156.0
 10
6551.0
 20
6156.0
  0
LWPOLYLINE
  5
8A3
330
17
100
AcDbEntity
  8
STOU
100
AcDbPolyline
 90
4
 70
1
 10
6551.0
 20
6066.0
 10
6571.0
 20
6066.0
 10
6571.0
 20
6156.0
 10
6551.0
 20
6156.0
  0
LWPOLYLINE
  5
8A4
330
17
100
AcDbEntity
  8
STOU
100
AcDbPolyline
 90
4
 70
1
 10
6404.0
 20
5972.0
 10
6718.0
 20
5972.0
 10
6718.0
 20
5976.0
 10
6404.0
 20
5976.0
  0
LWPOLYLINE
  5
8A5
330
17
100
AcDbEntity
  8
STOU
100
AcDbPolyline
 90
4
 70
1
 10
6484.0
 20
5886.0
 10
6614.0
 20
5886.0
 10
6614.0
 20
5974.0
 10
6484.0
 20
5974.0
  0
LWPOLYLINE
  5
8A6
330
17
100
AcDbEntity
  8
STOU
100
AcDbPolyline
 90
4
 70
1
 10
6533.3999
 20
5826.0
 10
6564.6001
 20
5826.0
 10
6564.6001
 20
5842.9998
 10
6533.3999
 20
5842.9998
  0
LWPOLYLINE
  5
8A7
330
17
100
AcDbEntity
  8
STOU
100
AcDbPolyline
 90
4
 70
1
 10
6612.0
 20
5766.0
 10
6670.0
 20
5766.0
 10
6670.0
 20
5841.0
 10
6612.0
 20
5841.0
  0
LWPOLYLINE
  5
8A8
330
17
100
AcDbEntity
  8
STOU
100
AcDbPolyline
 90
4
 70
1
 10
6984.0
 20
5841.0
 10
7338.0
 20
5841.0
 10
7338.0
 20
6066.0
 10
6984.0
 20
6066.0
  0
LWPOLYLINE
  5
8A9
330
17
100
AcDbEntity
  8
STOU
100
AcDbPolyline
 90
4
 70
1
 10
7025.1001
 20
6066.0
 10
7049.0996
 20
6066.0
 10
7049.0996
 20
6115.9998
 10
7025.1001
 20
6115.9998
  0
LWPOLYLINE
  5
8AA
330
17
100
AcDbEntity
  8
STOU
100
AcDbPolyline
 90
4
 70
1
 10
7025.1001
 20
6066.0
 10
7049.0996
 20
6066.0
 10
7049.0996
 20
6115.9998
 10
7025.1001
 20
6115.9998
  0
LWPOLYLINE
  5
8AB
330
17
100
AcDbEntity
  8
STOU
100
AcDbPolyline
 90
4
 70
1
 10
7106.52
 20
6066.0
 10
7130.5195
 20
6066.0
 10
7130.5195
 20
6115.9998
 10
7106.52
 20
6115.9998
  0
LWPOLYLINE
  5
8AC
330
17
100
AcDbEntity
  8
STOU
100
AcDbPolyline
 90
4
 70
1
 10
7106.52
 20
6066.0
 10
7130.5195
 20
6066.0
 10
7130.5195
 20
6115.9998
 10
7106.52
 20
6115.9998
  0
LWPOLYLINE
  5
8AD
330
17
100
AcDbEntity
  8
STOU
100
AcDbPolyline
 90
4
 70
1
 10
7191.48
 20
6066.0
 10
7215.4805
 20
6066.0
 10
7215.4805
 20
6115.9998
 10
7191.48
 20
6115.9998
  0
LWPOLYLINE
  5
8AE
330
17
100
AcDbEntity
  8
STOU
100
AcDbPolyline
 90
4
 70
1
 10
7191.48
 20
6066.0
 10
7215.4805
 20
6066.0
 10
7215.4805
 20
6115.9998
 10
7191.48
 20
6115.9998
  0
LWPOLYLINE
  5
8AF
330
17
100
AcDbEntity
  8
STOU
100
AcDbPolyline
 90
4
 70
1
 10
7272.8999
 20
6066.0
 10
7296.9004
 20
6066.0
 10
7296.9004
 20
6115.9998
 10
7272.8999
 20
6115.9998
  0
LWPOLYLINE
  5
8B0
330
17
100
AcDbEntity
  8
STOU
100
AcDbPolyline
 90
4
 70
1
 10
7272.8999
 20
6066.0
 10
7296.9004
 20
6066.0
 10
7296.9004
 20
6115.9998
 10
7272.8999
 20
6115.9998
  0
LWPOLYLINE
  5
8B1
330
17
100
AcDbEntity
  8
STOU
100
AcDbPolyline
 90
4
 70
1
 10
7151.0
 20
6066.0
 10
7171.0
 20
6066.0
 10
7171.0
 20
6156.0
 10
7151.0
 20
6156.0
  0
LWPOLYLINE
  5
8B2
330
17
100
AcDbEntity
  8
STOU
100
AcDbPolyline
 90
4
 70
1
 10
7151.0
 20
6066.0
 10
7171.0
 20
6066.0
 10
7171.0
 20
6156.0
 10
7151.0
 20
6156.0
  0
LWPOLYLINE
  5
8B3
330
17
100
AcDbEntity
  8
STOU
100
AcDbPolyline
 90
4
 70
1
 10
7151.0
 20
6066.0
 10
7171.0
 20
6066.0
 10
7171.0
 20
6156.0
 10
7151.0
 20
6156.0
  0
LWPOLYLINE
  5
8B4
330
17
100
AcDbEntity
  8
STOU
100
AcDbPolyline
 90
4
 70
1
 10
7151.0
 20
6066.0
 10
7171.0
 20
6066.0
 10
7171.0
 20
6156.0
 10
7151.0
 20
6156.0
  0
LWPOLYLINE
  5
8B5
330
17
100
AcDbEntity
  8
STOU
100
AcDbPolyline
 90
4
 70
1
 10
7151.0
 20
6066.0
 10
7171.0
 20
6066.0
 10
7171.0
 20
6156.0
 10
7151.0
 20
6156.0
  0
LWPOLYLINE
  5
8B6
330
17
100
AcDbEntity
  8
STOU
100
AcDbPolyline
 90
4
 70
1
 10
7004.0
 20
5972.0
 10
7318.0
 20
5972.0
 10
7318.0
 20
5976.0
 10
7004.0
 20
5976.0
  0
LWPOLYLINE
  5
8B7
330
17
100
AcDbEntity
  8
STOU
100
AcDbPolyline
 90
4
 70
1
 10
7084.0
 20
5886.0
 10
7214.0
 20
5886.0
 10
7214.0
 20
5974.0
 10
7084.0
 20
5974.0
  0
LWPOLYLINE
  5
8B8
330
17
100
AcDbEntity
  8
STOU
100
AcDbPolyline
 90
4
 70
1
 10
7133.3999
 20
5826.0
 10
7164.5996
 20
5826.0
 10
7164.5996
 20
5842.9998
 10
7133.3999
 20
5842.9998
  0
LWPOLYLINE
  5
8B9
330
17
100
AcDbEntity
  8
STOU
100
AcDbPolyline
 90
4
 70
1
 10
7212.0005
 20
5766.0
 10
7270.0005
 20
5766.0
 10
7270.0005
 20
5841.0
 10
7212.0005
 20
5841.0
  0
LWPOLYLINE
  5
8BA
330
17
100
AcDbEntity
  8
STOU
100
AcDbPolyline
 90
4
 70
1
 10
7584.0
 20
5841.0
 10
7938.0
 20
5841.0
 10
7938.0
 20
6066.0
 10
7584.0
 20
6066.0
  0
LWPOLYLINE
  5
8BB
330
17
100
AcDbEntity
  8
STOU
100
AcDbPolyline
 90
4
 70
1
 10
7625.1001
 20
6066.0
 10
7649.1001
 20
6066.0
 10
7649.1001
 20
6115.9998
 10
7625.1001
 20
6115.9998
  0
LWPOLYLINE
  5
8BC
330
17
100
AcDbEntity
  8
STOU
100
AcDbPolyline
 90
4
 70
1
 10
7625.1001
 20
6066.0
 10
7649.1001
 20
6066.0
 10
7649.1001
 20
6115.9998
 10
7625.1001
 20
6115.9998
  0
LWPOLYLINE
  5
8BD
330
17
100
AcDbEntity
  8
STOU
100
AcDbPolyline
 90
4
 70
1
 10
7706.5205
 20
6066.0
 10
7730.52
 20
6066.0
 10
7730.52
 20
6115.9998
 10
7706.5205
 20
6115.9998
  0
LWPOLYLINE
  5
8BE
330
17
100
AcDbEntity
  8
STOU
100
AcDbPolyline
 90
4
 70
1
 10
7706.5205
 20
6066.0
 10
7730.52
 20
6066.0
 10
7730.52
 20
6115.9998
 10
7706.5205
 20
6115.9998
  0
LWPOLYLINE
  5
8BF
330
17
100
AcDbEntity
  8
STOU
100
AcDbPolyline
 90
4
 70
1
 10
7791.4805
 20
6066.0
 10
7815.48
 20
6066.0
 10
7815.48
 20
6115.9998
 10
7791.4805
 20
6115.9998
  0
LWPOLYLINE
  5
8C0
330
17
100
AcDbEntity
  8
STOU
100
AcDbPolyline
 90
4
 70
1
 10
7791.4805
 20
6066.0
 10
7815.48
 20
6066.0
 10
7815.48
 20
6115.9998
 10
7791.4805
 20
6115.9998
  0
LWPOLYLINE
  5
8C1
330
17
100
AcDbEntity
  8
STOU
100
AcDbPolyline
 90
4
 70
1
 10
7872.9004
 20
6066.0
 10
7896.8999
 20
6066.0
 10
7896.8999
 20
6115.9998
 10
7872.9004
 20
6115.9998
  0
LWPOLYLINE
  5
8C2
330
17
100
AcDbEntity
  8
STOU
100
AcDbPolyline
 90
4
 70
1
 10
7872.9004
 20
6066.0
 10
7896.8999
 20
6066.0
 10
7896.8999
 20
6115.9998
 10
7872.9004
 20
6115.9998
  0
LWPOLYLINE
  5
8C3
330
17
100
AcDbEntity
  8
STOU
100
AcDbPolyline
 90
4
 70
1
 10
7751.0005
 20
6066.0
 10
7771.0005
 20
6066.0
 10
7771.0005
 20
6156.0
 10
7751.0005
 20
6156.0
  0
LWPOLYLINE
  5
8C4
330
17
100
AcDbEntity
  8
STOU
100
AcDbPolyline
 90
4
 70
1
 10
7751.0005
 20
6066.0
 10
7771.0005
 20
6066.0
 10
7771.0005
 20
6156.0
 10
7751.0005
 20
6156.0
  0
LWPOLYLINE
  5
8C5
330
17
100
AcDbEntity
  8
STOU
100
AcDbPolyline
 90
4
 70
1
 10
7751.0005
 20
6066.0
 10
7771.0005
 20
6066.0
 10
7771.0005
 20
6156.0
 10
7751.0005
 20
6156.0
  0
LWPOLYLINE
  5
8C6
330
17
100
AcDbEntity
  8
STOU
100
AcDbPolyline
 90
4
 70
1
 10
7751.0005
 20
6066.0
 10
7771.0005
 20
6066.0
 10
7771.0005
 20
6156.0
 10
7751.0005
 20
6156.0
  0
LWPOLYLINE
  5
8C7
330
17
100
AcDbEntity
  8
STOU
100
AcDbPolyline
 90
4
 70
1
 10
7751.0005
 20
6066.0
 10
7771.0005
 20
6066.0
 10
7771.0005
 20
6156.0
 10
7751.0005
 20
6156.0
  0
LWPOLYLINE
  5
8C8
330
17
100
AcDbEntity
  8
STOU
100
AcDbPolyline
 90
4
 70
1
 10
7604.0
 20
5972.0
 10
7918.0
 20
5972.0
 10
7918.0
 20
5976.0
 10
7604.0
 20
5976.0
  0
LWPOLYLINE
  5
8C9
330
17
100
AcDbEntity
  8
STOU
100
AcDbPolyline
 90
4
 70
1
 10
7684.0005
 20
5886.0
 10
7814.0
 20
5886.0
 10
7814.0
 20
5974.0
 10
7684.0005
 20
5974.0
  0
LWPOLYLINE
  5
8CA
330
17
100
AcDbEntity
  8
STOU
100
AcDbPolyline
 90
4
 70
1
 10
7733.4004
 20
5826.0
 10
7764.6001
 20
5826.0
 10
7764.6001
 20
5842.9998
 10
7733.4004
 20
5842.9998
  0
LWPOLYLINE
  5
8CB
330
17
100
AcDbEntity
  8
STOU
100
AcDbPolyline
 90
4
 70
1
 10
7812.0
 20
5766.0
 10
7870.0005
 20
5766.0
 10
7870.0005
 20
5841.0
 10
7812.0
 20
5841.0
  0
LWPOLYLINE
  5
8CC
330
17
100
AcDbEntity
  8
STOU
100
AcDbPolyline
 90
4
 70
1
 10
8834.0
 20
5841.0
 10
9188.0
 20
5841.0
 10
9188.0
 20
6066.0
 10
8834.0
 20
6066.0
  0
LWPOLYLINE
  5
8CD
330
17
100
AcDbEntity
  8
STOU
100
AcDbPolyline
 90
4
 70
1
 10
8875.1001
 20
6066.0
 10
8899.1001
 20
6066.0
 10
8899.1001
 20
6115.9998
 10
8875.1001
 20
6115.9998
  0
LWPOLYLINE
  5
8CE
330
17
100
AcDbEntity
  8
STOU
100
AcDbPolyline
 90
4
 70
1
 10
8875.1001
 20
6066.0
 10
8899.1001
 20
6066.0
 10
8899.1001
 20
6115.9998
 10
8875.1001
 20
6115.9998
  0
LWPOLYLINE
  5
8CF
330
17
100
AcDbEntity
  8
STOU
100
AcDbPolyline
 90
4
 70
1
 10
8956.520499999999
 20
6066.0
 10
8980.5195
 20
6066.0
 10
8980.5195
 20
6115.9998
 10
8956.520499999999
 20
6115.9998
  0
LWPOLYLINE
  5
8D0
330
17
100
AcDbEntity
  8
STOU
100
AcDbPolyline
 90
4
 70
1
 10
8956.520499999999
 20
6066.0
 10
8980.5195
 20
6066.0
 10
8980.5195
 20
6115.9998
 10
8956.520499999999
 20
6115.9998
  0
LWPOLYLINE
  5
8D1
330
17
100
AcDbEntity
  8
STOU
100
AcDbPolyline
 90
4
 70
1
 10
9041.4805
 20
6066.0
 10
9065.479500000001
 20
6066.0
 10
9065.479500000001
 20
6115.9998
 10
9041.4805
 20
6115.9998
  0
LWPOLYLINE
  5
8D2
330
17
100
AcDbEntity
  8
STOU
100
AcDbPolyline
 90
4
 70
1
 10
9041.4805
 20
6066.0
 10
9065.479500000001
 20
6066.0
 10
9065.479500000001
 20
6115.9998
 10
9041.4805
 20
6115.9998
  0
LWPOLYLINE
  5
8D3
330
17
100
AcDbEntity
  8
STOU
100
AcDbPolyline
 90
4
 70
1
 10
9122.9004
 20
6066.0
 10
9146.8994
 20
6066.0
 10
9146.8994
 20
6115.9998
 10
9122.9004
 20
6115.9998
  0
LWPOLYLINE
  5
8D4
330
17
100
AcDbEntity
  8
STOU
100
AcDbPolyline
 90
4
 70
1
 10
9122.9004
 20
6066.0
 10
9146.8994
 20
6066.0
 10
9146.8994
 20
6115.9998
 10
9122.9004
 20
6115.9998
  0
LWPOLYLINE
  5
8D5
330
17
100
AcDbEntity
  8
STOU
100
AcDbPolyline
 90
4
 70
1
 10
9001.0
 20
6066.0
 10
9021.0005
 20
6066.0
 10
9021.0005
 20
6156.0
 10
9001.0
 20
6156.0
  0
LWPOLYLINE
  5
8D6
330
17
100
AcDbEntity
  8
STOU
100
AcDbPolyline
 90
4
 70
1
 10
9001.0
 20
6066.0
 10
9021.0005
 20
6066.0
 10
9021.0005
 20
6156.0
 10
9001.0
 20
6156.0
  0
LWPOLYLINE
  5
8D7
330
17
100
AcDbEntity
  8
STOU
100
AcDbPolyline
 90
4
 70
1
 10
9001.0
 20
6066.0
 10
9021.0005
 20
6066.0
 10
9021.0005
 20
6156.0
 10
9001.0
 20
6156.0
  0
LWPOLYLINE
  5
8D8
330
17
100
AcDbEntity
  8
STOU
100
AcDbPolyline
 90
4
 70
1
 10
9001.0
 20
6066.0
 10
9021.0005
 20
6066.0
 10
9021.0005
 20
6156.0
 10
9001.0
 20
6156.0
  0
LWPOLYLINE
  5
8D9
330
17
100
AcDbEntity
  8
STOU
100
AcDbPolyline
 90
4
 70
1
 10
9001.0
 20
6066.0
 10
9021.0005
 20
6066.0
 10
9021.0005
 20
6156.0
 10
9001.0
 20
6156.0
  0
LWPOLYLINE
  5
8DA
330
17
100
AcDbEntity
  8
STOU
100
AcDbPolyline
 90
4
 70
1
 10
8854.0
 20
5972.0
 10
9168.0
 20
5972.0
 10
9168.0
 20
5976.0
 10
8854.0
 20
5976.0
  0
LWPOLYLINE
  5
8DB
330
17
100
AcDbEntity
  8
STOU
100
AcDbPolyline
 90
4
 70
1
 10
8934.0005
 20
5886.0
 10
9063.9995
 20
5886.0
 10
9063.9995
 20
5974.0
 10
8934.0005
 20
5974.0
  0
LWPOLYLINE
  5
8DC
330
17
100
AcDbEntity
  8
STOU
100
AcDbPolyline
 90
4
 70
1
 10
8983.3999
 20
5826.0
 10
9014.6001
 20
5826.0
 10
9014.6001
 20
5842.9998
 10
8983.3999
 20
5842.9998
  0
LWPOLYLINE
  5
8DD
330
17
100
AcDbEntity
  8
STOU
100
AcDbPolyline
 90
4
 70
1
 10
9061.9995
 20
5766.0
 10
9120.0
 20
5766.0
 10
9120.0
 20
5841.0
 10
9061.9995
 20
5841.0
  0
LWPOLYLINE
  5
8DE
330
17
100
AcDbEntity
  8
STOU
100
AcDbPolyline
 90
4
 70
1
 10
9984.0
 20
5841.0
 10
10338.0
 20
5841.0
 10
10338.0
 20
6066.0
 10
9984.0
 20
6066.0
  0
LWPOLYLINE
  5
8DF
330
17
100
AcDbEntity
  8
STOU
100
AcDbPolyline
 90
4
 70
1
 10
10025.1006
 20
6066.0
 10
10049.0996
 20
6066.0
 10
10049.0996
 20
6115.9998
 10
10025.1006
 20
6115.9998
  0
LWPOLYLINE
  5
8E0
330
17
100
AcDbEntity
  8
STOU
100
AcDbPolyline
 90
4
 70
1
 10
10025.1006
 20
6066.0
 10
10049.0996
 20
6066.0
 10
10049.0996
 20
6115.9998
 10
10025.1006
 20
6115.9998
  0
LWPOLYLINE
  5
8E1
330
17
100
AcDbEntity
  8
STOU
100
AcDbPolyline
 90
4
 70
1
 10
10106.5205
 20
6066.0
 10
10130.5205
 20
6066.0
 10
10130.5205
 20
6115.9998
 10
10106.5205
 20
6115.9998
  0
LWPOLYLINE
  5
8E2
330
17
100
AcDbEntity
  8
STOU
100
AcDbPolyline
 90
4
 70
1
 10
10106.5205
 20
6066.0
 10
10130.5205
 20
6066.0
 10
10130.5205
 20
6115.9998
 10
10106.5205
 20
6115.9998
  0
LWPOLYLINE
  5
8E3
330
17
100
AcDbEntity
  8
STOU
100
AcDbPolyline
 90
4
 70
1
 10
10191.4805
 20
6066.0
 10
10215.4805
 20
6066.0
 10
10215.4805
 20
6115.9998
 10
10191.4805
 20
6115.9998
  0
LWPOLYLINE
  5
8E4
330
17
100
AcDbEntity
  8
STOU
100
AcDbPolyline
 90
4
 70
1
 10
10191.4805
 20
6066.0
 10
10215.4805
 20
6066.0
 10
10215.4805
 20
6115.9998
 10
10191.4805
 20
6115.9998
  0
LWPOLYLINE
  5
8E5
330
17
100
AcDbEntity
  8
STOU
100
AcDbPolyline
 90
4
 70
1
 10
10272.9004
 20
6066.0
 10
10296.9004
 20
6066.0
 10
10296.9004
 20
6115.9998
 10
10272.9004
 20
6115.9998
  0
LWPOLYLINE
  5
8E6
330
17
100
AcDbEntity
  8
STOU
100
AcDbPolyline
 90
4
 70
1
 10
10272.9004
 20
6066.0
 10
10296.9004
 20
6066.0
 10
10296.9004
 20
6115.9998
 10
10272.9004
 20
6115.9998
  0
LWPOLYLINE
  5
8E7
330
17
100
AcDbEntity
  8
STOU
100
AcDbPolyline
 90
4
 70
1
 10
10150.999
 20
6066.0
 10
10171.0
 20
6066.0
 10
10171.0
 20
6156.0
 10
10150.999
 20
6156.0
  0
LWPOLYLINE
  5
8E8
330
17
100
AcDbEntity
  8
STOU
100
AcDbPolyline
 90
4
 70
1
 10
10150.999
 20
6066.0
 10
10171.0
 20
6066.0
 10
10171.0
 20
6156.0
 10
10150.999
 20
6156.0
  0
LWPOLYLINE
  5
8E9
330
17
100
AcDbEntity
  8
STOU
100
AcDbPolyline
 90
4
 70
1
 10
10150.999
 20
6066.0
 10
10171.0
 20
6066.0
 10
10171.0
 20
6156.0
 10
10150.999
 20
6156.0
  0
LWPOLYLINE
  5
8EA
330
17
100
AcDbEntity
  8
STOU
100
AcDbPolyline
 90
4
 70
1
 10
10150.999
 20
6066.0
 10
10171.0
 20
6066.0
 10
10171.0
 20
6156.0
 10
10150.999
 20
6156.0
  0
LWPOLYLINE
  5
8EB
330
17
100
AcDbEntity
  8
STOU
100
AcDbPolyline
 90
4
 70
1
 10
10150.999
 20
6066.0
 10
10171.0
 20
6066.0
 10
10171.0
 20
6156.0
 10
10150.999
 20
6156.0
  0
LWPOLYLINE
  5
8EC
330
17
100
AcDbEntity
  8
STOU
100
AcDbPolyline
 90
4
 70
1
 10
10004.0
 20
5972.0
 10
10318.0
 20
5972.0
 10
10318.0
 20
5976.0
 10
10004.0
 20
5976.0
  0
LWPOLYLINE
  5
8ED
330
17
100
AcDbEntity
  8
STOU
100
AcDbPolyline
 90
4
 70
1
 10
10084.0
 20
5886.0
 10
10214.0
 20
5886.0
 10
10214.0
 20
5974.0
 10
10084.0
 20
5974.0
  0
LWPOLYLINE
  5
8EE
330
17
100
AcDbEntity
  8
STOU
100
AcDbPolyline
 90
4
 70
1
 10
10133.3994
 20
5826.0
 10
10164.5996
 20
5826.0
 10
10164.5996
 20
5842.9998
 10
10133.3994
 20
5842.9998
  0
LWPOLYLINE
  5
8EF
330
17
100
AcDbEntity
  8
STOU
100
AcDbPolyline
 90
4
 70
1
 10
10211.999
 20
5766.0
 10
10270.0
 20
5766.0
 10
10270.0
 20
5841.0
 10
10211.999
 20
5841.0
  0
LWPOLYLINE
  5
8F0
330
17
100
AcDbEntity
  8
STOU
100
AcDbPolyline
 90
4
 70
1
 10
11134.0
 20
5841.0
 10
11488.0
 20
5841.0
 10
11488.0
 20
6066.0
 10
11134.0
 20
6066.0
  0
LWPOLYLINE
  5
8F1
330
17
100
AcDbEntity
  8
STOU
100
AcDbPolyline
 90
4
 70
1
 10
11175.1006
 20
6066.0
 10
11199.0996
 20
6066.0
 10
11199.0996
 20
6115.9998
 10
11175.1006
 20
6115.9998
  0
LWPOLYLINE
  5
8F2
330
17
100
AcDbEntity
  8
STOU
100
AcDbPolyline
 90
4
 70
1
 10
11175.1006
 20
6066.0
 10
11199.0996
 20
6066.0
 10
11199.0996
 20
6115.9998
 10
11175.1006
 20
6115.9998
  0
LWPOLYLINE
  5
8F3
330
17
100
AcDbEntity
  8
STOU
100
AcDbPolyline
 90
4
 70
1
 10
11256.5205
 20
6066.0
 10
11280.5195
 20
6066.0
 10
11280.5195
 20
6115.9998
 10
11256.5205
 20
6115.9998
  0
LWPOLYLINE
  5
8F4
330
17
100
AcDbEntity
  8
STOU
100
AcDbPolyline
 90
4
 70
1
 10
11256.5205
 20
6066.0
 10
11280.5195
 20
6066.0
 10
11280.5195
 20
6115.9998
 10
11256.5205
 20
6115.9998
  0
LWPOLYLINE
  5
8F5
330
17
100
AcDbEntity
  8
STOU
100
AcDbPolyline
 90
4
 70
1
 10
11341.4805
 20
6066.0
 10
11365.4795
 20
6066.0
 10
11365.4795
 20
6115.9998
 10
11341.4805
 20
6115.9998
  0
LWPOLYLINE
  5
8F6
330
17
100
AcDbEntity
  8
STOU
100
AcDbPolyline
 90
4
 70
1
 10
11341.4805
 20
6066.0
 10
11365.4795
 20
6066.0
 10
11365.4795
 20
6115.9998
 10
11341.4805
 20
6115.9998
  0
LWPOLYLINE
  5
8F7
330
17
100
AcDbEntity
  8
STOU
100
AcDbPolyline
 90
4
 70
1
 10
11422.9004
 20
6066.0
 10
11446.8994
 20
6066.0
 10
11446.8994
 20
6115.9998
 10
11422.9004
 20
6115.9998
  0
LWPOLYLINE
  5
8F8
330
17
100
AcDbEntity
  8
STOU
100
AcDbPolyline
 90
4
 70
1
 10
11422.9004
 20
6066.0
 10
11446.8994
 20
6066.0
 10
11446.8994
 20
6115.9998
 10
11422.9004
 20
6115.9998
  0
LWPOLYLINE
  5
8F9
330
17
100
AcDbEntity
  8
STOU
100
AcDbPolyline
 90
4
 70
1
 10
11301.0
 20
6066.0
 10
11321.0
 20
6066.0
 10
11321.0
 20
6156.0
 10
11301.0
 20
6156.0
  0
LWPOLYLINE
  5
8FA
330
17
100
AcDbEntity
  8
STOU
100
AcDbPolyline
 90
4
 70
1
 10
11301.0
 20
6066.0
 10
11321.0
 20
6066.0
 10
11321.0
 20
6156.0
 10
11301.0
 20
6156.0
  0
LWPOLYLINE
  5
8FB
330
17
100
AcDbEntity
  8
STOU
100
AcDbPolyline
 90
4
 70
1
 10
11301.0
 20
6066.0
 10
11321.0
 20
6066.0
 10
11321.0
 20
6156.0
 10
11301.0
 20
6156.0
  0
LWPOLYLINE
  5
8FC
330
17
100
AcDbEntity
  8
STOU
100
AcDbPolyline
 90
4
 70
1
 10
11301.0
 20
6066.0
 10
11321.0
 20
6066.0
 10
11321.0
 20
6156.0
 10
11301.0
 20
6156.0
  0
LWPOLYLINE
  5
8FD
330
17
100
AcDbEntity
  8
STOU
100
AcDbPolyline
 90
4
 70
1
 10
11301.0
 20
6066.0
 10
11321.0
 20
6066.0
 10
11321.0
 20
6156.0
 10
11301.0
 20
6156.0
  0
LWPOLYLINE
  5
8FE
330
17
100
AcDbEntity
  8
STOU
100
AcDbPolyline
 90
4
 70
1
 10
11154.001
 20
5972.0
 10
11468.0
 20
5972.0
 10
11468.0
 20
5976.0
 10
11154.001
 20
5976.0
  0
LWPOLYLINE
  5
8FF
330
17
100
AcDbEntity
  8
STOU
100
AcDbPolyline
 90
4
 70
1
 10
11234.001
 20
5886.0
 10
11364.001
 20
5886.0
 10
11364.001
 20
5974.0
 10
11234.001
 20
5974.0
  0
LWPOLYLINE
  5
900
330
17
100
AcDbEntity
  8
STOU
100
AcDbPolyline
 90
4
 70
1
 10
11283.4004
 20
5826.0
 10
11314.6006
 20
5826.0
 10
11314.6006
 20
5842.9998
 10
11283.4004
 20
5842.9998
  0
LWPOLYLINE
  5
901
330
17
100
AcDbEntity
  8
STOU
100
AcDbPolyline
 90
4
 70
1
 10
11362.0
 20
5766.0
 10
11420.0
 20
5766.0
 10
11420.0
 20
5841.0
 10
11362.0
 20
5841.0
  0
LWPOLYLINE
  5
902
330
17
100
AcDbEntity
  8
STOU
100
AcDbPolyline
 90
4
 70
1
 10
12534.0
 20
5841.0
 10
12888.0
 20
5841.0
 10
12888.0
 20
6066.0
 10
12534.0
 20
6066.0
  0
LWPOLYLINE
  5
903
330
17
100
AcDbEntity
  8
STOU
100
AcDbPolyline
 90
4
 70
1
 10
12575.1006
 20
6066.0
 10
12599.0996
 20
6066.0
 10
12599.0996
 20
6115.9998
 10
12575.1006
 20
6115.9998
  0
LWPOLYLINE
  5
904
330
17
100
AcDbEntity
  8
STOU
100
AcDbPolyline
 90
4
 70
1
 10
12575.1006
 20
6066.0
 10
12599.0996
 20
6066.0
 10
12599.0996
 20
6115.9998
 10
12575.1006
 20
6115.9998
  0
LWPOLYLINE
  5
905
330
17
100
AcDbEntity
  8
STOU
100
AcDbPolyline
 90
4
 70
1
 10
12656.5205
 20
6066.0
 10
12680.5195
 20
6066.0
 10
12680.5195
 20
6115.9998
 10
12656.5205
 20
6115.9998
  0
LWPOLYLINE
  5
906
330
17
100
AcDbEntity
  8
STOU
100
AcDbPolyline
 90
4
 70
1
 10
12656.5205
 20
6066.0
 10
12680.5195
 20
6066.0
 10
12680.5195
 20
6115.9998
 10
12656.5205
 20
6115.9998
  0
LWPOLYLINE
  5
907
330
17
100
AcDbEntity
  8
STOU
100
AcDbPolyline
 90
4
 70
1
 10
12741.4805
 20
6066.0
 10
12765.4795
 20
6066.0
 10
12765.4795
 20
6115.9998
 10
12741.4805
 20
6115.9998
  0
LWPOLYLINE
  5
908
330
17
100
AcDbEntity
  8
STOU
100
AcDbPolyline
 90
4
 70
1
 10
12741.4805
 20
6066.0
 10
12765.4795
 20
6066.0
 10
12765.4795
 20
6115.9998
 10
12741.4805
 20
6115.9998
  0
LWPOLYLINE
  5
909
330
17
100
AcDbEntity
  8
STOU
100
AcDbPolyline
 90
4
 70
1
 10
12822.9004
 20
6066.0
 10
12846.8994
 20
6066.0
 10
12846.8994
 20
6115.9998
 10
12822.9004
 20
6115.9998
  0
LWPOLYLINE
  5
90A
330
17
100
AcDbEntity
  8
STOU
100
AcDbPolyline
 90
4
 70
1
 10
12822.9004
 20
6066.0
 10
12846.8994
 20
6066.0
 10
12846.8994
 20
6115.9998
 10
12822.9004
 20
6115.9998
  0
LWPOLYLINE
  5
90B
330
17
100
AcDbEntity
  8
STOU
100
AcDbPolyline
 90
4
 70
1
 10
12701.0
 20
6066.0
 10
12721.0
 20
6066.0
 10
12721.0
 20
6156.0
 10
12701.0
 20
6156.0
  0
LWPOLYLINE
  5
90C
330
17
100
AcDbEntity
  8
STOU
100
AcDbPolyline
 90
4
 70
1
 10
12701.0
 20
6066.0
 10
12721.0
 20
6066.0
 10
12721.0
 20
6156.0
 10
12701.0
 20
6156.0
  0
LWPOLYLINE
  5
90D
330
17
100
AcDbEntity
  8
STOU
100
AcDbPolyline
 90
4
 70
1
 10
12701.0
 20
6066.0
 10
12721.0
 20
6066.0
 10
12721.0
 20
6156.0
 10
12701.0
 20
6156.0
  0
LWPOLYLINE
  5
90E
330
17
100
AcDbEntity
  8
STOU
100
AcDbPolyline
 90
4
 70
1
 10
12701.0
 20
6066.0
 10
12721.0
 20
6066.0
 10
12721.0
 20
6156.0
 10
12701.0
 20
6156.0
  0
LWPOLYLINE
  5
90F
330
17
100
AcDbEntity
  8
STOU
100
AcDbPolyline
 90
4
 70
1
 10
12701.0
 20
6066.0
 10
12721.0
 20
6066.0
 10
12721.0
 20
6156.0
 10
12701.0
 20
6156.0
  0
LWPOLYLINE
  5
910
330
17
100
AcDbEntity
  8
STOU
100
AcDbPolyline
 90
4
 70
1
 10
12554.0
 20
5972.0
 10
12867.999
 20
5972.0
 10
12867.999
 20
5976.0
 10
12554.0
 20
5976.0
  0
LWPOLYLINE
  5
911
330
17
100
AcDbEntity
  8
STOU
100
AcDbPolyline
 90
4
 70
1
 10
12634.0
 20
5886.0
 10
12764.0
 20
5886.0
 10
12764.0
 20
5974.0
 10
12634.0
 20
5974.0
  0
LWPOLYLINE
  5
912
330
17
100
AcDbEntity
  8
STOU
100
AcDbPolyline
 90
4
 70
1
 10
12683.3994
 20
5826.0
 10
12714.5996
 20
5826.0
 10
12714.5996
 20
5842.9998
 10
12683.3994
 20
5842.9998
  0
LWPOLYLINE
  5
913
330
17
100
AcDbEntity
  8
STOU
100
AcDbPolyline
 90
4
 70
1
 10
12762.0
 20
5766.0
 10
12820.0
 20
5766.0
 10
12820.0
 20
5841.0
 10
12762.0
 20
5841.0
  0
LWPOLYLINE
  5
914
330
17
100
AcDbEntity
  8
STOU
100
AcDbPolyline
 90
4
 70
1
 10
12923.0
 20
5841.0
 10
13277.0
 20
5841.0
 10
13277.0
 20
6066.0
 10
12923.0
 20
6066.0
  0
LWPOLYLINE
  5
915
330
17
100
AcDbEntity
  8
STOU
100
AcDbPolyline
 90
4
 70
1
 10
12964.1006
 20
6066.0
 10
12988.1006
 20
6066.0
 10
12988.1006
 20
6115.9998
 10
12964.1006
 20
6115.9998
  0
LWPOLYLINE
  5
916
330
17
100
AcDbEntity
  8
STOU
100
AcDbPolyline
 90
4
 70
1
 10
12964.1006
 20
6066.0
 10
12988.1006
 20
6066.0
 10
12988.1006
 20
6115.9998
 10
12964.1006
 20
6115.9998
  0
LWPOLYLINE
  5
917
330
17
100
AcDbEntity
  8
STOU
100
AcDbPolyline
 90
4
 70
1
 10
13045.5205
 20
6066.0
 10
13069.5205
 20
6066.0
 10
13069.5205
 20
6115.9998
 10
13045.5205
 20
6115.9998
  0
LWPOLYLINE
  5
918
330
17
100
AcDbEntity
  8
STOU
100
AcDbPolyline
 90
4
 70
1
 10
13045.5205
 20
6066.0
 10
13069.5205
 20
6066.0
 10
13069.5205
 20
6115.9998
 10
13045.5205
 20
6115.9998
  0
LWPOLYLINE
  5
919
330
17
100
AcDbEntity
  8
STOU
100
AcDbPolyline
 90
4
 70
1
 10
13130.4805
 20
6066.0
 10
13154.4805
 20
6066.0
 10
13154.4805
 20
6115.9998
 10
13130.4805
 20
6115.9998
  0
LWPOLYLINE
  5
91A
330
17
100
AcDbEntity
  8
STOU
100
AcDbPolyline
 90
4
 70
1
 10
13130.4805
 20
6066.0
 10
13154.4805
 20
6066.0
 10
13154.4805
 20
6115.9998
 10
13130.4805
 20
6115.9998
  0
LWPOLYLINE
  5
91B
330
17
100
AcDbEntity
  8
STOU
100
AcDbPolyline
 90
4
 70
1
 10
13211.9004
 20
6066.0
 10
13235.9004
 20
6066.0
 10
13235.9004
 20
6115.9998
 10
13211.9004
 20
6115.9998
  0
LWPOLYLINE
  5
91C
330
17
100
AcDbEntity
  8
STOU
100
AcDbPolyline
 90
4
 70
1
 10
13211.9004
 20
6066.0
 10
13235.9004
 20
6066.0
 10
13235.9004
 20
6115.9998
 10
13211.9004
 20
6115.9998
  0
LWPOLYLINE
  5
91D
330
17
100
AcDbEntity
  8
STOU
100
AcDbPolyline
 90
4
 70
1
 10
13090.0
 20
6066.0
 10
13110.0
 20
6066.0
 10
13110.0
 20
6156.0
 10
13090.0
 20
6156.0
  0
LWPOLYLINE
  5
91E
330
17
100
AcDbEntity
  8
STOU
100
AcDbPolyline
 90
4
 70
1
 10
13090.0
 20
6066.0
 10
13110.0
 20
6066.0
 10
13110.0
 20
6156.0
 10
13090.0
 20
6156.0
  0
LWPOLYLINE
  5
91F
330
17
100
AcDbEntity
  8
STOU
100
AcDbPolyline
 90
4
 70
1
 10
13090.0
 20
6066.0
 10
13110.0
 20
6066.0
 10
13110.0
 20
6156.0
 10
13090.0
 20
6156.0
  0
LWPOLYLINE
  5
920
330
17
100
AcDbEntity
  8
STOU
100
AcDbPolyline
 90
4
 70
1
 10
13090.0
 20
6066.0
 10
13110.0
 20
6066.0
 10
13110.0
 20
6156.0
 10
13090.0
 20
6156.0
  0
LWPOLYLINE
  5
921
330
17
100
AcDbEntity
  8
STOU
100
AcDbPolyline
 90
4
 70
1
 10
13090.0
 20
6066.0
 10
13110.0
 20
6066.0
 10
13110.0
 20
6156.0
 10
13090.0
 20
6156.0
  0
LWPOLYLINE
  5
922
330
17
100
AcDbEntity
  8
STOU
100
AcDbPolyline
 90
4
 70
1
 10
12943.0
 20
5972.0
 10
13257.0
 20
5972.0
 10
13257.0
 20
5976.0
 10
12943.0
 20
5976.0
  0
LWPOLYLINE
  5
923
330
17
100
AcDbEntity
  8
STOU
100
AcDbPolyline
 90
4
 70
1
 10
13023.0
 20
5886.0
 10
13153.0
 20
5886.0
 10
13153.0
 20
5974.0
 10
13023.0
 20
5974.0
  0
LWPOLYLINE
  5
924
330
17
100
AcDbEntity
  8
STOU
100
AcDbPolyline
 90
4
 70
1
 10
13072.4004
 20
5826.0
 10
13103.5996
 20
5826.0
 10
13103.5996
 20
5842.9998
 10
13072.4004
 20
5842.9998
  0
LWPOLYLINE
  5
925
330
17
100
AcDbEntity
  8
STOU
100
AcDbPolyline
 90
4
 70
1
 10
13150.999
 20
5766.0
 10
13209.0
 20
5766.0
 10
13209.0
 20
5841.0
 10
13150.999
 20
5841.0
  0
LWPOLYLINE
  5
926
330
17
100
AcDbEntity
  8
STOU
100
AcDbPolyline
 90
4
 70
1
 10
13373.0
 20
5841.0
 10
13727.0
 20
5841.0
 10
13727.0
 20
6066.0
 10
13373.0
 20
6066.0
  0
LWPOLYLINE
  5
927
330
17
100
AcDbEntity
  8
STOU
100
AcDbPolyline
 90
4
 70
1
 10
13414.0996
 20
6066.0
 10
13438.0996
 20
6066.0
 10
13438.0996
 20
6115.9998
 10
13414.0996
 20
6115.9998
  0
LWPOLYLINE
  5
928
330
17
100
AcDbEntity
  8
STOU
100
AcDbPolyline
 90
4
 70
1
 10
13414.0996
 20
6066.0
 10
13438.0996
 20
6066.0
 10
13438.0996
 20
6115.9998
 10
13414.0996
 20
6115.9998
  0
LWPOLYLINE
  5
929
330
17
100
AcDbEntity
  8
STOU
100
AcDbPolyline
 90
4
 70
1
 10
13495.5
 20
6066.0
 10
13519.499
 20
6066.0
 10
13519.499
 20
6115.9998
 10
13495.5
 20
6115.9998
  0
LWPOLYLINE
  5
92A
330
17
100
AcDbEntity
  8
STOU
100
AcDbPolyline
 90
4
 70
1
 10
13495.5
 20
6066.0
 10
13519.499
 20
6066.0
 10
13519.499
 20
6115.9998
 10
13495.5
 20
6115.9998
  0
LWPOLYLINE
  5
92B
330
17
100
AcDbEntity
  8
STOU
100
AcDbPolyline
 90
4
 70
1
 10
13580.5
 20
6066.0
 10
13604.499
 20
6066.0
 10
13604.499
 20
6115.9998
 10
13580.5
 20
6115.9998
  0
LWPOLYLINE
  5
92C
330
17
100
AcDbEntity
  8
STOU
100
AcDbPolyline
 90
4
 70
1
 10
13580.5
 20
6066.0
 10
13604.499
 20
6066.0
 10
13604.499
 20
6115.9998
 10
13580.5
 20
6115.9998
  0
LWPOLYLINE
  5
92D
330
17
100
AcDbEntity
  8
STOU
100
AcDbPolyline
 90
4
 70
1
 10
13661.9004
 20
6066.0
 10
13685.8994
 20
6066.0
 10
13685.8994
 20
6115.9998
 10
13661.9004
 20
6115.9998
  0
LWPOLYLINE
  5
92E
330
17
100
AcDbEntity
  8
STOU
100
AcDbPolyline
 90
4
 70
1
 10
13661.9004
 20
6066.0
 10
13685.8994
 20
6066.0
 10
13685.8994
 20
6115.9998
 10
13661.9004
 20
6115.9998
  0
LWPOLYLINE
  5
92F
330
17
100
AcDbEntity
  8
STOU
100
AcDbPolyline
 90
4
 70
1
 10
13539.999
 20
6066.0
 10
13560.0
 20
6066.0
 10
13560.0
 20
6156.0
 10
13539.999
 20
6156.0
  0
LWPOLYLINE
  5
930
330
17
100
AcDbEntity
  8
STOU
100
AcDbPolyline
 90
4
 70
1
 10
13539.999
 20
6066.0
 10
13560.0
 20
6066.0
 10
13560.0
 20
6156.0
 10
13539.999
 20
6156.0
  0
LWPOLYLINE
  5
931
330
17
100
AcDbEntity
  8
STOU
100
AcDbPolyline
 90
4
 70
1
 10
13539.999
 20
6066.0
 10
13560.0
 20
6066.0
 10
13560.0
 20
6156.0
 10
13539.999
 20
6156.0
  0
LWPOLYLINE
  5
932
330
17
100
AcDbEntity
  8
STOU
100
AcDbPolyline
 90
4
 70
1
 10
13539.999
 20
6066.0
 10
13560.0
 20
6066.0
 10
13560.0
 20
6156.0
 10
13539.999
 20
6156.0
  0
LWPOLYLINE
  5
933
330
17
100
AcDbEntity
  8
STOU
100
AcDbPolyline
 90
4
 70
1
 10
13539.999
 20
6066.0
 10
13560.0
 20
6066.0
 10
13560.0
 20
6156.0
 10
13539.999
 20
6156.0
  0
LWPOLYLINE
  5
934
330
17
100
AcDbEntity
  8
STOU
100
AcDbPolyline
 90
4
 70
1
 10
13393.0
 20
5972.0
 10
13706.999
 20
5972.0
 10
13706.999
 20
5976.0
 10
13393.0
 20
5976.0
  0
LWPOLYLINE
  5
935
330
17
100
AcDbEntity
  8
STOU
100
AcDbPolyline
 90
4
 70
1
 10
13473.0
 20
5885.9998
 10
13603.0
 20
5885.9998
 10
13603.0
 20
5974.0
 10
13473.0
 20
5974.0
  0
LWPOLYLINE
  5
936
330
17
100
AcDbEntity
  8
STOU
100
AcDbPolyline
 90
4
 70
1
 10
13522.3994
 20
5826.0
 10
13553.5996
 20
5826.0
 10
13553.5996
 20
5842.9998
 10
13522.3994
 20
5842.9998
  0
LWPOLYLINE
  5
937
330
17
100
AcDbEntity
  8
STOU
100
AcDbPolyline
 90
4
 70
1
 10
13595.0
 20
5766.0
 10
13664.999
 20
5766.0
 10
13664.999
 20
5841.0
 10
13595.0
 20
5841.0
  0
LWPOLYLINE
  5
938
330
17
100
AcDbEntity
  8
WHIP
100
AcDbPolyline
 90
4
 70
1
 10
2270.428
 20
5425.362999999999
 10
2351.572
 20
5425.362999999999
 10
2351.572
 20
5642.637000000001
 10
2270.428
 20
5642.637000000001
  0
LWPOLYLINE
  5
939
330
17
100
AcDbEntity
  8
WHIP
100
AcDbPolyline
 90
4
 70
1
 10
2231.0
 20
5299.9998
 10
2341.0
 20
5299.9998
 10
2341.0
 20
5429.9998
 10
2231.0
 20
5429.9998
  0
LWPOLYLINE
  5
93A
330
17
100
AcDbEntity
  8
WHIP
100
AcDbPolyline
 90
4
 70
1
 10
2270.428
 20
5425.362999999999
 10
2351.572
 20
5425.362999999999
 10
2351.572
 20
5642.637000000001
 10
2270.428
 20
5642.637000000001
  0
LWPOLYLINE
  5
93B
330
17
100
AcDbEntity
  8
WHIP
100
AcDbPolyline
 90
4
 70
1
 10
2231.0
 20
5299.9998
 10
2341.0
 20
5299.9998
 10
2341.0
 20
5429.9998
 10
2231.0
 20
5429.9998
  0
LWPOLYLINE
  5
93C
330
17
100
AcDbEntity
  8
WHIP
100
AcDbPolyline
 90
4
 70
1
 10
3420.4282
 20
5425.362999999999
 10
3501.572
 20
5425.362999999999
 10
3501.572
 20
5642.637000000001
 10
3420.4282
 20
5642.637000000001
  0
LWPOLYLINE
  5
93D
330
17
100
AcDbEntity
  8
WHIP
100
AcDbPolyline
 90
4
 70
1
 10
3381.0002
 20
5299.9998
 10
3491.0
 20
5299.9998
 10
3491.0
 20
5429.9998
 10
3381.0002
 20
5429.9998
  0
LWPOLYLINE
  5
93E
330
17
100
AcDbEntity
  8
WHIP
100
AcDbPolyline
 90
4
 70
1
 10
3420.4282
 20
5425.362999999999
 10
3501.572
 20
5425.362999999999
 10
3501.572
 20
5642.637000000001
 10
3420.4282
 20
5642.637000000001
  0
LWPOLYLINE
  5
93F
330
17
100
AcDbEntity
  8
WHIP
100
AcDbPolyline
 90
4
 70
1
 10
3381.0002
 20
5299.9998
 10
3491.0
 20
5299.9998
 10
3491.0
 20
5429.9998
 10
3381.0002
 20
5429.9998
  0
LWPOLYLINE
  5
940
330
17
100
AcDbEntity
  8
WHIP
100
AcDbPolyline
 90
4
 70
1
 10
4570.428
 20
5425.362999999999
 10
4651.5718
 20
5425.362999999999
 10
4651.5718
 20
5642.637000000001
 10
4570.428
 20
5642.637000000001
  0
LWPOLYLINE
  5
941
330
17
100
AcDbEntity
  8
WHIP
100
AcDbPolyline
 90
4
 70
1
 10
4531.0
 20
5299.9998
 10
4641.0
 20
5299.9998
 10
4641.0
 20
5429.9998
 10
4531.0
 20
5429.9998
  0
LWPOLYLINE
  5
942
330
17
100
AcDbEntity
  8
WHIP
100
AcDbPolyline
 90
4
 70
1
 10
4570.428
 20
5425.362999999999
 10
4651.5718
 20
5425.362999999999
 10
4651.5718
 20
5642.637000000001
 10
4570.428
 20
5642.637000000001
  0
LWPOLYLINE
  5
943
330
17
100
AcDbEntity
  8
WHIP
100
AcDbPolyline
 90
4
 70
1
 10
4531.0
 20
5299.9998
 10
4641.0
 20
5299.9998
 10
4641.0
 20
5429.9998
 10
4531.0
 20
5429.9998
  0
LWPOLYLINE
  5
944
330
17
100
AcDbEntity
  8
WHIP
100
AcDbPolyline
 90
4
 70
1
 10
5720.4277
 20
5425.362999999999
 10
5801.5723
 20
5425.362999999999
 10
5801.5723
 20
5642.637000000001
 10
5720.4277
 20
5642.637000000001
  0
LWPOLYLINE
  5
945
330
17
100
AcDbEntity
  8
WHIP
100
AcDbPolyline
 90
4
 70
1
 10
5681.0
 20
5299.9998
 10
5791.0005
 20
5299.9998
 10
5791.0005
 20
5429.9998
 10
5681.0
 20
5429.9998
  0
LWPOLYLINE
  5
946
330
17
100
AcDbEntity
  8
WHIP
100
AcDbPolyline
 90
4
 70
1
 10
5720.4277
 20
5425.362999999999
 10
5801.5723
 20
5425.362999999999
 10
5801.5723
 20
5642.637000000001
 10
5720.4277
 20
5642.637000000001
  0
LWPOLYLINE
  5
947
330
17
100
AcDbEntity
  8
WHIP
100
AcDbPolyline
 90
4
 70
1
 10
5681.0
 20
5299.9998
 10
5791.0005
 20
5299.9998
 10
5791.0005
 20
5429.9998
 10
5681.0
 20
5429.9998
  0
LWPOLYLINE
  5
948
330
17
100
AcDbEntity
  8
WHIP
100
AcDbPolyline
 90
4
 70
1
 10
8270.4277
 20
5425.362999999999
 10
8351.5718
 20
5425.362999999999
 10
8351.5718
 20
5642.637000000001
 10
8270.4277
 20
5642.637000000001
  0
LWPOLYLINE
  5
949
330
17
100
AcDbEntity
  8
WHIP
100
AcDbPolyline
 90
4
 70
1
 10
8231.0
 20
5299.9998
 10
8341.0
 20
5299.9998
 10
8341.0
 20
5429.9998
 10
8231.0
 20
5429.9998
  0
LWPOLYLINE
  5
94A
330
17
100
AcDbEntity
  8
WHIP
100
AcDbPolyline
 90
4
 70
1
 10
8270.4277
 20
5425.362999999999
 10
8351.5718
 20
5425.362999999999
 10
8351.5718
 20
5642.637000000001
 10
8270.4277
 20
5642.637000000001
  0
LWPOLYLINE
  5
94B
330
17
100
AcDbEntity
  8
WHIP
100
AcDbPolyline
 90
4
 70
1
 10
8231.0
 20
5299.9998
 10
8341.0
 20
5299.9998
 10
8341.0
 20
5429.9998
 10
8231.0
 20
5429.9998
  0
LWPOLYLINE
  5
94C
330
17
100
AcDbEntity
  8
WHIP
100
AcDbPolyline
 90
4
 70
1
 10
9420.4277
 20
5425.362999999999
 10
9501.5723
 20
5425.362999999999
 10
9501.5723
 20
5642.637000000001
 10
9420.4277
 20
5642.637000000001
  0
LWPOLYLINE
  5
94D
330
17
100
AcDbEntity
  8
WHIP
100
AcDbPolyline
 90
4
 70
1
 10
9381.0
 20
5299.9998
 10
9491.0
 20
5299.9998
 10
9491.0
 20
5429.9998
 10
9381.0
 20
5429.9998
  0
LWPOLYLINE
  5
94E
330
17
100
AcDbEntity
  8
WHIP
100
AcDbPolyline
 90
4
 70
1
 10
9420.4277
 20
5425.362999999999
 10
9501.5723
 20
5425.362999999999
 10
9501.5723
 20
5642.637000000001
 10
9420.4277
 20
5642.637000000001
  0
LWPOLYLINE
  5
94F
330
17
100
AcDbEntity
  8
WHIP
100
AcDbPolyline
 90
4
 70
1
 10
9381.0
 20
5299.9998
 10
9491.0
 20
5299.9998
 10
9491.0
 20
5429.9998
 10
9381.0
 20
5429.9998
  0
LWPOLYLINE
  5
950
330
17
100
AcDbEntity
  8
WHIP
100
AcDbPolyline
 90
4
 70
1
 10
10545.1113
 20
5426.4624
 10
10601.8896
 20
5426.4624
 10
10601.8896
 20
5641.5376
 10
10545.1113
 20
5641.5376
  0
LWPOLYLINE
  5
951
330
17
100
AcDbEntity
  8
WHIP
100
AcDbPolyline
 90
4
 70
1
 10
10506.001
 20
5299.9998
 10
10616.001
 20
5299.9998
 10
10616.001
 20
5429.9998
 10
10506.001
 20
5429.9998
  0
LWPOLYLINE
  5
952
330
17
100
AcDbEntity
  8
WHIP
100
AcDbPolyline
 90
4
 70
1
 10
10545.1113
 20
5426.4624
 10
10601.8896
 20
5426.4624
 10
10601.8896
 20
5641.5376
 10
10545.1113
 20
5641.5376
  0
LWPOLYLINE
  5
953
330
17
100
AcDbEntity
  8
WHIP
100
AcDbPolyline
 90
4
 70
1
 10
10506.001
 20
5299.9998
 10
10616.001
 20
5299.9998
 10
10616.001
 20
5429.9998
 10
10506.001
 20
5429.9998
  0
LWPOLYLINE
  5
954
330
17
100
AcDbEntity
  8
WHIP
100
AcDbPolyline
 90
4
 70
1
 10
11720.4277
 20
5425.362999999999
 10
11801.5723
 20
5425.362999999999
 10
11801.5723
 20
5642.637000000001
 10
11720.4277
 20
5642.637000000001
  0
LWPOLYLINE
  5
955
330
17
100
AcDbEntity
  8
WHIP
100
AcDbPolyline
 90
4
 70
1
 10
11681.0
 20
5299.9998
 10
11791.0
 20
5299.9998
 10
11791.0
 20
5429.9998
 10
11681.0
 20
5429.9998
  0
LWPOLYLINE
  5
956
330
17
100
AcDbEntity
  8
WHIP
100
AcDbPolyline
 90
4
 70
1
 10
11720.4277
 20
5425.362999999999
 10
11801.5723
 20
5425.362999999999
 10
11801.5723
 20
5642.637000000001
 10
11720.4277
 20
5642.637000000001
  0
LWPOLYLINE
  5
957
330
17
100
AcDbEntity
  8
WHIP
100
AcDbPolyline
 90
4
 70
1
 10
11681.0
 20
5299.9998
 10
11791.0
 20
5299.9998
 10
11791.0
 20
5429.9998
 10
11681.0
 20
5429.9998
  0
LWPOLYLINE
  5
958
330
17
100
AcDbEntity
  8
WHIP
100
AcDbPolyline
 90
4
 70
1
 10
1675.0001
 20
5430.0
 10
1707.0001
 20
5430.0
 10
1707.0001
 20
5766.0
 10
1675.0001
 20
5766.0
  0
LWPOLYLINE
  5
959
330
17
100
AcDbEntity
  8
WHIP
100
AcDbPolyline
 90
4
 70
1
 10
1636.0
 20
5299.9998
 10
1746.0
 20
5299.9998
 10
1746.0
 20
5430.0
 10
1636.0
 20
5430.0
  0
LWPOLYLINE
  5
95A
330
17
100
AcDbEntity
  8
WHIP
100
AcDbPolyline
 90
4
 70
1
 10
3075.0
 20
5430.0
 10
3107.0
 20
5430.0
 10
3107.0
 20
5766.0
 10
3075.0
 20
5766.0
  0
LWPOLYLINE
  5
95B
330
17
100
AcDbEntity
  8
WHIP
100
AcDbPolyline
 90
4
 70
1
 10
3036.0002
 20
5299.9998
 10
3146.0
 20
5299.9998
 10
3146.0
 20
5430.0
 10
3036.0002
 20
5430.0
  0
LWPOLYLINE
  5
95C
330
17
100
AcDbEntity
  8
WHIP
100
AcDbPolyline
 90
4
 70
1
 10
4015.0
 20
5430.0
 10
4046.9998
 20
5430.0
 10
4046.9998
 20
5766.0
 10
4015.0
 20
5766.0
  0
LWPOLYLINE
  5
95D
330
17
100
AcDbEntity
  8
WHIP
100
AcDbPolyline
 90
4
 70
1
 10
3976.0
 20
5299.9998
 10
4085.9998
 20
5299.9998
 10
4085.9998
 20
5430.0
 10
3976.0
 20
5430.0
  0
LWPOLYLINE
  5
95E
330
17
100
AcDbEntity
  8
WHIP
100
AcDbPolyline
 90
4
 70
1
 10
5375.0
 20
5430.0
 10
5407.0
 20
5430.0
 10
5407.0
 20
5766.0
 10
5375.0
 20
5766.0
  0
LWPOLYLINE
  5
95F
330
17
100
AcDbEntity
  8
WHIP
100
AcDbPolyline
 90
4
 70
1
 10
5336.0
 20
5299.9998
 10
5446.0
 20
5299.9998
 10
5446.0
 20
5430.0
 10
5336.0
 20
5430.0
  0
LWPOLYLINE
  5
960
330
17
100
AcDbEntity
  8
WHIP
100
AcDbPolyline
 90
4
 70
1
 10
6625.0
 20
5430.0
 10
6657.0
 20
5430.0
 10
6657.0
 20
5766.0
 10
6625.0
 20
5766.0
  0
LWPOLYLINE
  5
961
330
17
100
AcDbEntity
  8
WHIP
100
AcDbPolyline
 90
4
 70
1
 10
6586.0
 20
5299.9998
 10
6696.0
 20
5299.9998
 10
6696.0
 20
5430.0
 10
6586.0
 20
5430.0
  0
LWPOLYLINE
  5
962
330
17
100
AcDbEntity
  8
WHIP
100
AcDbPolyline
 90
4
 70
1
 10
7225.0005
 20
5430.0
 10
7257.0005
 20
5430.0
 10
7257.0005
 20
5766.0
 10
7225.0005
 20
5766.0
  0
LWPOLYLINE
  5
963
330
17
100
AcDbEntity
  8
WHIP
100
AcDbPolyline
 90
4
 70
1
 10
7186.0005
 20
5299.9998
 10
7296.0005
 20
5299.9998
 10
7296.0005
 20
5430.0
 10
7186.0005
 20
5430.0
  0
LWPOLYLINE
  5
964
330
17
100
AcDbEntity
  8
WHIP
100
AcDbPolyline
 90
4
 70
1
 10
7825.0
 20
5430.0
 10
7857.0005
 20
5430.0
 10
7857.0005
 20
5766.0
 10
7825.0
 20
5766.0
  0
LWPOLYLINE
  5
965
330
17
100
AcDbEntity
  8
WHIP
100
AcDbPolyline
 90
4
 70
1
 10
7786.0
 20
5299.9998
 10
7896.0005
 20
5299.9998
 10
7896.0005
 20
5430.0
 10
7786.0
 20
5430.0
  0
LWPOLYLINE
  5
966
330
17
100
AcDbEntity
  8
WHIP
100
AcDbPolyline
 90
4
 70
1
 10
9075.0
 20
5430.0
 10
9107.0
 20
5430.0
 10
9107.0
 20
5766.0
 10
9075.0
 20
5766.0
  0
LWPOLYLINE
  5
967
330
17
100
AcDbEntity
  8
WHIP
100
AcDbPolyline
 90
4
 70
1
 10
9035.9995
 20
5299.9998
 10
9146.0
 20
5299.9998
 10
9146.0
 20
5430.0
 10
9035.9995
 20
5430.0
  0
LWPOLYLINE
  5
968
330
17
100
AcDbEntity
  8
WHIP
100
AcDbPolyline
 90
4
 70
1
 10
10225.0
 20
5430.0
 10
10256.999
 20
5430.0
 10
10256.999
 20
5766.0
 10
10225.0
 20
5766.0
  0
LWPOLYLINE
  5
969
330
17
100
AcDbEntity
  8
WHIP
100
AcDbPolyline
 90
4
 70
1
 10
10185.999
 20
5299.9998
 10
10296.0
 20
5299.9998
 10
10296.0
 20
5430.0
 10
10185.999
 20
5430.0
  0
LWPOLYLINE
  5
96A
330
17
100
AcDbEntity
  8
WHIP
100
AcDbPolyline
 90
4
 70
1
 10
11375.0
 20
5430.0
 10
11407.0
 20
5430.0
 10
11407.0
 20
5766.0
 10
11375.0
 20
5766.0
  0
LWPOLYLINE
  5
96B
330
17
100
AcDbEntity
  8
WHIP
100
AcDbPolyline
 90
4
 70
1
 10
11336.0
 20
5299.9998
 10
11446.0
 20
5299.9998
 10
11446.0
 20
5430.0
 10
11336.0
 20
5430.0
  0
LWPOLYLINE
  5
96C
330
17
100
AcDbEntity
  8
WHIP
100
AcDbPolyline
 90
4
 70
1
 10
12775.0
 20
5430.0
 10
12807.0
 20
5430.0
 10
12807.0
 20
5766.0
 10
12775.0
 20
5766.0
  0
LWPOLYLINE
  5
96D
330
17
100
AcDbEntity
  8
WHIP
100
AcDbPolyline
 90
4
 70
1
 10
12735.999
 20
5299.9998
 10
12846.0
 20
5299.9998
 10
12846.0
 20
5430.0
 10
12735.999
 20
5430.0
  0
LWPOLYLINE
  5
96E
330
17
100
AcDbEntity
  8
WHIP
100
AcDbPolyline
 90
4
 70
1
 10
13164.0
 20
5430.0
 10
13196.0
 20
5430.0
 10
13196.0
 20
5766.0
 10
13164.0
 20
5766.0
  0
LWPOLYLINE
  5
96F
330
17
100
AcDbEntity
  8
WHIP
100
AcDbPolyline
 90
4
 70
1
 10
13124.999
 20
5299.9998
 10
13235.0
 20
5299.9998
 10
13235.0
 20
5430.0
 10
13124.999
 20
5430.0
  0
LWPOLYLINE
  5
970
330
17
100
AcDbEntity
  8
WHIP
100
AcDbPolyline
 90
4
 70
1
 10
2270.428
 20
5425.362999999999
 10
2351.572
 20
5425.362999999999
 10
2351.572
 20
5642.637000000001
 10
2270.428
 20
5642.637000000001
  0
LWPOLYLINE
  5
971
330
17
100
AcDbEntity
  8
WHIP
100
AcDbPolyline
 90
4
 70
1
 10
2231.0
 20
5299.9998
 10
2341.0
 20
5299.9998
 10
2341.0
 20
5429.9998
 10
2231.0
 20
5429.9998
  0
LWPOLYLINE
  5
972
330
17
100
AcDbEntity
  8
WHIP
100
AcDbPolyline
 90
4
 70
1
 10
2270.428
 20
5425.362999999999
 10
2351.572
 20
5425.362999999999
 10
2351.572
 20
5642.637000000001
 10
2270.428
 20
5642.637000000001
  0
LWPOLYLINE
  5
973
330
17
100
AcDbEntity
  8
WHIP
100
AcDbPolyline
 90
4
 70
1
 10
2231.0
 20
5299.9998
 10
2341.0
 20
5299.9998
 10
2341.0
 20
5429.9998
 10
2231.0
 20
5429.9998
  0
LWPOLYLINE
  5
974
330
17
100
AcDbEntity
  8
WHIP
100
AcDbPolyline
 90
4
 70
1
 10
3420.4282
 20
5425.362999999999
 10
3501.572
 20
5425.362999999999
 10
3501.572
 20
5642.637000000001
 10
3420.4282
 20
5642.637000000001
  0
LWPOLYLINE
  5
975
330
17
100
AcDbEntity
  8
WHIP
100
AcDbPolyline
 90
4
 70
1
 10
3381.0002
 20
5299.9998
 10
3491.0
 20
5299.9998
 10
3491.0
 20
5429.9998
 10
3381.0002
 20
5429.9998
  0
LWPOLYLINE
  5
976
330
17
100
AcDbEntity
  8
WHIP
100
AcDbPolyline
 90
4
 70
1
 10
3420.4282
 20
5425.362999999999
 10
3501.572
 20
5425.362999999999
 10
3501.572
 20
5642.637000000001
 10
3420.4282
 20
5642.637000000001
  0
LWPOLYLINE
  5
977
330
17
100
AcDbEntity
  8
WHIP
100
AcDbPolyline
 90
4
 70
1
 10
3381.0002
 20
5299.9998
 10
3491.0
 20
5299.9998
 10
3491.0
 20
5429.9998
 10
3381.0002
 20
5429.9998
  0
LWPOLYLINE
  5
978
330
17
100
AcDbEntity
  8
WHIP
100
AcDbPolyline
 90
4
 70
1
 10
4570.428
 20
5425.362999999999
 10
4651.5718
 20
5425.362999999999
 10
4651.5718
 20
5642.637000000001
 10
4570.428
 20
5642.637000000001
  0
LWPOLYLINE
  5
979
330
17
100
AcDbEntity
  8
WHIP
100
AcDbPolyline
 90
4
 70
1
 10
4531.0
 20
5299.9998
 10
4641.0
 20
5299.9998
 10
4641.0
 20
5429.9998
 10
4531.0
 20
5429.9998
  0
LWPOLYLINE
  5
97A
330
17
100
AcDbEntity
  8
WHIP
100
AcDbPolyline
 90
4
 70
1
 10
4570.428
 20
5425.362999999999
 10
4651.5718
 20
5425.362999999999
 10
4651.5718
 20
5642.637000000001
 10
4570.428
 20
5642.637000000001
  0
LWPOLYLINE
  5
97B
330
17
100
AcDbEntity
  8
WHIP
100
AcDbPolyline
 90
4
 70
1
 10
4531.0
 20
5299.9998
 10
4641.0
 20
5299.9998
 10
4641.0
 20
5429.9998
 10
4531.0
 20
5429.9998
  0
LWPOLYLINE
  5
97C
330
17
100
AcDbEntity
  8
WHIP
100
AcDbPolyline
 90
4
 70
1
 10
5720.4277
 20
5425.362999999999
 10
5801.5723
 20
5425.362999999999
 10
5801.5723
 20
5642.637000000001
 10
5720.4277
 20
5642.637000000001
  0
LWPOLYLINE
  5
97D
330
17
100
AcDbEntity
  8
WHIP
100
AcDbPolyline
 90
4
 70
1
 10
5681.0
 20
5299.9998
 10
5791.0005
 20
5299.9998
 10
5791.0005
 20
5429.9998
 10
5681.0
 20
5429.9998
  0
LWPOLYLINE
  5
97E
330
17
100
AcDbEntity
  8
WHIP
100
AcDbPolyline
 90
4
 70
1
 10
5720.4277
 20
5425.362999999999
 10
5801.5723
 20
5425.362999999999
 10
5801.5723
 20
5642.637000000001
 10
5720.4277
 20
5642.637000000001
  0
LWPOLYLINE
  5
97F
330
17
100
AcDbEntity
  8
WHIP
100
AcDbPolyline
 90
4
 70
1
 10
5681.0
 20
5299.9998
 10
5791.0005
 20
5299.9998
 10
5791.0005
 20
5429.9998
 10
5681.0
 20
5429.9998
  0
LWPOLYLINE
  5
980
330
17
100
AcDbEntity
  8
WHIP
100
AcDbPolyline
 90
4
 70
1
 10
8270.4277
 20
5425.362999999999
 10
8351.5718
 20
5425.362999999999
 10
8351.5718
 20
5642.637000000001
 10
8270.4277
 20
5642.637000000001
  0
LWPOLYLINE
  5
981
330
17
100
AcDbEntity
  8
WHIP
100
AcDbPolyline
 90
4
 70
1
 10
8231.0
 20
5299.9998
 10
8341.0
 20
5299.9998
 10
8341.0
 20
5429.9998
 10
8231.0
 20
5429.9998
  0
LWPOLYLINE
  5
982
330
17
100
AcDbEntity
  8
WHIP
100
AcDbPolyline
 90
4
 70
1
 10
8270.4277
 20
5425.362999999999
 10
8351.5718
 20
5425.362999999999
 10
8351.5718
 20
5642.637000000001
 10
8270.4277
 20
5642.637000000001
  0
LWPOLYLINE
  5
983
330
17
100
AcDbEntity
  8
WHIP
100
AcDbPolyline
 90
4
 70
1
 10
8231.0
 20
5299.9998
 10
8341.0
 20
5299.9998
 10
8341.0
 20
5429.9998
 10
8231.0
 20
5429.9998
  0
LWPOLYLINE
  5
984
330
17
100
AcDbEntity
  8
WHIP
100
AcDbPolyline
 90
4
 70
1
 10
9420.4277
 20
5425.362999999999
 10
9501.5723
 20
5425.362999999999
 10
9501.5723
 20
5642.637000000001
 10
9420.4277
 20
5642.637000000001
  0
LWPOLYLINE
  5
985
330
17
100
AcDbEntity
  8
WHIP
100
AcDbPolyline
 90
4
 70
1
 10
9381.0
 20
5299.9998
 10
9491.0
 20
5299.9998
 10
9491.0
 20
5429.9998
 10
9381.0
 20
5429.9998
  0
LWPOLYLINE
  5
986
330
17
100
AcDbEntity
  8
WHIP
100
AcDbPolyline
 90
4
 70
1
 10
9420.4277
 20
5425.362999999999
 10
9501.5723
 20
5425.362999999999
 10
9501.5723
 20
5642.637000000001
 10
9420.4277
 20
5642.637000000001
  0
LWPOLYLINE
  5
987
330
17
100
AcDbEntity
  8
WHIP
100
AcDbPolyline
 90
4
 70
1
 10
9381.0
 20
5299.9998
 10
9491.0
 20
5299.9998
 10
9491.0
 20
5429.9998
 10
9381.0
 20
5429.9998
  0
LWPOLYLINE
  5
988
330
17
100
AcDbEntity
  8
WHIP
100
AcDbPolyline
 90
4
 70
1
 10
10545.1113
 20
5426.4624
 10
10601.8896
 20
5426.4624
 10
10601.8896
 20
5641.5376
 10
10545.1113
 20
5641.5376
  0
LWPOLYLINE
  5
989
330
17
100
AcDbEntity
  8
WHIP
100
AcDbPolyline
 90
4
 70
1
 10
10506.001
 20
5299.9998
 10
10616.001
 20
5299.9998
 10
10616.001
 20
5429.9998
 10
10506.001
 20
5429.9998
  0
LWPOLYLINE
  5
98A
330
17
100
AcDbEntity
  8
WHIP
100
AcDbPolyline
 90
4
 70
1
 10
10545.1113
 20
5426.4624
 10
10601.8896
 20
5426.4624
 10
10601.8896
 20
5641.5376
 10
10545.1113
 20
5641.5376
  0
LWPOLYLINE
  5
98B
330
17
100
AcDbEntity
  8
WHIP
100
AcDbPolyline
 90
4
 70
1
 10
10506.001
 20
5299.9998
 10
10616.001
 20
5299.9998
 10
10616.001
 20
5429.9998
 10
10506.001
 20
5429.9998
  0
LWPOLYLINE
  5
98C
330
17
100
AcDbEntity
  8
WHIP
100
AcDbPolyline
 90
4
 70
1
 10
11720.4277
 20
5425.362999999999
 10
11801.5723
 20
5425.362999999999
 10
11801.5723
 20
5642.637000000001
 10
11720.4277
 20
5642.637000000001
  0
LWPOLYLINE
  5
98D
330
17
100
AcDbEntity
  8
WHIP
100
AcDbPolyline
 90
4
 70
1
 10
11681.0
 20
5299.9998
 10
11791.0
 20
5299.9998
 10
11791.0
 20
5429.9998
 10
11681.0
 20
5429.9998
  0
LWPOLYLINE
  5
98E
330
17
100
AcDbEntity
  8
WHIP
100
AcDbPolyline
 90
4
 70
1
 10
11720.4277
 20
5425.362999999999
 10
11801.5723
 20
5425.362999999999
 10
11801.5723
 20
5642.637000000001
 10
11720.4277
 20
5642.637000000001
  0
LWPOLYLINE
  5
98F
330
17
100
AcDbEntity
  8
WHIP
100
AcDbPolyline
 90
4
 70
1
 10
11681.0
 20
5299.9998
 10
11791.0
 20
5299.9998
 10
11791.0
 20
5429.9998
 10
11681.0
 20
5429.9998
  0
LWPOLYLINE
  5
990
330
17
100
AcDbEntity
  8
WHIP
100
AcDbPolyline
 90
4
 70
1
 10
1675.0001
 20
5430.0
 10
1707.0001
 20
5430.0
 10
1707.0001
 20
5766.0
 10
1675.0001
 20
5766.0
  0
LWPOLYLINE
  5
991
330
17
100
AcDbEntity
  8
WHIP
100
AcDbPolyline
 90
4
 70
1
 10
1636.0
 20
5299.9998
 10
1746.0
 20
5299.9998
 10
1746.0
 20
5430.0
 10
1636.0
 20
5430.0
  0
LWPOLYLINE
  5
992
330
17
100
AcDbEntity
  8
WHIP
100
AcDbPolyline
 90
4
 70
1
 10
3075.0
 20
5430.0
 10
3107.0
 20
5430.0
 10
3107.0
 20
5766.0
 10
3075.0
 20
5766.0
  0
LWPOLYLINE
  5
993
330
17
100
AcDbEntity
  8
WHIP
100
AcDbPolyline
 90
4
 70
1
 10
3036.0002
 20
5299.9998
 10
3146.0
 20
5299.9998
 10
3146.0
 20
5430.0
 10
3036.0002
 20
5430.0
  0
LWPOLYLINE
  5
994
330
17
100
AcDbEntity
  8
WHIP
100
AcDbPolyline
 90
4
 70
1
 10
4015.0
 20
5430.0
 10
4046.9998
 20
5430.0
 10
4046.9998
 20
5766.0
 10
4015.0
 20
5766.0
  0
LWPOLYLINE
  5
995
330
17
100
AcDbEntity
  8
WHIP
100
AcDbPolyline
 90
4
 70
1
 10
3976.0
 20
5299.9998
 10
4085.9998
 20
5299.9998
 10
4085.9998
 20
5430.0
 10
3976.0
 20
5430.0
  0
LWPOLYLINE
  5
996
330
17
100
AcDbEntity
  8
WHIP
100
AcDbPolyline
 90
4
 70
1
 10
5375.0
 20
5430.0
 10
5407.0
 20
5430.0
 10
5407.0
 20
5766.0
 10
5375.0
 20
5766.0
  0
LWPOLYLINE
  5
997
330
17
100
AcDbEntity
  8
WHIP
100
AcDbPolyline
 90
4
 70
1
 10
5336.0
 20
5299.9998
 10
5446.0
 20
5299.9998
 10
5446.0
 20
5430.0
 10
5336.0
 20
5430.0
  0
LWPOLYLINE
  5
998
330
17
100
AcDbEntity
  8
WHIP
100
AcDbPolyline
 90
4
 70
1
 10
6625.0
 20
5430.0
 10
6657.0
 20
5430.0
 10
6657.0
 20
5766.0
 10
6625.0
 20
5766.0
  0
LWPOLYLINE
  5
999
330
17
100
AcDbEntity
  8
WHIP
100
AcDbPolyline
 90
4
 70
1
 10
6586.0
 20
5299.9998
 10
6696.0
 20
5299.9998
 10
6696.0
 20
5430.0
 10
6586.0
 20
5430.0
  0
LWPOLYLINE
  5
99A
330
17
100
AcDbEntity
  8
WHIP
100
AcDbPolyline
 90
4
 70
1
 10
7225.0005
 20
5430.0
 10
7257.0005
 20
5430.0
 10
7257.0005
 20
5766.0
 10
7225.0005
 20
5766.0
  0
LWPOLYLINE
  5
99B
330
17
100
AcDbEntity
  8
WHIP
100
AcDbPolyline
 90
4
 70
1
 10
7186.0005
 20
5299.9998
 10
7296.0005
 20
5299.9998
 10
7296.0005
 20
5430.0
 10
7186.0005
 20
5430.0
  0
LWPOLYLINE
  5
99C
330
17
100
AcDbEntity
  8
WHIP
100
AcDbPolyline
 90
4
 70
1
 10
7825.0
 20
5430.0
 10
7857.0005
 20
5430.0
 10
7857.0005
 20
5766.0
 10
7825.0
 20
5766.0
  0
LWPOLYLINE
  5
99D
330
17
100
AcDbEntity
  8
WHIP
100
AcDbPolyline
 90
4
 70
1
 10
7786.0
 20
5299.9998
 10
7896.0005
 20
5299.9998
 10
7896.0005
 20
5430.0
 10
7786.0
 20
5430.0
  0
LWPOLYLINE
  5
99E
330
17
100
AcDbEntity
  8
WHIP
100
AcDbPolyline
 90
4
 70
1
 10
9075.0
 20
5430.0
 10
9107.0
 20
5430.0
 10
9107.0
 20
5766.0
 10
9075.0
 20
5766.0
  0
LWPOLYLINE
  5
99F
330
17
100
AcDbEntity
  8
WHIP
100
AcDbPolyline
 90
4
 70
1
 10
9035.9995
 20
5299.9998
 10
9146.0
 20
5299.9998
 10
9146.0
 20
5430.0
 10
9035.9995
 20
5430.0
  0
LWPOLYLINE
  5
9A0
330
17
100
AcDbEntity
  8
WHIP
100
AcDbPolyline
 90
4
 70
1
 10
10225.0
 20
5430.0
 10
10256.999
 20
5430.0
 10
10256.999
 20
5766.0
 10
10225.0
 20
5766.0
  0
LWPOLYLINE
  5
9A1
330
17
100
AcDbEntity
  8
WHIP
100
AcDbPolyline
 90
4
 70
1
 10
10185.999
 20
5299.9998
 10
10296.0
 20
5299.9998
 10
10296.0
 20
5430.0
 10
10185.999
 20
5430.0
  0
LWPOLYLINE
  5
9A2
330
17
100
AcDbEntity
  8
WHIP
100
AcDbPolyline
 90
4
 70
1
 10
11375.0
 20
5430.0
 10
11407.0
 20
5430.0
 10
11407.0
 20
5766.0
 10
11375.0
 20
5766.0
  0
LWPOLYLINE
  5
9A3
330
17
100
AcDbEntity
  8
WHIP
100
AcDbPolyline
 90
4
 70
1
 10
11336.0
 20
5299.9998
 10
11446.0
 20
5299.9998
 10
11446.0
 20
5430.0
 10
11336.0
 20
5430.0
  0
LWPOLYLINE
  5
9A4
330
17
100
AcDbEntity
  8
WHIP
100
AcDbPolyline
 90
4
 70
1
 10
12775.0
 20
5430.0
 10
12807.0
 20
5430.0
 10
12807.0
 20
5766.0
 10
12775.0
 20
5766.0
  0
LWPOLYLINE
  5
9A5
330
17
100
AcDbEntity
  8
WHIP
100
AcDbPolyline
 90
4
 70
1
 10
12735.999
 20
5299.9998
 10
12846.0
 20
5299.9998
 10
12846.0
 20
5430.0
 10
12735.999
 20
5430.0
  0
LWPOLYLINE
  5
9A6
330
17
100
AcDbEntity
  8
WHIP
100
AcDbPolyline
 90
4
 70
1
 10
13164.0
 20
5430.0
 10
13196.0
 20
5430.0
 10
13196.0
 20
5766.0
 10
13164.0
 20
5766.0
  0
LWPOLYLINE
  5
9A7
330
17
100
AcDbEntity
  8
WHIP
100
AcDbPolyline
 90
4
 70
1
 10
13124.999
 20
5299.9998
 10
13235.0
 20
5299.9998
 10
13235.0
 20
5430.0
 10
13124.999
 20
5430.0
  0
LWPOLYLINE
  5
9A8
330
17
100
AcDbEntity
  8
WHIP
100
AcDbPolyline
 90
4
 70
1
 10
2520.428
 20
5425.362999999999
 10
2601.572
 20
5425.362999999999
 10
2601.572
 20
5642.637000000001
 10
2520.428
 20
5642.637000000001
  0
LWPOLYLINE
  5
9A9
330
17
100
AcDbEntity
  8
WHIP
100
AcDbPolyline
 90
4
 70
1
 10
2531.0
 20
5299.9998
 10
2641.0
 20
5299.9998
 10
2641.0
 20
5429.9998
 10
2531.0
 20
5429.9998
  0
LWPOLYLINE
  5
9AA
330
17
100
AcDbEntity
  8
WHIP
100
AcDbPolyline
 90
4
 70
1
 10
2520.428
 20
5425.362999999999
 10
2601.572
 20
5425.362999999999
 10
2601.572
 20
5642.637000000001
 10
2520.428
 20
5642.637000000001
  0
LWPOLYLINE
  5
9AB
330
17
100
AcDbEntity
  8
WHIP
100
AcDbPolyline
 90
4
 70
1
 10
2531.0
 20
5299.9998
 10
2641.0
 20
5299.9998
 10
2641.0
 20
5429.9998
 10
2531.0
 20
5429.9998
  0
LWPOLYLINE
  5
9AC
330
17
100
AcDbEntity
  8
WHIP
100
AcDbPolyline
 90
4
 70
1
 10
3670.4282
 20
5425.362999999999
 10
3751.572
 20
5425.362999999999
 10
3751.572
 20
5642.637000000001
 10
3670.4282
 20
5642.637000000001
  0
LWPOLYLINE
  5
9AD
330
17
100
AcDbEntity
  8
WHIP
100
AcDbPolyline
 90
4
 70
1
 10
3681.0002
 20
5299.9998
 10
3791.0
 20
5299.9998
 10
3791.0
 20
5429.9998
 10
3681.0002
 20
5429.9998
  0
LWPOLYLINE
  5
9AE
330
17
100
AcDbEntity
  8
WHIP
100
AcDbPolyline
 90
4
 70
1
 10
3670.4282
 20
5425.362999999999
 10
3751.572
 20
5425.362999999999
 10
3751.572
 20
5642.637000000001
 10
3670.4282
 20
5642.637000000001
  0
LWPOLYLINE
  5
9AF
330
17
100
AcDbEntity
  8
WHIP
100
AcDbPolyline
 90
4
 70
1
 10
3681.0002
 20
5299.9998
 10
3791.0
 20
5299.9998
 10
3791.0
 20
5429.9998
 10
3681.0002
 20
5429.9998
  0
LWPOLYLINE
  5
9B0
330
17
100
AcDbEntity
  8
WHIP
100
AcDbPolyline
 90
4
 70
1
 10
4820.4277
 20
5425.362999999999
 10
4901.572
 20
5425.362999999999
 10
4901.572
 20
5642.637000000001
 10
4820.4277
 20
5642.637000000001
  0
LWPOLYLINE
  5
9B1
330
17
100
AcDbEntity
  8
WHIP
100
AcDbPolyline
 90
4
 70
1
 10
4830.9998
 20
5299.9998
 10
4941.0
 20
5299.9998
 10
4941.0
 20
5429.9998
 10
4830.9998
 20
5429.9998
  0
LWPOLYLINE
  5
9B2
330
17
100
AcDbEntity
  8
WHIP
100
AcDbPolyline
 90
4
 70
1
 10
4820.4277
 20
5425.362999999999
 10
4901.572
 20
5425.362999999999
 10
4901.572
 20
5642.637000000001
 10
4820.4277
 20
5642.637000000001
  0
LWPOLYLINE
  5
9B3
330
17
100
AcDbEntity
  8
WHIP
100
AcDbPolyline
 90
4
 70
1
 10
4830.9998
 20
5299.9998
 10
4941.0
 20
5299.9998
 10
4941.0
 20
5429.9998
 10
4830.9998
 20
5429.9998
  0
LWPOLYLINE
  5
9B4
330
17
100
AcDbEntity
  8
WHIP
100
AcDbPolyline
 90
4
 70
1
 10
5970.4277
 20
5425.362999999999
 10
6051.5723
 20
5425.362999999999
 10
6051.5723
 20
5642.637000000001
 10
5970.4277
 20
5642.637000000001
  0
LWPOLYLINE
  5
9B5
330
17
100
AcDbEntity
  8
WHIP
100
AcDbPolyline
 90
4
 70
1
 10
5981.0
 20
5299.9998
 10
6091.0
 20
5299.9998
 10
6091.0
 20
5429.9998
 10
5981.0
 20
5429.9998
  0
LWPOLYLINE
  5
9B6
330
17
100
AcDbEntity
  8
WHIP
100
AcDbPolyline
 90
4
 70
1
 10
5970.4277
 20
5425.362999999999
 10
6051.5723
 20
5425.362999999999
 10
6051.5723
 20
5642.637000000001
 10
5970.4277
 20
5642.637000000001
  0
LWPOLYLINE
  5
9B7
330
17
100
AcDbEntity
  8
WHIP
100
AcDbPolyline
 90
4
 70
1
 10
5981.0
 20
5299.9998
 10
6091.0
 20
5299.9998
 10
6091.0
 20
5429.9998
 10
5981.0
 20
5429.9998
  0
LWPOLYLINE
  5
9B8
330
17
100
AcDbEntity
  8
WHIP
100
AcDbPolyline
 90
4
 70
1
 10
8520.4277
 20
5425.362999999999
 10
8601.5718
 20
5425.362999999999
 10
8601.5718
 20
5642.637000000001
 10
8520.4277
 20
5642.637000000001
  0
LWPOLYLINE
  5
9B9
330
17
100
AcDbEntity
  8
WHIP
100
AcDbPolyline
 90
4
 70
1
 10
8530.9995
 20
5299.9998
 10
8640.9995
 20
5299.9998
 10
8640.9995
 20
5429.9998
 10
8530.9995
 20
5429.9998
  0
LWPOLYLINE
  5
9BA
330
17
100
AcDbEntity
  8
WHIP
100
AcDbPolyline
 90
4
 70
1
 10
8520.4277
 20
5425.362999999999
 10
8601.5718
 20
5425.362999999999
 10
8601.5718
 20
5642.637000000001
 10
8520.4277
 20
5642.637000000001
  0
LWPOLYLINE
  5
9BB
330
17
100
AcDbEntity
  8
WHIP
100
AcDbPolyline
 90
4
 70
1
 10
8530.9995
 20
5299.9998
 10
8640.9995
 20
5299.9998
 10
8640.9995
 20
5429.9998
 10
8530.9995
 20
5429.9998
  0
LWPOLYLINE
  5
9BC
330
17
100
AcDbEntity
  8
WHIP
100
AcDbPolyline
 90
4
 70
1
 10
9670.4277
 20
5425.362999999999
 10
9751.5723
 20
5425.362999999999
 10
9751.5723
 20
5642.637000000001
 10
9670.4277
 20
5642.637000000001
  0
LWPOLYLINE
  5
9BD
330
17
100
AcDbEntity
  8
WHIP
100
AcDbPolyline
 90
4
 70
1
 10
9681.0
 20
5299.9998
 10
9791.0
 20
5299.9998
 10
9791.0
 20
5429.9998
 10
9681.0
 20
5429.9998
  0
LWPOLYLINE
  5
9BE
330
17
100
AcDbEntity
  8
WHIP
100
AcDbPolyline
 90
4
 70
1
 10
9670.4277
 20
5425.362999999999
 10
9751.5723
 20
5425.362999999999
 10
9751.5723
 20
5642.637000000001
 10
9670.4277
 20
5642.637000000001
  0
LWPOLYLINE
  5
9BF
330
17
100
AcDbEntity
  8
WHIP
100
AcDbPolyline
 90
4
 70
1
 10
9681.0
 20
5299.9998
 10
9791.0
 20
5299.9998
 10
9791.0
 20
5429.9998
 10
9681.0
 20
5429.9998
  0
LWPOLYLINE
  5
9C0
330
17
100
AcDbEntity
  8
WHIP
100
AcDbPolyline
 90
4
 70
1
 10
10670.0049
 20
5426.978300000001
 10
10706.9961
 20
5426.978300000001
 10
10706.9961
 20
5641.0215
 10
10670.0049
 20
5641.0215
  0
LWPOLYLINE
  5
9C1
330
17
100
AcDbEntity
  8
WHIP
100
AcDbPolyline
 90
4
 70
1
 10
10636.0
 20
5299.9998
 10
10746.001
 20
5299.9998
 10
10746.001
 20
5429.9998
 10
10636.0
 20
5429.9998
  0
LWPOLYLINE
  5
9C2
330
17
100
AcDbEntity
  8
WHIP
100
AcDbPolyline
 90
4
 70
1
 10
10670.0049
 20
5426.978300000001
 10
10706.9961
 20
5426.978300000001
 10
10706.9961
 20
5641.0215
 10
10670.0049
 20
5641.0215
  0
LWPOLYLINE
  5
9C3
330
17
100
AcDbEntity
  8
WHIP
100
AcDbPolyline
 90
4
 70
1
 10
10636.0
 20
5299.9998
 10
10746.001
 20
5299.9998
 10
10746.001
 20
5429.9998
 10
10636.0
 20
5429.9998
  0
LWPOLYLINE
  5
9C4
330
17
100
AcDbEntity
  8
WHIP
100
AcDbPolyline
 90
4
 70
1
 10
11970.4277
 20
5425.362999999999
 10
12051.5723
 20
5425.362999999999
 10
12051.5723
 20
5642.637000000001
 10
11970.4277
 20
5642.637000000001
  0
LWPOLYLINE
  5
9C5
330
17
100
AcDbEntity
  8
WHIP
100
AcDbPolyline
 90
4
 70
1
 10
11981.0
 20
5299.9998
 10
12091.0
 20
5299.9998
 10
12091.0
 20
5429.9998
 10
11981.0
 20
5429.9998
  0
LWPOLYLINE
  5
9C6
330
17
100
AcDbEntity
  8
WHIP
100
AcDbPolyline
 90
4
 70
1
 10
11970.4277
 20
5425.362999999999
 10
12051.5723
 20
5425.362999999999
 10
12051.5723
 20
5642.637000000001
 10
11970.4277
 20
5642.637000000001
  0
LWPOLYLINE
  5
9C7
330
17
100
AcDbEntity
  8
WHIP
100
AcDbPolyline
 90
4
 70
1
 10
11981.0
 20
5299.9998
 10
12091.0
 20
5299.9998
 10
12091.0
 20
5429.9998
 10
11981.0
 20
5429.9998
  0
LWPOLYLINE
  5
9C8
330
17
100
AcDbEntity
  8
WHIP
100
AcDbPolyline
 90
4
 70
1
 10
2520.428
 20
5425.362999999999
 10
2601.572
 20
5425.362999999999
 10
2601.572
 20
5642.637000000001
 10
2520.428
 20
5642.637000000001
  0
LWPOLYLINE
  5
9C9
330
17
100
AcDbEntity
  8
WHIP
100
AcDbPolyline
 90
4
 70
1
 10
2531.0
 20
5299.9998
 10
2641.0
 20
5299.9998
 10
2641.0
 20
5429.9998
 10
2531.0
 20
5429.9998
  0
LWPOLYLINE
  5
9CA
330
17
100
AcDbEntity
  8
WHIP
100
AcDbPolyline
 90
4
 70
1
 10
2520.428
 20
5425.362999999999
 10
2601.572
 20
5425.362999999999
 10
2601.572
 20
5642.637000000001
 10
2520.428
 20
5642.637000000001
  0
LWPOLYLINE
  5
9CB
330
17
100
AcDbEntity
  8
WHIP
100
AcDbPolyline
 90
4
 70
1
 10
2531.0
 20
5299.9998
 10
2641.0
 20
5299.9998
 10
2641.0
 20
5429.9998
 10
2531.0
 20
5429.9998
  0
LWPOLYLINE
  5
9CC
330
17
100
AcDbEntity
  8
WHIP
100
AcDbPolyline
 90
4
 70
1
 10
3670.4282
 20
5425.362999999999
 10
3751.572
 20
5425.362999999999
 10
3751.572
 20
5642.637000000001
 10
3670.4282
 20
5642.637000000001
  0
LWPOLYLINE
  5
9CD
330
17
100
AcDbEntity
  8
WHIP
100
AcDbPolyline
 90
4
 70
1
 10
3681.0002
 20
5299.9998
 10
3791.0
 20
5299.9998
 10
3791.0
 20
5429.9998
 10
3681.0002
 20
5429.9998
  0
LWPOLYLINE
  5
9CE
330
17
100
AcDbEntity
  8
WHIP
100
AcDbPolyline
 90
4
 70
1
 10
3670.4282
 20
5425.362999999999
 10
3751.572
 20
5425.362999999999
 10
3751.572
 20
5642.637000000001
 10
3670.4282
 20
5642.637000000001
  0
LWPOLYLINE
  5
9CF
330
17
100
AcDbEntity
  8
WHIP
100
AcDbPolyline
 90
4
 70
1
 10
3681.0002
 20
5299.9998
 10
3791.0
 20
5299.9998
 10
3791.0
 20
5429.9998
 10
3681.0002
 20
5429.9998
  0
LWPOLYLINE
  5
9D0
330
17
100
AcDbEntity
  8
WHIP
100
AcDbPolyline
 90
4
 70
1
 10
4820.4277
 20
5425.362999999999
 10
4901.572
 20
5425.362999999999
 10
4901.572
 20
5642.637000000001
 10
4820.4277
 20
5642.637000000001
  0
LWPOLYLINE
  5
9D1
330
17
100
AcDbEntity
  8
WHIP
100
AcDbPolyline
 90
4
 70
1
 10
4830.9998
 20
5299.9998
 10
4941.0
 20
5299.9998
 10
4941.0
 20
5429.9998
 10
4830.9998
 20
5429.9998
  0
LWPOLYLINE
  5
9D2
330
17
100
AcDbEntity
  8
WHIP
100
AcDbPolyline
 90
4
 70
1
 10
4820.4277
 20
5425.362999999999
 10
4901.572
 20
5425.362999999999
 10
4901.572
 20
5642.637000000001
 10
4820.4277
 20
5642.637000000001
  0
LWPOLYLINE
  5
9D3
330
17
100
AcDbEntity
  8
WHIP
100
AcDbPolyline
 90
4
 70
1
 10
4830.9998
 20
5299.9998
 10
4941.0
 20
5299.9998
 10
4941.0
 20
5429.9998
 10
4830.9998
 20
5429.9998
  0
LWPOLYLINE
  5
9D4
330
17
100
AcDbEntity
  8
WHIP
100
AcDbPolyline
 90
4
 70
1
 10
5970.4277
 20
5425.362999999999
 10
6051.5723
 20
5425.362999999999
 10
6051.5723
 20
5642.637000000001
 10
5970.4277
 20
5642.637000000001
  0
LWPOLYLINE
  5
9D5
330
17
100
AcDbEntity
  8
WHIP
100
AcDbPolyline
 90
4
 70
1
 10
5981.0
 20
5299.9998
 10
6091.0
 20
5299.9998
 10
6091.0
 20
5429.9998
 10
5981.0
 20
5429.9998
  0
LWPOLYLINE
  5
9D6
330
17
100
AcDbEntity
  8
WHIP
100
AcDbPolyline
 90
4
 70
1
 10
5970.4277
 20
5425.362999999999
 10
6051.5723
 20
5425.362999999999
 10
6051.5723
 20
5642.637000000001
 10
5970.4277
 20
5642.637000000001
  0
LWPOLYLINE
  5
9D7
330
17
100
AcDbEntity
  8
WHIP
100
AcDbPolyline
 90
4
 70
1
 10
5981.0
 20
5299.9998
 10
6091.0
 20
5299.9998
 10
6091.0
 20
5429.9998
 10
5981.0
 20
5429.9998
  0
LWPOLYLINE
  5
9D8
330
17
100
AcDbEntity
  8
WHIP
100
AcDbPolyline
 90
4
 70
1
 10
8520.4277
 20
5425.362999999999
 10
8601.5718
 20
5425.362999999999
 10
8601.5718
 20
5642.637000000001
 10
8520.4277
 20
5642.637000000001
  0
LWPOLYLINE
  5
9D9
330
17
100
AcDbEntity
  8
WHIP
100
AcDbPolyline
 90
4
 70
1
 10
8530.9995
 20
5299.9998
 10
8640.9995
 20
5299.9998
 10
8640.9995
 20
5429.9998
 10
8530.9995
 20
5429.9998
  0
LWPOLYLINE
  5
9DA
330
17
100
AcDbEntity
  8
WHIP
100
AcDbPolyline
 90
4
 70
1
 10
8520.4277
 20
5425.362999999999
 10
8601.5718
 20
5425.362999999999
 10
8601.5718
 20
5642.637000000001
 10
8520.4277
 20
5642.637000000001
  0
LWPOLYLINE
  5
9DB
330
17
100
AcDbEntity
  8
WHIP
100
AcDbPolyline
 90
4
 70
1
 10
8530.9995
 20
5299.9998
 10
8640.9995
 20
5299.9998
 10
8640.9995
 20
5429.9998
 10
8530.9995
 20
5429.9998
  0
LWPOLYLINE
  5
9DC
330
17
100
AcDbEntity
  8
WHIP
100
AcDbPolyline
 90
4
 70
1
 10
9670.4277
 20
5425.362999999999
 10
9751.5723
 20
5425.362999999999
 10
9751.5723
 20
5642.637000000001
 10
9670.4277
 20
5642.637000000001
  0
LWPOLYLINE
  5
9DD
330
17
100
AcDbEntity
  8
WHIP
100
AcDbPolyline
 90
4
 70
1
 10
9681.0
 20
5299.9998
 10
9791.0
 20
5299.9998
 10
9791.0
 20
5429.9998
 10
9681.0
 20
5429.9998
  0
LWPOLYLINE
  5
9DE
330
17
100
AcDbEntity
  8
WHIP
100
AcDbPolyline
 90
4
 70
1
 10
9670.4277
 20
5425.362999999999
 10
9751.5723
 20
5425.362999999999
 10
9751.5723
 20
5642.637000000001
 10
9670.4277
 20
5642.637000000001
  0
LWPOLYLINE
  5
9DF
330
17
100
AcDbEntity
  8
WHIP
100
AcDbPolyline
 90
4
 70
1
 10
9681.0
 20
5299.9998
 10
9791.0
 20
5299.9998
 10
9791.0
 20
5429.9998
 10
9681.0
 20
5429.9998
  0
LWPOLYLINE
  5
9E0
330
17
100
AcDbEntity
  8
WHIP
100
AcDbPolyline
 90
4
 70
1
 10
10670.0049
 20
5426.978300000001
 10
10706.9961
 20
5426.978300000001
 10
10706.9961
 20
5641.0215
 10
10670.0049
 20
5641.0215
  0
LWPOLYLINE
  5
9E1
330
17
100
AcDbEntity
  8
WHIP
100
AcDbPolyline
 90
4
 70
1
 10
10636.0
 20
5299.9998
 10
10746.001
 20
5299.9998
 10
10746.001
 20
5429.9998
 10
10636.0
 20
5429.9998
  0
LWPOLYLINE
  5
9E2
330
17
100
AcDbEntity
  8
WHIP
100
AcDbPolyline
 90
4
 70
1
 10
10670.0049
 20
5426.978300000001
 10
10706.9961
 20
5426.978300000001
 10
10706.9961
 20
5641.0215
 10
10670.0049
 20
5641.0215
  0
LWPOLYLINE
  5
9E3
330
17
100
AcDbEntity
  8
WHIP
100
AcDbPolyline
 90
4
 70
1
 10
10636.0
 20
5299.9998
 10
10746.001
 20
5299.9998
 10
10746.001
 20
5429.9998
 10
10636.0
 20
5429.9998
  0
LWPOLYLINE
  5
9E4
330
17
100
AcDbEntity
  8
WHIP
100
AcDbPolyline
 90
4
 70
1
 10
11970.4277
 20
5425.362999999999
 10
12051.5723
 20
5425.362999999999
 10
12051.5723
 20
5642.637000000001
 10
11970.4277
 20
5642.637000000001
  0
LWPOLYLINE
  5
9E5
330
17
100
AcDbEntity
  8
WHIP
100
AcDbPolyline
 90
4
 70
1
 10
11981.0
 20
5299.9998
 10
12091.0
 20
5299.9998
 10
12091.0
 20
5429.9998
 10
11981.0
 20
5429.9998
  0
LWPOLYLINE
  5
9E6
330
17
100
AcDbEntity
  8
WHIP
100
AcDbPolyline
 90
4
 70
1
 10
11970.4277
 20
5425.362999999999
 10
12051.5723
 20
5425.362999999999
 10
12051.5723
 20
5642.637000000001
 10
11970.4277
 20
5642.637000000001
  0
LWPOLYLINE
  5
9E7
330
17
100
AcDbEntity
  8
WHIP
100
AcDbPolyline
 90
4
 70
1
 10
11981.0
 20
5299.9998
 10
12091.0
 20
5299.9998
 10
12091.0
 20
5429.9998
 10
11981.0
 20
5429.9998
  0
LWPOLYLINE
  5
9E8
330
17
100
AcDbEntity
  8
WHIP
100
AcDbPolyline
 90
4
 70
1
 10
13607.5
 20
5363.5
 10
14412.501
 20
5363.5
 10
14412.501
 20
5812.0002
 10
13607.5
 20
5812.0002
  0
LWPOLYLINE
  5
9E9
330
17
100
AcDbEntity
  8
WHIP
100
AcDbPolyline
 90
4
 70
1
 10
13607.5
 20
5363.5
 10
14412.501
 20
5363.5
 10
14412.501
 20
5812.0002
 10
13607.5
 20
5812.0002
  0
LWPOLYLINE
  5
9EA
330
17
100
AcDbEntity
  8
HANGER
100
AcDbPolyline
 90
4
 70
1
 10
1237.5
 20
6281.0
 10
1262.5
 20
6281.0
 10
1262.5
 20
6286.9998
 10
1237.5
 20
6286.9998
  0
LWPOLYLINE
  5
9EB
330
17
100
AcDbEntity
  8
HANGER
100
AcDbPolyline
 90
4
 70
1
 10
1237.5
 20
6201.0
 10
1262.5
 20
6201.0
 10
1262.5
 20
6286.9998
 10
1237.5
 20
6286.9998
  0
LWPOLYLINE
  5
9EC
330
17
100
AcDbEntity
  8
HANGER
100
AcDbPolyline
 90
4
 70
1
 10
1237.5
 20
6201.0
 10
1262.5
 20
6201.0
 10
1262.5
 20
6286.9998
 10
1237.5
 20
6286.9998
  0
LWPOLYLINE
  5
9ED
330
17
100
AcDbEntity
  8
HANGER
100
AcDbPolyline
 90
4
 70
1
 10
1244.0
 20
6286.9998
 10
1256.0
 20
6286.9998
 10
1256.0
 20
6616.0
 10
1244.0
 20
6616.0
  0
LWPOLYLINE
  5
9EE
330
17
100
AcDbEntity
  8
HANGER
100
AcDbPolyline
 90
4
 70
1
 10
1244.0
 20
6286.9998
 10
1256.0
 20
6286.9998
 10
1256.0
 20
6616.0
 10
1244.0
 20
6616.0
  0
LWPOLYLINE
  5
9EF
330
17
100
AcDbEntity
  8
HANGER
100
AcDbPolyline
 90
4
 70
1
 10
2387.5
 20
6281.0
 10
2412.5
 20
6281.0
 10
2412.5
 20
6286.9998
 10
2387.5
 20
6286.9998
  0
LWPOLYLINE
  5
9F0
330
17
100
AcDbEntity
  8
HANGER
100
AcDbPolyline
 90
4
 70
1
 10
2387.5
 20
6201.0
 10
2412.5
 20
6201.0
 10
2412.5
 20
6286.9998
 10
2387.5
 20
6286.9998
  0
LWPOLYLINE
  5
9F1
330
17
100
AcDbEntity
  8
HANGER
100
AcDbPolyline
 90
4
 70
1
 10
2387.5
 20
6201.0
 10
2412.5
 20
6201.0
 10
2412.5
 20
6286.9998
 10
2387.5
 20
6286.9998
  0
LWPOLYLINE
  5
9F2
330
17
100
AcDbEntity
  8
HANGER
100
AcDbPolyline
 90
4
 70
1
 10
2394.0
 20
6286.9998
 10
2406.0
 20
6286.9998
 10
2406.0
 20
6616.0
 10
2394.0
 20
6616.0
  0
LWPOLYLINE
  5
9F3
330
17
100
AcDbEntity
  8
HANGER
100
AcDbPolyline
 90
4
 70
1
 10
2394.0
 20
6286.9998
 10
2406.0
 20
6286.9998
 10
2406.0
 20
6616.0
 10
2394.0
 20
6616.0
  0
LWPOLYLINE
  5
9F4
330
17
100
AcDbEntity
  8
HANGER
100
AcDbPolyline
 90
4
 70
1
 10
3487.5
 20
6281.0
 10
3512.5
 20
6281.0
 10
3512.5
 20
6286.9998
 10
3487.5
 20
6286.9998
  0
LWPOLYLINE
  5
9F5
330
17
100
AcDbEntity
  8
HANGER
100
AcDbPolyline
 90
4
 70
1
 10
3487.5
 20
6201.0
 10
3512.5
 20
6201.0
 10
3512.5
 20
6286.9998
 10
3487.5
 20
6286.9998
  0
LWPOLYLINE
  5
9F6
330
17
100
AcDbEntity
  8
HANGER
100
AcDbPolyline
 90
4
 70
1
 10
3487.5
 20
6201.0
 10
3512.5
 20
6201.0
 10
3512.5
 20
6286.9998
 10
3487.5
 20
6286.9998
  0
LWPOLYLINE
  5
9F7
330
17
100
AcDbEntity
  8
HANGER
100
AcDbPolyline
 90
4
 70
1
 10
3494.0
 20
6286.9998
 10
3506.0
 20
6286.9998
 10
3506.0
 20
6616.0
 10
3494.0
 20
6616.0
  0
LWPOLYLINE
  5
9F8
330
17
100
AcDbEntity
  8
HANGER
100
AcDbPolyline
 90
4
 70
1
 10
3494.0
 20
6286.9998
 10
3506.0
 20
6286.9998
 10
3506.0
 20
6616.0
 10
3494.0
 20
6616.0
  0
LWPOLYLINE
  5
9F9
330
17
100
AcDbEntity
  8
HANGER
100
AcDbPolyline
 90
4
 70
1
 10
4637.5
 20
6281.0
 10
4662.5
 20
6281.0
 10
4662.5
 20
6286.9998
 10
4637.5
 20
6286.9998
  0
LWPOLYLINE
  5
9FA
330
17
100
AcDbEntity
  8
HANGER
100
AcDbPolyline
 90
4
 70
1
 10
4637.5
 20
6201.0
 10
4662.5
 20
6201.0
 10
4662.5
 20
6286.9998
 10
4637.5
 20
6286.9998
  0
LWPOLYLINE
  5
9FB
330
17
100
AcDbEntity
  8
HANGER
100
AcDbPolyline
 90
4
 70
1
 10
4637.5
 20
6201.0
 10
4662.5
 20
6201.0
 10
4662.5
 20
6286.9998
 10
4637.5
 20
6286.9998
  0
LWPOLYLINE
  5
9FC
330
17
100
AcDbEntity
  8
HANGER
100
AcDbPolyline
 90
4
 70
1
 10
4644.0
 20
6286.9998
 10
4656.0
 20
6286.9998
 10
4656.0
 20
6616.0
 10
4644.0
 20
6616.0
  0
LWPOLYLINE
  5
9FD
330
17
100
AcDbEntity
  8
HANGER
100
AcDbPolyline
 90
4
 70
1
 10
4644.0
 20
6286.9998
 10
4656.0
 20
6286.9998
 10
4656.0
 20
6616.0
 10
4644.0
 20
6616.0
  0
LWPOLYLINE
  5
9FE
330
17
100
AcDbEntity
  8
HANGER
100
AcDbPolyline
 90
4
 70
1
 10
5787.5
 20
6281.0
 10
5812.5
 20
6281.0
 10
5812.5
 20
6286.9998
 10
5787.5
 20
6286.9998
  0
LWPOLYLINE
  5
9FF
330
17
100
AcDbEntity
  8
HANGER
100
AcDbPolyline
 90
4
 70
1
 10
5787.5
 20
6201.0
 10
5812.5
 20
6201.0
 10
5812.5
 20
6286.9998
 10
5787.5
 20
6286.9998
  0
LWPOLYLINE
  5
A00
330
17
100
AcDbEntity
  8
HANGER
100
AcDbPolyline
 90
4
 70
1
 10
5787.5
 20
6201.0
 10
5812.5
 20
6201.0
 10
5812.5
 20
6286.9998
 10
5787.5
 20
6286.9998
  0
LWPOLYLINE
  5
A01
330
17
100
AcDbEntity
  8
HANGER
100
AcDbPolyline
 90
4
 70
1
 10
5794.0
 20
6286.9998
 10
5806.0
 20
6286.9998
 10
5806.0
 20
6616.0
 10
5794.0
 20
6616.0
  0
LWPOLYLINE
  5
A02
330
17
100
AcDbEntity
  8
HANGER
100
AcDbPolyline
 90
4
 70
1
 10
5794.0
 20
6286.9998
 10
5806.0
 20
6286.9998
 10
5806.0
 20
6616.0
 10
5794.0
 20
6616.0
  0
LWPOLYLINE
  5
A03
330
17
100
AcDbEntity
  8
HANGER
100
AcDbPolyline
 90
4
 70
1
 10
7187.5
 20
6281.0
 10
7212.5
 20
6281.0
 10
7212.5
 20
6286.9998
 10
7187.5
 20
6286.9998
  0
LWPOLYLINE
  5
A04
330
17
100
AcDbEntity
  8
HANGER
100
AcDbPolyline
 90
4
 70
1
 10
7187.5
 20
6201.0
 10
7212.5
 20
6201.0
 10
7212.5
 20
6286.9998
 10
7187.5
 20
6286.9998
  0
LWPOLYLINE
  5
A05
330
17
100
AcDbEntity
  8
HANGER
100
AcDbPolyline
 90
4
 70
1
 10
7187.5
 20
6201.0
 10
7212.5
 20
6201.0
 10
7212.5
 20
6286.9998
 10
7187.5
 20
6286.9998
  0
LWPOLYLINE
  5
A06
330
17
100
AcDbEntity
  8
HANGER
100
AcDbPolyline
 90
4
 70
1
 10
7194.0
 20
6286.9998
 10
7206.0
 20
6286.9998
 10
7206.0
 20
6616.0
 10
7194.0
 20
6616.0
  0
LWPOLYLINE
  5
A07
330
17
100
AcDbEntity
  8
HANGER
100
AcDbPolyline
 90
4
 70
1
 10
7194.0
 20
6286.9998
 10
7206.0
 20
6286.9998
 10
7206.0
 20
6616.0
 10
7194.0
 20
6616.0
  0
LWPOLYLINE
  5
A08
330
17
100
AcDbEntity
  8
HANGER
100
AcDbPolyline
 90
4
 70
1
 10
8387.5
 20
6281.0
 10
8412.5
 20
6281.0
 10
8412.5
 20
6286.9998
 10
8387.5
 20
6286.9998
  0
LWPOLYLINE
  5
A09
330
17
100
AcDbEntity
  8
HANGER
100
AcDbPolyline
 90
4
 70
1
 10
8387.5
 20
6201.0
 10
8412.5
 20
6201.0
 10
8412.5
 20
6286.9998
 10
8387.5
 20
6286.9998
  0
LWPOLYLINE
  5
A0A
330
17
100
AcDbEntity
  8
HANGER
100
AcDbPolyline
 90
4
 70
1
 10
8387.5
 20
6201.0
 10
8412.5
 20
6201.0
 10
8412.5
 20
6286.9998
 10
8387.5
 20
6286.9998
  0
LWPOLYLINE
  5
A0B
330
17
100
AcDbEntity
  8
HANGER
100
AcDbPolyline
 90
4
 70
1
 10
8394.0
 20
6286.9998
 10
8406.0
 20
6286.9998
 10
8406.0
 20
6616.0
 10
8394.0
 20
6616.0
  0
LWPOLYLINE
  5
A0C
330
17
100
AcDbEntity
  8
HANGER
100
AcDbPolyline
 90
4
 70
1
 10
8394.0
 20
6286.9998
 10
8406.0
 20
6286.9998
 10
8406.0
 20
6616.0
 10
8394.0
 20
6616.0
  0
LWPOLYLINE
  5
A0D
330
17
100
AcDbEntity
  8
HANGER
100
AcDbPolyline
 90
4
 70
1
 10
9487.5
 20
6281.0
 10
9512.5
 20
6281.0
 10
9512.5
 20
6286.9998
 10
9487.5
 20
6286.9998
  0
LWPOLYLINE
  5
A0E
330
17
100
AcDbEntity
  8
HANGER
100
AcDbPolyline
 90
4
 70
1
 10
9487.5
 20
6201.0
 10
9512.5
 20
6201.0
 10
9512.5
 20
6286.9998
 10
9487.5
 20
6286.9998
  0
LWPOLYLINE
  5
A0F
330
17
100
AcDbEntity
  8
HANGER
100
AcDbPolyline
 90
4
 70
1
 10
9487.5
 20
6201.0
 10
9512.5
 20
6201.0
 10
9512.5
 20
6286.9998
 10
9487.5
 20
6286.9998
  0
LWPOLYLINE
  5
A10
330
17
100
AcDbEntity
  8
HANGER
100
AcDbPolyline
 90
4
 70
1
 10
9494.0
 20
6286.9998
 10
9506.0
 20
6286.9998
 10
9506.0
 20
6616.0
 10
9494.0
 20
6616.0
  0
LWPOLYLINE
  5
A11
330
17
100
AcDbEntity
  8
HANGER
100
AcDbPolyline
 90
4
 70
1
 10
9494.0
 20
6286.9998
 10
9506.0
 20
6286.9998
 10
9506.0
 20
6616.0
 10
9494.0
 20
6616.0
  0
LWPOLYLINE
  5
A12
330
17
100
AcDbEntity
  8
HANGER
100
AcDbPolyline
 90
4
 70
1
 10
10637.5
 20
6281.0
 10
10662.5
 20
6281.0
 10
10662.5
 20
6286.9998
 10
10637.5
 20
6286.9998
  0
LWPOLYLINE
  5
A13
330
17
100
AcDbEntity
  8
HANGER
100
AcDbPolyline
 90
4
 70
1
 10
10637.5
 20
6201.0
 10
10662.5
 20
6201.0
 10
10662.5
 20
6286.9998
 10
10637.5
 20
6286.9998
  0
LWPOLYLINE
  5
A14
330
17
100
AcDbEntity
  8
HANGER
100
AcDbPolyline
 90
4
 70
1
 10
10637.5
 20
6201.0
 10
10662.5
 20
6201.0
 10
10662.5
 20
6286.9998
 10
10637.5
 20
6286.9998
  0
LWPOLYLINE
  5
A15
330
17
100
AcDbEntity
  8
HANGER
100
AcDbPolyline
 90
4
 70
1
 10
10644.0
 20
6286.9998
 10
10656.0
 20
6286.9998
 10
10656.0
 20
6616.0
 10
10644.0
 20
6616.0
  0
LWPOLYLINE
  5
A16
330
17
100
AcDbEntity
  8
HANGER
100
AcDbPolyline
 90
4
 70
1
 10
10644.0
 20
6286.9998
 10
10656.0
 20
6286.9998
 10
10656.0
 20
6616.0
 10
10644.0
 20
6616.0
  0
LWPOLYLINE
  5
A17
330
17
100
AcDbEntity
  8
HANGER
100
AcDbPolyline
 90
4
 70
1
 10
11787.5
 20
6281.0
 10
11812.5
 20
6281.0
 10
11812.5
 20
6286.9998
 10
11787.5
 20
6286.9998
  0
LWPOLYLINE
  5
A18
330
17
100
AcDbEntity
  8
HANGER
100
AcDbPolyline
 90
4
 70
1
 10
11787.5
 20
6201.0
 10
11812.5
 20
6201.0
 10
11812.5
 20
6286.9998
 10
11787.5
 20
6286.9998
  0
LWPOLYLINE
  5
A19
330
17
100
AcDbEntity
  8
HANGER
100
AcDbPolyline
 90
4
 70
1
 10
11787.5
 20
6201.0
 10
11812.5
 20
6201.0
 10
11812.5
 20
6286.9998
 10
11787.5
 20
6286.9998
  0
LWPOLYLINE
  5
A1A
330
17
100
AcDbEntity
  8
HANGER
100
AcDbPolyline
 90
4
 70
1
 10
11794.0
 20
6286.9998
 10
11806.0
 20
6286.9998
 10
11806.0
 20
6616.0
 10
11794.0
 20
6616.0
  0
LWPOLYLINE
  5
A1B
330
17
100
AcDbEntity
  8
HANGER
100
AcDbPolyline
 90
4
 70
1
 10
11794.0
 20
6286.9998
 10
11806.0
 20
6286.9998
 10
11806.0
 20
6616.0
 10
11794.0
 20
6616.0
  0
LWPOLYLINE
  5
A1C
330
17
100
AcDbEntity
  8
HANGER
100
AcDbPolyline
 90
4
 70
1
 10
12887.5
 20
6281.0
 10
12912.5
 20
6281.0
 10
12912.5
 20
6286.9998
 10
12887.5
 20
6286.9998
  0
LWPOLYLINE
  5
A1D
330
17
100
AcDbEntity
  8
HANGER
100
AcDbPolyline
 90
4
 70
1
 10
12887.5
 20
6201.0
 10
12912.5
 20
6201.0
 10
12912.5
 20
6286.9998
 10
12887.5
 20
6286.9998
  0
LWPOLYLINE
  5
A1E
330
17
100
AcDbEntity
  8
HANGER
100
AcDbPolyline
 90
4
 70
1
 10
12887.5
 20
6201.0
 10
12912.5
 20
6201.0
 10
12912.5
 20
6286.9998
 10
12887.5
 20
6286.9998
  0
LWPOLYLINE
  5
A1F
330
17
100
AcDbEntity
  8
HANGER
100
AcDbPolyline
 90
4
 70
1
 10
12894.0
 20
6286.9998
 10
12906.0
 20
6286.9998
 10
12906.0
 20
6616.0
 10
12894.0
 20
6616.0
  0
LWPOLYLINE
  5
A20
330
17
100
AcDbEntity
  8
HANGER
100
AcDbPolyline
 90
4
 70
1
 10
12894.0
 20
6286.9998
 10
12906.0
 20
6286.9998
 10
12906.0
 20
6616.0
 10
12894.0
 20
6616.0
  0
LWPOLYLINE
  5
A21
330
17
100
AcDbEntity
  8
HANGER
100
AcDbPolyline
 90
4
 70
1
 10
14087.5
 20
6281.0
 10
14112.5
 20
6281.0
 10
14112.5
 20
6286.9998
 10
14087.5
 20
6286.9998
  0
LWPOLYLINE
  5
A22
330
17
100
AcDbEntity
  8
HANGER
100
AcDbPolyline
 90
4
 70
1
 10
14087.5
 20
6201.0
 10
14112.5
 20
6201.0
 10
14112.5
 20
6286.9998
 10
14087.5
 20
6286.9998
  0
LWPOLYLINE
  5
A23
330
17
100
AcDbEntity
  8
HANGER
100
AcDbPolyline
 90
4
 70
1
 10
14087.5
 20
6201.0
 10
14112.5
 20
6201.0
 10
14112.5
 20
6286.9998
 10
14087.5
 20
6286.9998
  0
LWPOLYLINE
  5
A24
330
17
100
AcDbEntity
  8
HANGER
100
AcDbPolyline
 90
4
 70
1
 10
14094.0
 20
6286.9998
 10
14106.0
 20
6286.9998
 10
14106.0
 20
6616.0
 10
14094.0
 20
6616.0
  0
LWPOLYLINE
  5
A25
330
17
100
AcDbEntity
  8
HANGER
100
AcDbPolyline
 90
4
 70
1
 10
14094.0
 20
6286.9998
 10
14106.0
 20
6286.9998
 10
14106.0
 20
6616.0
 10
14094.0
 20
6616.0
  0
LWPOLYLINE
  5
A26
330
17
100
AcDbEntity
  8
HANGER
100
AcDbPolyline
 90
4
 70
1
 10
1237.5
 20
6281.0
 10
1262.5
 20
6281.0
 10
1262.5
 20
6286.9998
 10
1237.5
 20
6286.9998
  0
LWPOLYLINE
  5
A27
330
17
100
AcDbEntity
  8
HANGER
100
AcDbPolyline
 90
4
 70
1
 10
1237.5
 20
6201.0
 10
1262.5
 20
6201.0
 10
1262.5
 20
6286.9998
 10
1237.5
 20
6286.9998
  0
LWPOLYLINE
  5
A28
330
17
100
AcDbEntity
  8
HANGER
100
AcDbPolyline
 90
4
 70
1
 10
1237.5
 20
6201.0
 10
1262.5
 20
6201.0
 10
1262.5
 20
6286.9998
 10
1237.5
 20
6286.9998
  0
LWPOLYLINE
  5
A29
330
17
100
AcDbEntity
  8
HANGER
100
AcDbPolyline
 90
4
 70
1
 10
1244.0
 20
6286.9998
 10
1256.0
 20
6286.9998
 10
1256.0
 20
6616.0
 10
1244.0
 20
6616.0
  0
LWPOLYLINE
  5
A2A
330
17
100
AcDbEntity
  8
HANGER
100
AcDbPolyline
 90
4
 70
1
 10
1244.0
 20
6286.9998
 10
1256.0
 20
6286.9998
 10
1256.0
 20
6616.0
 10
1244.0
 20
6616.0
  0
LWPOLYLINE
  5
A2B
330
17
100
AcDbEntity
  8
HANGER
100
AcDbPolyline
 90
4
 70
1
 10
2387.5
 20
6281.0
 10
2412.5
 20
6281.0
 10
2412.5
 20
6286.9998
 10
2387.5
 20
6286.9998
  0
LWPOLYLINE
  5
A2C
330
17
100
AcDbEntity
  8
HANGER
100
AcDbPolyline
 90
4
 70
1
 10
2387.5
 20
6201.0
 10
2412.5
 20
6201.0
 10
2412.5
 20
6286.9998
 10
2387.5
 20
6286.9998
  0
LWPOLYLINE
  5
A2D
330
17
100
AcDbEntity
  8
HANGER
100
AcDbPolyline
 90
4
 70
1
 10
2387.5
 20
6201.0
 10
2412.5
 20
6201.0
 10
2412.5
 20
6286.9998
 10
2387.5
 20
6286.9998
  0
LWPOLYLINE
  5
A2E
330
17
100
AcDbEntity
  8
HANGER
100
AcDbPolyline
 90
4
 70
1
 10
2394.0
 20
6286.9998
 10
2406.0
 20
6286.9998
 10
2406.0
 20
6616.0
 10
2394.0
 20
6616.0
  0
LWPOLYLINE
  5
A2F
330
17
100
AcDbEntity
  8
HANGER
100
AcDbPolyline
 90
4
 70
1
 10
2394.0
 20
6286.9998
 10
2406.0
 20
6286.9998
 10
2406.0
 20
6616.0
 10
2394.0
 20
6616.0
  0
LWPOLYLINE
  5
A30
330
17
100
AcDbEntity
  8
HANGER
100
AcDbPolyline
 90
4
 70
1
 10
3487.5
 20
6281.0
 10
3512.5
 20
6281.0
 10
3512.5
 20
6286.9998
 10
3487.5
 20
6286.9998
  0
LWPOLYLINE
  5
A31
330
17
100
AcDbEntity
  8
HANGER
100
AcDbPolyline
 90
4
 70
1
 10
3487.5
 20
6201.0
 10
3512.5
 20
6201.0
 10
3512.5
 20
6286.9998
 10
3487.5
 20
6286.9998
  0
LWPOLYLINE
  5
A32
330
17
100
AcDbEntity
  8
HANGER
100
AcDbPolyline
 90
4
 70
1
 10
3487.5
 20
6201.0
 10
3512.5
 20
6201.0
 10
3512.5
 20
6286.9998
 10
3487.5
 20
6286.9998
  0
LWPOLYLINE
  5
A33
330
17
100
AcDbEntity
  8
HANGER
100
AcDbPolyline
 90
4
 70
1
 10
3494.0
 20
6286.9998
 10
3506.0
 20
6286.9998
 10
3506.0
 20
6616.0
 10
3494.0
 20
6616.0
  0
LWPOLYLINE
  5
A34
330
17
100
AcDbEntity
  8
HANGER
100
AcDbPolyline
 90
4
 70
1
 10
3494.0
 20
6286.9998
 10
3506.0
 20
6286.9998
 10
3506.0
 20
6616.0
 10
3494.0
 20
6616.0
  0
LWPOLYLINE
  5
A35
330
17
100
AcDbEntity
  8
HANGER
100
AcDbPolyline
 90
4
 70
1
 10
4637.5
 20
6281.0
 10
4662.5
 20
6281.0
 10
4662.5
 20
6286.9998
 10
4637.5
 20
6286.9998
  0
LWPOLYLINE
  5
A36
330
17
100
AcDbEntity
  8
HANGER
100
AcDbPolyline
 90
4
 70
1
 10
4637.5
 20
6201.0
 10
4662.5
 20
6201.0
 10
4662.5
 20
6286.9998
 10
4637.5
 20
6286.9998
  0
LWPOLYLINE
  5
A37
330
17
100
AcDbEntity
  8
HANGER
100
AcDbPolyline
 90
4
 70
1
 10
4637.5
 20
6201.0
 10
4662.5
 20
6201.0
 10
4662.5
 20
6286.9998
 10
4637.5
 20
6286.9998
  0
LWPOLYLINE
  5
A38
330
17
100
AcDbEntity
  8
HANGER
100
AcDbPolyline
 90
4
 70
1
 10
4644.0
 20
6286.9998
 10
4656.0
 20
6286.9998
 10
4656.0
 20
6616.0
 10
4644.0
 20
6616.0
  0
LWPOLYLINE
  5
A39
330
17
100
AcDbEntity
  8
HANGER
100
AcDbPolyline
 90
4
 70
1
 10
4644.0
 20
6286.9998
 10
4656.0
 20
6286.9998
 10
4656.0
 20
6616.0
 10
4644.0
 20
6616.0
  0
LWPOLYLINE
  5
A3A
330
17
100
AcDbEntity
  8
HANGER
100
AcDbPolyline
 90
4
 70
1
 10
5787.5
 20
6281.0
 10
5812.5
 20
6281.0
 10
5812.5
 20
6286.9998
 10
5787.5
 20
6286.9998
  0
LWPOLYLINE
  5
A3B
330
17
100
AcDbEntity
  8
HANGER
100
AcDbPolyline
 90
4
 70
1
 10
5787.5
 20
6201.0
 10
5812.5
 20
6201.0
 10
5812.5
 20
6286.9998
 10
5787.5
 20
6286.9998
  0
LWPOLYLINE
  5
A3C
330
17
100
AcDbEntity
  8
HANGER
100
AcDbPolyline
 90
4
 70
1
 10
5787.5
 20
6201.0
 10
5812.5
 20
6201.0
 10
5812.5
 20
6286.9998
 10
5787.5
 20
6286.9998
  0
LWPOLYLINE
  5
A3D
330
17
100
AcDbEntity
  8
HANGER
100
AcDbPolyline
 90
4
 70
1
 10
5794.0
 20
6286.9998
 10
5806.0
 20
6286.9998
 10
5806.0
 20
6616.0
 10
5794.0
 20
6616.0
  0
LWPOLYLINE
  5
A3E
330
17
100
AcDbEntity
  8
HANGER
100
AcDbPolyline
 90
4
 70
1
 10
5794.0
 20
6286.9998
 10
5806.0
 20
6286.9998
 10
5806.0
 20
6616.0
 10
5794.0
 20
6616.0
  0
LWPOLYLINE
  5
A3F
330
17
100
AcDbEntity
  8
HANGER
100
AcDbPolyline
 90
4
 70
1
 10
7187.5
 20
6281.0
 10
7212.5
 20
6281.0
 10
7212.5
 20
6286.9998
 10
7187.5
 20
6286.9998
  0
LWPOLYLINE
  5
A40
330
17
100
AcDbEntity
  8
HANGER
100
AcDbPolyline
 90
4
 70
1
 10
7187.5
 20
6201.0
 10
7212.5
 20
6201.0
 10
7212.5
 20
6286.9998
 10
7187.5
 20
6286.9998
  0
LWPOLYLINE
  5
A41
330
17
100
AcDbEntity
  8
HANGER
100
AcDbPolyline
 90
4
 70
1
 10
7187.5
 20
6201.0
 10
7212.5
 20
6201.0
 10
7212.5
 20
6286.9998
 10
7187.5
 20
6286.9998
  0
LWPOLYLINE
  5
A42
330
17
100
AcDbEntity
  8
HANGER
100
AcDbPolyline
 90
4
 70
1
 10
7194.0
 20
6286.9998
 10
7206.0
 20
6286.9998
 10
7206.0
 20
6616.0
 10
7194.0
 20
6616.0
  0
LWPOLYLINE
  5
A43
330
17
100
AcDbEntity
  8
HANGER
100
AcDbPolyline
 90
4
 70
1
 10
7194.0
 20
6286.9998
 10
7206.0
 20
6286.9998
 10
7206.0
 20
6616.0
 10
7194.0
 20
6616.0
  0
LWPOLYLINE
  5
A44
330
17
100
AcDbEntity
  8
HANGER
100
AcDbPolyline
 90
4
 70
1
 10
8387.5
 20
6281.0
 10
8412.5
 20
6281.0
 10
8412.5
 20
6286.9998
 10
8387.5
 20
6286.9998
  0
LWPOLYLINE
  5
A45
330
17
100
AcDbEntity
  8
HANGER
100
AcDbPolyline
 90
4
 70
1
 10
8387.5
 20
6201.0
 10
8412.5
 20
6201.0
 10
8412.5
 20
6286.9998
 10
8387.5
 20
6286.9998
  0
LWPOLYLINE
  5
A46
330
17
100
AcDbEntity
  8
HANGER
100
AcDbPolyline
 90
4
 70
1
 10
8387.5
 20
6201.0
 10
8412.5
 20
6201.0
 10
8412.5
 20
6286.9998
 10
8387.5
 20
6286.9998
  0
LWPOLYLINE
  5
A47
330
17
100
AcDbEntity
  8
HANGER
100
AcDbPolyline
 90
4
 70
1
 10
8394.0
 20
6286.9998
 10
8406.0
 20
6286.9998
 10
8406.0
 20
6616.0
 10
8394.0
 20
6616.0
  0
LWPOLYLINE
  5
A48
330
17
100
AcDbEntity
  8
HANGER
100
AcDbPolyline
 90
4
 70
1
 10
8394.0
 20
6286.9998
 10
8406.0
 20
6286.9998
 10
8406.0
 20
6616.0
 10
8394.0
 20
6616.0
  0
LWPOLYLINE
  5
A49
330
17
100
AcDbEntity
  8
HANGER
100
AcDbPolyline
 90
4
 70
1
 10
9487.5
 20
6281.0
 10
9512.5
 20
6281.0
 10
9512.5
 20
6286.9998
 10
9487.5
 20
6286.9998
  0
LWPOLYLINE
  5
A4A
330
17
100
AcDbEntity
  8
HANGER
100
AcDbPolyline
 90
4
 70
1
 10
9487.5
 20
6201.0
 10
9512.5
 20
6201.0
 10
9512.5
 20
6286.9998
 10
9487.5
 20
6286.9998
  0
LWPOLYLINE
  5
A4B
330
17
100
AcDbEntity
  8
HANGER
100
AcDbPolyline
 90
4
 70
1
 10
9487.5
 20
6201.0
 10
9512.5
 20
6201.0
 10
9512.5
 20
6286.9998
 10
9487.5
 20
6286.9998
  0
LWPOLYLINE
  5
A4C
330
17
100
AcDbEntity
  8
HANGER
100
AcDbPolyline
 90
4
 70
1
 10
9494.0
 20
6286.9998
 10
9506.0
 20
6286.9998
 10
9506.0
 20
6616.0
 10
9494.0
 20
6616.0
  0
LWPOLYLINE
  5
A4D
330
17
100
AcDbEntity
  8
HANGER
100
AcDbPolyline
 90
4
 70
1
 10
9494.0
 20
6286.9998
 10
9506.0
 20
6286.9998
 10
9506.0
 20
6616.0
 10
9494.0
 20
6616.0
  0
LWPOLYLINE
  5
A4E
330
17
100
AcDbEntity
  8
HANGER
100
AcDbPolyline
 90
4
 70
1
 10
10637.5
 20
6281.0
 10
10662.5
 20
6281.0
 10
10662.5
 20
6286.9998
 10
10637.5
 20
6286.9998
  0
LWPOLYLINE
  5
A4F
330
17
100
AcDbEntity
  8
HANGER
100
AcDbPolyline
 90
4
 70
1
 10
10637.5
 20
6201.0
 10
10662.5
 20
6201.0
 10
10662.5
 20
6286.9998
 10
10637.5
 20
6286.9998
  0
LWPOLYLINE
  5
A50
330
17
100
AcDbEntity
  8
HANGER
100
AcDbPolyline
 90
4
 70
1
 10
10637.5
 20
6201.0
 10
10662.5
 20
6201.0
 10
10662.5
 20
6286.9998
 10
10637.5
 20
6286.9998
  0
LWPOLYLINE
  5
A51
330
17
100
AcDbEntity
  8
HANGER
100
AcDbPolyline
 90
4
 70
1
 10
10644.0
 20
6286.9998
 10
10656.0
 20
6286.9998
 10
10656.0
 20
6616.0
 10
10644.0
 20
6616.0
  0
LWPOLYLINE
  5
A52
330
17
100
AcDbEntity
  8
HANGER
100
AcDbPolyline
 90
4
 70
1
 10
10644.0
 20
6286.9998
 10
10656.0
 20
6286.9998
 10
10656.0
 20
6616.0
 10
10644.0
 20
6616.0
  0
LWPOLYLINE
  5
A53
330
17
100
AcDbEntity
  8
HANGER
100
AcDbPolyline
 90
4
 70
1
 10
11787.5
 20
6281.0
 10
11812.5
 20
6281.0
 10
11812.5
 20
6286.9998
 10
11787.5
 20
6286.9998
  0
LWPOLYLINE
  5
A54
330
17
100
AcDbEntity
  8
HANGER
100
AcDbPolyline
 90
4
 70
1
 10
11787.5
 20
6201.0
 10
11812.5
 20
6201.0
 10
11812.5
 20
6286.9998
 10
11787.5
 20
6286.9998
  0
LWPOLYLINE
  5
A55
330
17
100
AcDbEntity
  8
HANGER
100
AcDbPolyline
 90
4
 70
1
 10
11787.5
 20
6201.0
 10
11812.5
 20
6201.0
 10
11812.5
 20
6286.9998
 10
11787.5
 20
6286.9998
  0
LWPOLYLINE
  5
A56
330
17
100
AcDbEntity
  8
HANGER
100
AcDbPolyline
 90
4
 70
1
 10
11794.0
 20
6286.9998
 10
11806.0
 20
6286.9998
 10
11806.0
 20
6616.0
 10
11794.0
 20
6616.0
  0
LWPOLYLINE
  5
A57
330
17
100
AcDbEntity
  8
HANGER
100
AcDbPolyline
 90
4
 70
1
 10
11794.0
 20
6286.9998
 10
11806.0
 20
6286.9998
 10
11806.0
 20
6616.0
 10
11794.0
 20
6616.0
  0
LWPOLYLINE
  5
A58
330
17
100
AcDbEntity
  8
HANGER
100
AcDbPolyline
 90
4
 70
1
 10
12887.5
 20
6281.0
 10
12912.5
 20
6281.0
 10
12912.5
 20
6286.9998
 10
12887.5
 20
6286.9998
  0
LWPOLYLINE
  5
A59
330
17
100
AcDbEntity
  8
HANGER
100
AcDbPolyline
 90
4
 70
1
 10
12887.5
 20
6201.0
 10
12912.5
 20
6201.0
 10
12912.5
 20
6286.9998
 10
12887.5
 20
6286.9998
  0
LWPOLYLINE
  5
A5A
330
17
100
AcDbEntity
  8
HANGER
100
AcDbPolyline
 90
4
 70
1
 10
12887.5
 20
6201.0
 10
12912.5
 20
6201.0
 10
12912.5
 20
6286.9998
 10
12887.5
 20
6286.9998
  0
LWPOLYLINE
  5
A5B
330
17
100
AcDbEntity
  8
HANGER
100
AcDbPolyline
 90
4
 70
1
 10
12894.0
 20
6286.9998
 10
12906.0
 20
6286.9998
 10
12906.0
 20
6616.0
 10
12894.0
 20
6616.0
  0
LWPOLYLINE
  5
A5C
330
17
100
AcDbEntity
  8
HANGER
100
AcDbPolyline
 90
4
 70
1
 10
12894.0
 20
6286.9998
 10
12906.0
 20
6286.9998
 10
12906.0
 20
6616.0
 10
12894.0
 20
6616.0
  0
LWPOLYLINE
  5
A5D
330
17
100
AcDbEntity
  8
HANGER
100
AcDbPolyline
 90
4
 70
1
 10
14087.5
 20
6281.0
 10
14112.5
 20
6281.0
 10
14112.5
 20
6286.9998
 10
14087.5
 20
6286.9998
  0
LWPOLYLINE
  5
A5E
330
17
100
AcDbEntity
  8
HANGER
100
AcDbPolyline
 90
4
 70
1
 10
14087.5
 20
6201.0
 10
14112.5
 20
6201.0
 10
14112.5
 20
6286.9998
 10
14087.5
 20
6286.9998
  0
LWPOLYLINE
  5
A5F
330
17
100
AcDbEntity
  8
HANGER
100
AcDbPolyline
 90
4
 70
1
 10
14087.5
 20
6201.0
 10
14112.5
 20
6201.0
 10
14112.5
 20
6286.9998
 10
14087.5
 20
6286.9998
  0
LWPOLYLINE
  5
A60
330
17
100
AcDbEntity
  8
HANGER
100
AcDbPolyline
 90
4
 70
1
 10
14094.0
 20
6286.9998
 10
14106.0
 20
6286.9998
 10
14106.0
 20
6616.0
 10
14094.0
 20
6616.0
  0
LWPOLYLINE
  5
A61
330
17
100
AcDbEntity
  8
HANGER
100
AcDbPolyline
 90
4
 70
1
 10
14094.0
 20
6286.9998
 10
14106.0
 20
6286.9998
 10
14106.0
 20
6616.0
 10
14094.0
 20
6616.0
  0
LWPOLYLINE
  5
A62
330
17
100
AcDbEntity
  8
PORT
100
AcDbPolyline
 90
4
 70
1
 10
14448.0
 20
5438.0
 10
14460.0
 20
5438.0
 10
14460.0
 20
6066.0
 10
14448.0
 20
6066.0
  0
LWPOLYLINE
  5
A63
330
17
100
AcDbEntity
  8
PORT
100
AcDbPolyline
 90
4
 70
1
 10
14448.0
 20
6281.0
 10
14460.0
 20
6281.0
 10
14460.0
 20
6368.0
 10
14448.0
 20
6368.0
  0
LWPOLYLINE
  5
A64
330
17
100
AcDbEntity
  8
PORT
100
AcDbPolyline
 90
4
 70
1
 10
14448.0
 20
6066.0
 10
14460.0
 20
6066.0
 10
14460.0
 20
6281.0
 10
14448.0
 20
6281.0
  0
LWPOLYLINE
  5
A65
330
17
100
AcDbEntity
  8
PORT
100
AcDbPolyline
 90
4
 70
1
 10
14448.0
 20
6066.0
 10
14460.0
 20
6066.0
 10
14460.0
 20
6281.0
 10
14448.0
 20
6281.0
  0
LWPOLYLINE
  5
A66
330
17
100
AcDbEntity
  8
PORT
100
AcDbPolyline
 90
4
 70
1
 10
14448.0
 20
6066.0
 10
14460.0
 20
6066.0
 10
14460.0
 20
6281.0
 10
14448.0
 20
6281.0
  0
LWPOLYLINE
  5
A67
330
17
100
AcDbEntity
  8
PORT
100
AcDbPolyline
 90
4
 70
1
 10
14460.0
 20
6281.0
 10
14470.0
 20
6281.0
 10
14470.0
 20
6306.0
 10
14460.0
 20
6306.0
  0
LWPOLYLINE
  5
A68
330
17
100
AcDbEntity
  8
PORT
100
AcDbPolyline
 90
4
 70
1
 10
14460.0
 20
6041.0
 10
14470.0
 20
6041.0
 10
14470.0
 20
6066.0
 10
14460.0
 20
6066.0
  0
LWPOLYLINE
  5
A69
330
17
100
AcDbEntity
  8
PORT
100
AcDbPolyline
 90
4
 70
1
 10
14460.0
 20
6066.0
 10
14470.0
 20
6066.0
 10
14470.0
 20
6281.0
 10
14460.0
 20
6281.0
  0
LWPOLYLINE
  5
A6A
330
17
100
AcDbEntity
  8
PORT
100
AcDbPolyline
 90
4
 70
1
 10
14460.0
 20
6066.0
 10
14470.0
 20
6066.0
 10
14470.0
 20
6281.0
 10
14460.0
 20
6281.0
  0
LWPOLYLINE
  5
A6B
330
17
100
AcDbEntity
  8
PORT
100
AcDbPolyline
 90
4
 70
1
 10
14455.5
 20
6281.0
 10
14460.0
 20
6281.0
 10
14460.0
 20
6302.0
 10
14455.5
 20
6302.0
  0
LWPOLYLINE
  5
A6C
330
17
100
AcDbEntity
  8
PORT
100
AcDbPolyline
 90
4
 70
1
 10
14455.5
 20
6045.0
 10
14460.0
 20
6045.0
 10
14460.0
 20
6066.0
 10
14455.5
 20
6066.0
  0
LWPOLYLINE
  5
A6D
330
17
100
AcDbEntity
  8
PORT
100
AcDbPolyline
 90
4
 70
1
 10
14455.5
 20
6066.0
 10
14460.0
 20
6066.0
 10
14460.0
 20
6281.0
 10
14455.5
 20
6281.0
  0
LWPOLYLINE
  5
A6E
330
17
100
AcDbEntity
  8
PORT
100
AcDbPolyline
 90
4
 70
1
 10
14455.5
 20
6066.0
 10
14460.0
 20
6066.0
 10
14460.0
 20
6281.0
 10
14455.5
 20
6281.0
  0
LWPOLYLINE
  5
A6F
330
17
100
AcDbEntity
  8
PORT
100
AcDbPolyline
 90
4
 70
1
 10
14460.0
 20
6281.0
 10
14470.0
 20
6281.0
 10
14470.0
 20
6306.0
 10
14460.0
 20
6306.0
  0
LWPOLYLINE
  5
A70
330
17
100
AcDbEntity
  8
PORT
100
AcDbPolyline
 90
4
 70
1
 10
14460.0
 20
6041.0
 10
14470.0
 20
6041.0
 10
14470.0
 20
6066.0
 10
14460.0
 20
6066.0
  0
LWPOLYLINE
  5
A71
330
17
100
AcDbEntity
  8
PORT
100
AcDbPolyline
 90
4
 70
1
 10
14460.0
 20
6066.0
 10
14470.0
 20
6066.0
 10
14470.0
 20
6281.0
 10
14460.0
 20
6281.0
  0
LWPOLYLINE
  5
A72
330
17
100
AcDbEntity
  8
PORT
100
AcDbPolyline
 90
4
 70
1
 10
14460.0
 20
6066.0
 10
14470.0
 20
6066.0
 10
14470.0
 20
6281.0
 10
14460.0
 20
6281.0
  0
LWPOLYLINE
  5
A73
330
17
100
AcDbEntity
  8
PORT
100
AcDbPolyline
 90
4
 70
1
 10
14455.5
 20
6281.0
 10
14460.0
 20
6281.0
 10
14460.0
 20
6302.0
 10
14455.5
 20
6302.0
  0
LWPOLYLINE
  5
A74
330
17
100
AcDbEntity
  8
PORT
100
AcDbPolyline
 90
4
 70
1
 10
14455.5
 20
6045.0
 10
14460.0
 20
6045.0
 10
14460.0
 20
6066.0
 10
14455.5
 20
6066.0
  0
LWPOLYLINE
  5
A75
330
17
100
AcDbEntity
  8
PORT
100
AcDbPolyline
 90
4
 70
1
 10
14455.5
 20
6066.0
 10
14460.0
 20
6066.0
 10
14460.0
 20
6281.0
 10
14455.5
 20
6281.0
  0
LWPOLYLINE
  5
A76
330
17
100
AcDbEntity
  8
PORT
100
AcDbPolyline
 90
4
 70
1
 10
14455.5
 20
6066.0
 10
14460.0
 20
6066.0
 10
14460.0
 20
6281.0
 10
14455.5
 20
6281.0
  0
LWPOLYLINE
  5
A77
330
17
100
AcDbEntity
  8
PORT
100
AcDbPolyline
 90
4
 70
1
 10
14460.0
 20
6356.0
 10
14608.0
 20
6356.0
 10
14608.0
 20
6368.0
 10
14460.0
 20
6368.0
  0
LWPOLYLINE
  5
A78
330
17
100
AcDbEntity
  8
PORT
100
AcDbPolyline
 90
4
 70
1
 10
14460.0
 20
5438.0
 10
14608.0
 20
5438.0
 10
14608.0
 20
5450.0
 10
14460.0
 20
5450.0
  0
LWPOLYLINE
  5
A79
330
17
100
AcDbEntity
  8
PORT
100
AcDbPolyline
 90
4
 70
1
 10
14460.0
 20
5438.0
 10
14608.0
 20
5438.0
 10
14608.0
 20
6368.0
 10
14460.0
 20
6368.0
  0
LWPOLYLINE
  5
A7A
330
17
100
AcDbEntity
  8
PORT
100
AcDbPolyline
 90
4
 70
1
 10
14460.0
 20
5438.0
 10
14608.0
 20
5438.0
 10
14608.0
 20
6368.0
 10
14460.0
 20
6368.0
  0
LWPOLYLINE
  5
A7B
330
17
100
AcDbEntity
  8
PORT
100
AcDbPolyline
 90
4
 70
1
 10
14608.0
 20
6356.0
 10
14618.0
 20
6356.0
 10
14618.0
 20
6401.0
 10
14608.0
 20
6401.0
  0
LWPOLYLINE
  5
A7C
330
17
100
AcDbEntity
  8
PORT
100
AcDbPolyline
 90
4
 70
1
 10
14608.0
 20
5438.0
 10
14618.0
 20
5438.0
 10
14618.0
 20
5452.0
 10
14608.0
 20
5452.0
  0
LWPOLYLINE
  5
A7D
330
17
100
AcDbEntity
  8
PORT
100
AcDbPolyline
 90
4
 70
1
 10
14608.0
 20
5438.0
 10
14618.0
 20
5438.0
 10
14618.0
 20
6401.0
 10
14608.0
 20
6401.0
  0
LWPOLYLINE
  5
A7E
330
17
100
AcDbEntity
  8
PORT
100
AcDbPolyline
 90
4
 70
1
 10
14608.0
 20
5438.0
 10
14618.0
 20
5438.0
 10
14618.0
 20
6401.0
 10
14608.0
 20
6401.0
  0
LWPOLYLINE
  5
A7F
330
17
100
AcDbEntity
  8
PORT
100
AcDbPolyline
 90
4
 70
1
 10
14608.0
 20
6398.0
 10
14634.0
 20
6398.0
 10
14634.0
 20
6418.0002
 10
14608.0
 20
6418.0002
  0
LWPOLYLINE
  5
A80
330
17
100
AcDbEntity
  8
PORT
100
AcDbPolyline
 90
4
 70
1
 10
14623.2979
 20
6405.6558
 10
15537.2031
 20
6405.6558
 10
15537.2031
 20
6660.2603
 10
14623.2979
 20
6660.2603
  0
LWPOLYLINE
  5
A81
330
17
100
AcDbEntity
  8
PORT
100
AcDbPolyline
 90
4
 70
1
 10
14605.0703
 20
5699.0046
 10
14724.5088
 20
5699.0046
 10
14724.5088
 20
6435.9812
 10
14605.0703
 20
6435.9812
  0
LWPOLYLINE
  5
A82
330
17
100
AcDbEntity
  8
PORT
100
AcDbPolyline
 90
4
 70
1
 10
14605.0703
 20
5699.0046
 10
14724.5088
 20
5699.0046
 10
14724.5088
 20
6435.9812
 10
14605.0703
 20
6435.9812
  0
LWPOLYLINE
  5
A83
330
17
100
AcDbEntity
  8
PORT
100
AcDbPolyline
 90
4
 70
1
 10
14619.5576
 20
6403.0851999999995
 10
15429.21
 20
6403.0851999999995
 10
15429.21
 20
6975.02
 10
14619.5576
 20
6975.02
  0
LWPOLYLINE
  5
A84
330
17
100
AcDbEntity
  8
PORT
100
AcDbPolyline
 90
4
 70
1
 10
14619.5576
 20
6317.893099999999
 10
14997.3711
 20
6317.893099999999
 10
14997.3711
 20
6630.874
 10
14619.5576
 20
6630.874
  0
LWPOLYLINE
  5
A85
330
17
100
AcDbEntity
  8
PORT
100
AcDbPolyline
 90
4
 70
1
 10
14619.5576
 20
6317.893099999999
 10
14997.3711
 20
6317.893099999999
 10
14997.3711
 20
6630.874
 10
14619.5576
 20
6630.874
  0
LWPOLYLINE
  5
A86
330
17
100
AcDbEntity
  8
PORT
100
AcDbPolyline
 90
4
 70
1
 10
14460.0
 20
5800.0
 10
14472.001
 20
5800.0
 10
14472.001
 20
5960.0002
 10
14460.0
 20
5960.0002
  0
LWPOLYLINE
  5
A87
330
17
100
AcDbEntity
  8
PORT
100
AcDbPolyline
 90
4
 70
1
 10
14472.001
 20
5812.5002
 10
14582.001
 20
5812.5002
 10
14582.001
 20
5947.5002
 10
14472.001
 20
5947.5002
  0
LWPOLYLINE
  5
A88
330
17
100
AcDbEntity
  8
PORT
100
AcDbPolyline
 90
4
 70
1
 10
14460.0
 20
5800.0
 10
14472.001
 20
5800.0
 10
14472.001
 20
5960.0002
 10
14460.0
 20
5960.0002
  0
LWPOLYLINE
  5
A89
330
17
100
AcDbEntity
  8
PORT
100
AcDbPolyline
 90
4
 70
1
 10
14472.001
 20
5812.5002
 10
14582.001
 20
5812.5002
 10
14582.001
 20
5947.5002
 10
14472.001
 20
5947.5002
  0
LWPOLYLINE
  5
A8A
330
17
100
AcDbEntity
  8
PORT
100
AcDbPolyline
 90
4
 70
1
 10
14348.001
 20
5810.0
 10
14448.0
 20
5810.0
 10
14448.0
 20
5950.0002
 10
14348.001
 20
5950.0002
  0
LWPOLYLINE
  5
A8B
330
17
100
AcDbEntity
  8
PORT
100
AcDbPolyline
 90
4
 70
1
 10
14348.001
 20
5810.0
 10
14448.0
 20
5810.0
 10
14448.0
 20
5950.0002
 10
14348.001
 20
5950.0002
  0
TEXT
  5
A8C
330
17
100
AcDbEntity
  8
TITLE
100
AcDbText
 10
900.0
 20
7400.0
 30
0.0
 40
154.0
  1
VIEW 2   ELEVATION  立面图     1:20
 11
900.0
 21
7400.0
 31
0.0
100
AcDbText
  0
LINE
  5
A8D
330
17
100
AcDbEntity
  8
GRID
100
AcDbLine
 10
1950.0
 20
5050.0
 30
0.0
 11
1950.0
 21
7150.0
 31
0.0
  0
TEXT
  5
A8E
330
17
100
AcDbEntity
  8
TEXT
100
AcDbText
 10
2000.0
 20
7200.0
 30
0.0
 40
56.0
  1
JT1 x=1050
 11
2000.0
 21
7200.0
 31
0.0
100
AcDbText
  0
LINE
  5
A8F
330
17
100
AcDbEntity
  8
GRID
100
AcDbLine
 10
4437.0
 20
5050.0
 30
0.0
 11
4437.0
 21
7150.0
 31
0.0
  0
TEXT
  5
A90
330
17
100
AcDbEntity
  8
TEXT
100
AcDbText
 10
4487.0
 20
7200.0
 30
0.0
 40
56.0
  1
JT2 x=3537
 11
4487.0
 21
7200.0
 31
0.0
100
AcDbText
  0
LINE
  5
A91
330
17
100
AcDbEntity
  8
GRID
100
AcDbLine
 10
6861.0
 20
5050.0
 30
0.0
 11
6861.0
 21
7150.0
 31
0.0
  0
TEXT
  5
A92
330
17
100
AcDbEntity
  8
TEXT
100
AcDbText
 10
6911.0
 20
7200.0
 30
0.0
 40
56.0
  1
JT3 x=5961
 11
6911.0
 21
7200.0
 31
0.0
100
AcDbText
  0
LINE
  5
A93
330
17
100
AcDbEntity
  8
GRID
100
AcDbLine
 10
8026.0
 20
5050.0
 30
0.0
 11
8026.0
 21
7150.0
 31
0.0
  0
TEXT
  5
A94
330
17
100
AcDbEntity
  8
TEXT
100
AcDbText
 10
8076.0
 20
7200.0
 30
0.0
 40
56.0
  1
JT4 x=7126
 11
8076.0
 21
7200.0
 31
0.0
100
AcDbText
  0
LINE
  5
A95
330
17
100
AcDbEntity
  8
GRID
100
AcDbLine
 10
10437.0
 20
5050.0
 30
0.0
 11
10437.0
 21
7150.0
 31
0.0
  0
TEXT
  5
A96
330
17
100
AcDbEntity
  8
TEXT
100
AcDbText
 10
10487.0
 20
7200.0
 30
0.0
 40
56.0
  1
JT5 x=9537
 11
10487.0
 21
7200.0
 31
0.0
100
AcDbText
  0
LINE
  5
A97
330
17
100
AcDbEntity
  8
GRID
100
AcDbLine
 10
12390.0
 20
5050.0
 30
0.0
 11
12390.0
 21
7150.0
 31
0.0
  0
TEXT
  5
A98
330
17
100
AcDbEntity
  8
TEXT
100
AcDbText
 10
12440.0
 20
7200.0
 30
0.0
 40
56.0
  1
JT6 x=11490
 11
12440.0
 21
7200.0
 31
0.0
100
AcDbText
  0
LINE
  5
A99
330
17
100
AcDbEntity
  8
HANGER
100
AcDbLine
 10
1250.0
 20
7000.0
 30
0.0
 11
1250.0
 21
7130.0
 31
0.0
  0
LINE
  5
A9A
330
17
100
AcDbEntity
  8
HANGER
100
AcDbLine
 10
2400.0
 20
7000.0
 30
0.0
 11
2400.0
 21
7130.0
 31
0.0
  0
LINE
  5
A9B
330
17
100
AcDbEntity
  8
HANGER
100
AcDbLine
 10
3500.0
 20
7000.0
 30
0.0
 11
3500.0
 21
7130.0
 31
0.0
  0
LINE
  5
A9C
330
17
100
AcDbEntity
  8
HANGER
100
AcDbLine
 10
4650.0
 20
7000.0
 30
0.0
 11
4650.0
 21
7130.0
 31
0.0
  0
LINE
  5
A9D
330
17
100
AcDbEntity
  8
HANGER
100
AcDbLine
 10
5800.0
 20
7000.0
 30
0.0
 11
5800.0
 21
7130.0
 31
0.0
  0
LINE
  5
A9E
330
17
100
AcDbEntity
  8
HANGER
100
AcDbLine
 10
7200.0
 20
7000.0
 30
0.0
 11
7200.0
 21
7130.0
 31
0.0
  0
LINE
  5
A9F
330
17
100
AcDbEntity
  8
HANGER
100
AcDbLine
 10
8400.0
 20
7000.0
 30
0.0
 11
8400.0
 21
7130.0
 31
0.0
  0
LINE
  5
AA0
330
17
100
AcDbEntity
  8
HANGER
100
AcDbLine
 10
9500.0
 20
7000.0
 30
0.0
 11
9500.0
 21
7130.0
 31
0.0
  0
LINE
  5
AA1
330
17
100
AcDbEntity
  8
HANGER
100
AcDbLine
 10
10650.0
 20
7000.0
 30
0.0
 11
10650.0
 21
7130.0
 31
0.0
  0
LINE
  5
AA2
330
17
100
AcDbEntity
  8
HANGER
100
AcDbLine
 10
11800.0
 20
7000.0
 30
0.0
 11
11800.0
 21
7130.0
 31
0.0
  0
LINE
  5
AA3
330
17
100
AcDbEntity
  8
HANGER
100
AcDbLine
 10
12900.0
 20
7000.0
 30
0.0
 11
12900.0
 21
7130.0
 31
0.0
  0
LINE
  5
AA4
330
17
100
AcDbEntity
  8
HANGER
100
AcDbLine
 10
14100.0
 20
7000.0
 30
0.0
 11
14100.0
 21
7130.0
 31
0.0
  0
DIMENSION
  5
AA5
330
17
100
AcDbEntity
  8
DIM
100
AcDbDimension
280
0
  2
*D9
  3
EZDXF
 10
1094.0
 20
4650.0
 30
0.0
 11
7827.0
 21
4702.5
 31
0.0
 70
32
 71
5
  1
<>
100
AcDbAlignedDimension
 13
1094.0
 23
4950.0
 33
0.0
 14
14560.0
 24
4950.0
 34
0.0
 50
0.0
100
AcDbRotatedDimension
1001
ACAD
1000
DSTYLE
1002
{
1070
144
1040
1.0
1070
140
1040
70.0
1070
41
1040
42.0
1070
44
1040
24.5
1070
42
1040
21.0
1070
147
1040
17.5
1070
271
1070
0
1070
77
1070
1
1070
178
1070
7
1070
342
1005
74
1002
}
  0
DIMENSION
  5
AB4
330
17
100
AcDbEntity
  8
DIM
100
AcDbDimension
280
0
  2
*D10
  3
EZDXF
 10
1950.0
 20
4250.0
 30
0.0
 11
3193.5
 21
4302.5
 31
0.0
 70
32
 71
5
  1
<>
100
AcDbAlignedDimension
 13
1950.0
 23
4950.0
 33
0.0
 14
4437.0
 24
4950.0
 34
0.0
 50
0.0
100
AcDbRotatedDimension
1001
ACAD
1000
DSTYLE
1002
{
1070
144
1040
1.0
1070
140
1040
70.0
1070
41
1040
42.0
1070
44
1040
24.5
1070
42
1040
21.0
1070
147
1040
17.5
1070
271
1070
0
1070
77
1070
1
1070
178
1070
7
1070
342
1005
74
1002
}
  0
DIMENSION
  5
AC3
330
17
100
AcDbEntity
  8
DIM
100
AcDbDimension
280
0
  2
*D11
  3
EZDXF
 10
4437.0
 20
4250.0
 30
0.0
 11
5649.0
 21
4302.5
 31
0.0
 70
32
 71
5
  1
<>
100
AcDbAlignedDimension
 13
4437.0
 23
4950.0
 33
0.0
 14
6861.0
 24
4950.0
 34
0.0
 50
0.0
100
AcDbRotatedDimension
1001
ACAD
1000
DSTYLE
1002
{
1070
144
1040
1.0
1070
140
1040
70.0
1070
41
1040
42.0
1070
44
1040
24.5
1070
42
1040
21.0
1070
147
1040
17.5
1070
271
1070
0
1070
77
1070
1
1070
178
1070
7
1070
342
1005
74
1002
}
  0
DIMENSION
  5
AD2
330
17
100
AcDbEntity
  8
DIM
100
AcDbDimension
280
0
  2
*D12
  3
EZDXF
 10
6861.0
 20
4250.0
 30
0.0
 11
7443.5
 21
4302.5
 31
0.0
 70
32
 71
5
  1
<>
100
AcDbAlignedDimension
 13
6861.0
 23
4950.0
 33
0.0
 14
8026.0
 24
4950.0
 34
0.0
 50
0.0
100
AcDbRotatedDimension
1001
ACAD
1000
DSTYLE
1002
{
1070
144
1040
1.0
1070
140
1040
70.0
1070
41
1040
42.0
1070
44
1040
24.5
1070
42
1040
21.0
1070
147
1040
17.5
1070
271
1070
0
1070
77
1070
1
1070
178
1070
7
1070
342
1005
74
1002
}
  0
DIMENSION
  5
AE1
330
17
100
AcDbEntity
  8
DIM
100
AcDbDimension
280
0
  2
*D13
  3
EZDXF
 10
8026.0
 20
4250.0
 30
0.0
 11
9231.5
 21
4302.5
 31
0.0
 70
32
 71
5
  1
<>
100
AcDbAlignedDimension
 13
8026.0
 23
4950.0
 33
0.0
 14
10437.0
 24
4950.0
 34
0.0
 50
0.0
100
AcDbRotatedDimension
1001
ACAD
1000
DSTYLE
1002
{
1070
144
1040
1.0
1070
140
1040
70.0
1070
41
1040
42.0
1070
44
1040
24.5
1070
42
1040
21.0
1070
147
1040
17.5
1070
271
1070
0
1070
77
1070
1
1070
178
1070
7
1070
342
1005
74
1002
}
  0
DIMENSION
  5
AF0
330
17
100
AcDbEntity
  8
DIM
100
AcDbDimension
280
0
  2
*D14
  3
EZDXF
 10
10437.0
 20
4250.0
 30
0.0
 11
11413.5
 21
4302.5
 31
0.0
 70
32
 71
5
  1
<>
100
AcDbAlignedDimension
 13
10437.0
 23
4950.0
 33
0.0
 14
12390.0
 24
4950.0
 34
0.0
 50
0.0
100
AcDbRotatedDimension
1001
ACAD
1000
DSTYLE
1002
{
1070
144
1040
1.0
1070
140
1040
70.0
1070
41
1040
42.0
1070
44
1040
24.5
1070
42
1040
21.0
1070
147
1040
17.5
1070
271
1070
0
1070
77
1070
1
1070
178
1070
7
1070
342
1005
74
1002
}
  0
DIMENSION
  5
AFF
330
17
100
AcDbEntity
  8
DIM
100
AcDbDimension
280
0
  2
*D15
  3
EZDXF
 10
400.0
 20
5300.0
 30
0.0
 11
347.5
 21
6137.5
 31
0.0
 70
32
 71
5
  1
<>
100
AcDbAlignedDimension
 13
650.0
 23
5300.0
 33
0.0
 14
650.0
 24
6975.0
 34
0.0
 50
90.0
100
AcDbRotatedDimension
1001
ACAD
1000
DSTYLE
1002
{
1070
144
1040
1.0
1070
140
1040
70.0
1070
41
1040
42.0
1070
44
1040
24.5
1070
42
1040
21.0
1070
147
1040
17.5
1070
271
1070
0
1070
77
1070
1
1070
178
1070
7
1070
342
1005
74
1002
}
  0
TEXT
  5
B0E
330
17
100
AcDbEntity
  8
TEXT
100
AcDbText
 10
700.0
 20
6990.0
 30
0.0
 40
56.0
  1
z 4575 (rain hood top)
 11
700.0
 21
6990.0
 31
0.0
100
AcDbText
  0
TEXT
  5
B0F
330
17
100
AcDbEntity
  8
TEXT
100
AcDbText
 10
700.0
 20
5270.0
 30
0.0
 40
56.0
  1
z 2900 (IEC socket bottom)
 11
700.0
 21
5270.0
 31
0.0
100
AcDbText
  0
LWPOLYLINE
  5
B10
330
17
100
AcDbEntity
  8
TRUNK
100
AcDbPolyline
 90
4
 70
1
 10
16526.30025
 20
8515.0
 10
16856.30025
 20
8515.0
 10
16856.30025
 20
9052.5
 10
16526.30025
 20
9052.5
  0
LWPOLYLINE
  5
B11
330
17
100
AcDbEntity
  8
TRUNK
100
AcDbPolyline
 90
4
 70
1
 10
16556.30025
 20
8570.0
 10
16586.30025
 20
8570.0
 10
16586.30025
 20
8997.5
 10
16556.30025
 20
8997.5
  0
LWPOLYLINE
  5
B12
330
17
100
AcDbEntity
  8
TRUNK
100
AcDbPolyline
 90
4
 70
1
 10
16553.80025
 20
8567.5
 10
16588.80025
 20
8567.5
 10
16588.80025
 20
9000.0
 10
16553.80025
 20
9000.0
  0
LWPOLYLINE
  5
B13
330
17
100
AcDbEntity
  8
TRUNK
100
AcDbPolyline
 90
4
 70
1
 10
16616.30025
 20
8570.0
 10
16646.30025
 20
8570.0
 10
16646.30025
 20
8997.5
 10
16616.30025
 20
8997.5
  0
LWPOLYLINE
  5
B14
330
17
100
AcDbEntity
  8
TRUNK
100
AcDbPolyline
 90
4
 70
1
 10
16613.80025
 20
8567.5
 10
16648.80025
 20
8567.5
 10
16648.80025
 20
9000.0
 10
16613.80025
 20
9000.0
  0
LWPOLYLINE
  5
B15
330
17
100
AcDbEntity
  8
TRUNK
100
AcDbPolyline
 90
4
 70
1
 10
16676.30025
 20
8570.0
 10
16706.30025
 20
8570.0
 10
16706.30025
 20
8997.5
 10
16676.30025
 20
8997.5
  0
LWPOLYLINE
  5
B16
330
17
100
AcDbEntity
  8
TRUNK
100
AcDbPolyline
 90
4
 70
1
 10
16673.80025
 20
8567.5
 10
16708.80025
 20
8567.5
 10
16708.80025
 20
9000.0
 10
16673.80025
 20
9000.0
  0
LWPOLYLINE
  5
B17
330
17
100
AcDbEntity
  8
TRUNK
100
AcDbPolyline
 90
4
 70
1
 10
16736.30025
 20
8570.0
 10
16766.30025
 20
8570.0
 10
16766.30025
 20
8997.5
 10
16736.30025
 20
8997.5
  0
LWPOLYLINE
  5
B18
330
17
100
AcDbEntity
  8
TRUNK
100
AcDbPolyline
 90
4
 70
1
 10
16733.80025
 20
8567.5
 10
16768.80025
 20
8567.5
 10
16768.80025
 20
9000.0
 10
16733.80025
 20
9000.0
  0
LWPOLYLINE
  5
B19
330
17
100
AcDbEntity
  8
TRUNK
100
AcDbPolyline
 90
4
 70
1
 10
16796.30025
 20
8570.0
 10
16826.30025
 20
8570.0
 10
16826.30025
 20
8997.5
 10
16796.30025
 20
8997.5
  0
LWPOLYLINE
  5
B1A
330
17
100
AcDbEntity
  8
TRUNK
100
AcDbPolyline
 90
4
 70
1
 10
16793.80025
 20
8567.5
 10
16828.80025
 20
8567.5
 10
16828.80025
 20
9000.0
 10
16793.80025
 20
9000.0
  0
LWPOLYLINE
  5
B1B
330
17
100
AcDbEntity
  8
TRUNK
100
AcDbPolyline
 90
4
 70
1
 10
17543.80025
 20
8515.0
 10
17873.80025
 20
8515.0
 10
17873.80025
 20
9052.5
 10
17543.80025
 20
9052.5
  0
LWPOLYLINE
  5
B1C
330
17
100
AcDbEntity
  8
TRUNK
100
AcDbPolyline
 90
4
 70
1
 10
17573.80025
 20
8570.0
 10
17603.80025
 20
8570.0
 10
17603.80025
 20
8997.5
 10
17573.80025
 20
8997.5
  0
LWPOLYLINE
  5
B1D
330
17
100
AcDbEntity
  8
TRUNK
100
AcDbPolyline
 90
4
 70
1
 10
17571.30025
 20
8567.5
 10
17606.30025
 20
8567.5
 10
17606.30025
 20
9000.0
 10
17571.30025
 20
9000.0
  0
LWPOLYLINE
  5
B1E
330
17
100
AcDbEntity
  8
TRUNK
100
AcDbPolyline
 90
4
 70
1
 10
17633.80025
 20
8570.0
 10
17663.80025
 20
8570.0
 10
17663.80025
 20
8997.5
 10
17633.80025
 20
8997.5
  0
LWPOLYLINE
  5
B1F
330
17
100
AcDbEntity
  8
TRUNK
100
AcDbPolyline
 90
4
 70
1
 10
17631.30025
 20
8567.5
 10
17666.30025
 20
8567.5
 10
17666.30025
 20
9000.0
 10
17631.30025
 20
9000.0
  0
LWPOLYLINE
  5
B20
330
17
100
AcDbEntity
  8
TRUNK
100
AcDbPolyline
 90
4
 70
1
 10
17693.80025
 20
8570.0
 10
17723.80025
 20
8570.0
 10
17723.80025
 20
8997.5
 10
17693.80025
 20
8997.5
  0
LWPOLYLINE
  5
B21
330
17
100
AcDbEntity
  8
TRUNK
100
AcDbPolyline
 90
4
 70
1
 10
17691.30025
 20
8567.5
 10
17726.30025
 20
8567.5
 10
17726.30025
 20
9000.0
 10
17691.30025
 20
9000.0
  0
LWPOLYLINE
  5
B22
330
17
100
AcDbEntity
  8
TRUNK
100
AcDbPolyline
 90
4
 70
1
 10
17753.80025
 20
8570.0
 10
17783.80025
 20
8570.0
 10
17783.80025
 20
8997.5
 10
17753.80025
 20
8997.5
  0
LWPOLYLINE
  5
B23
330
17
100
AcDbEntity
  8
TRUNK
100
AcDbPolyline
 90
4
 70
1
 10
17751.30025
 20
8567.5
 10
17786.30025
 20
8567.5
 10
17786.30025
 20
9000.0
 10
17751.30025
 20
9000.0
  0
LWPOLYLINE
  5
B24
330
17
100
AcDbEntity
  8
TRUNK
100
AcDbPolyline
 90
4
 70
1
 10
17813.80025
 20
8570.0
 10
17843.80025
 20
8570.0
 10
17843.80025
 20
8997.5
 10
17813.80025
 20
8997.5
  0
LWPOLYLINE
  5
B25
330
17
100
AcDbEntity
  8
TRUNK
100
AcDbPolyline
 90
4
 70
1
 10
17811.30025
 20
8567.5
 10
17846.30025
 20
8567.5
 10
17846.30025
 20
9000.0
 10
17811.30025
 20
9000.0
  0
LWPOLYLINE
  5
B26
330
17
100
AcDbEntity
  8
TOU
100
AcDbPolyline
 90
4
 70
1
 10
16441.2985
 20
7639.9995
 10
16941.2985
 20
7639.9995
 10
16941.2985
 20
8515.0
 10
16441.2985
 20
8515.0
  0
LWPOLYLINE
  5
B27
330
17
100
AcDbEntity
  8
TOU
100
AcDbPolyline
 90
4
 70
1
 10
16496.2985
 20
8515.0
 10
16526.2985
 20
8515.0
 10
16526.2985
 20
8639.9995
 10
16496.2985
 20
8639.9995
  0
LWPOLYLINE
  5
B28
330
17
100
AcDbEntity
  8
TOU
100
AcDbPolyline
 90
4
 70
1
 10
16856.29825
 20
8515.0
 10
16886.2985
 20
8515.0
 10
16886.2985
 20
8639.9995
 10
16856.29825
 20
8639.9995
  0
LWPOLYLINE
  5
B29
330
17
100
AcDbEntity
  8
TOU
100
AcDbPolyline
 90
4
 70
1
 10
16496.2985
 20
8515.0
 10
16526.2985
 20
8515.0
 10
16526.2985
 20
8639.9995
 10
16496.2985
 20
8639.9995
  0
LWPOLYLINE
  5
B2A
330
17
100
AcDbEntity
  8
TOU
100
AcDbPolyline
 90
4
 70
1
 10
16856.29825
 20
8515.0
 10
16886.2985
 20
8515.0
 10
16886.2985
 20
8639.9995
 10
16856.29825
 20
8639.9995
  0
LWPOLYLINE
  5
B2B
330
17
100
AcDbEntity
  8
TOU
100
AcDbPolyline
 90
4
 70
1
 10
16496.2985
 20
8515.0
 10
16526.2985
 20
8515.0
 10
16526.2985
 20
8639.9995
 10
16496.2985
 20
8639.9995
  0
LWPOLYLINE
  5
B2C
330
17
100
AcDbEntity
  8
TOU
100
AcDbPolyline
 90
4
 70
1
 10
16856.29825
 20
8515.0
 10
16886.2985
 20
8515.0
 10
16886.2985
 20
8639.9995
 10
16856.29825
 20
8639.9995
  0
LWPOLYLINE
  5
B2D
330
17
100
AcDbEntity
  8
TOU
100
AcDbPolyline
 90
4
 70
1
 10
16496.2985
 20
8515.0
 10
16526.2985
 20
8515.0
 10
16526.2985
 20
8639.9995
 10
16496.2985
 20
8639.9995
  0
LWPOLYLINE
  5
B2E
330
17
100
AcDbEntity
  8
TOU
100
AcDbPolyline
 90
4
 70
1
 10
16856.29825
 20
8515.0
 10
16886.2985
 20
8515.0
 10
16886.2985
 20
8639.9995
 10
16856.29825
 20
8639.9995
  0
LWPOLYLINE
  5
B2F
330
17
100
AcDbEntity
  8
TOU
100
AcDbPolyline
 90
4
 70
1
 10
16551.2985
 20
8515.0
 10
16591.2985
 20
8515.0
 10
16591.2985
 20
8740.0
 10
16551.2985
 20
8740.0
  0
LWPOLYLINE
  5
B30
330
17
100
AcDbEntity
  8
TOU
100
AcDbPolyline
 90
4
 70
1
 10
16611.2985
 20
8515.0
 10
16651.2985
 20
8515.0
 10
16651.2985
 20
8740.0
 10
16611.2985
 20
8740.0
  0
LWPOLYLINE
  5
B31
330
17
100
AcDbEntity
  8
TOU
100
AcDbPolyline
 90
4
 70
1
 10
16671.29825
 20
8515.0
 10
16711.2985
 20
8515.0
 10
16711.2985
 20
8740.0
 10
16671.29825
 20
8740.0
  0
LWPOLYLINE
  5
B32
330
17
100
AcDbEntity
  8
TOU
100
AcDbPolyline
 90
4
 70
1
 10
16731.2985
 20
8515.0
 10
16771.2985
 20
8515.0
 10
16771.2985
 20
8740.0
 10
16731.2985
 20
8740.0
  0
LWPOLYLINE
  5
B33
330
17
100
AcDbEntity
  8
TOU
100
AcDbPolyline
 90
4
 70
1
 10
16791.2985
 20
8515.0
 10
16831.2985
 20
8515.0
 10
16831.2985
 20
8740.0
 10
16791.2985
 20
8740.0
  0
LWPOLYLINE
  5
B34
330
17
100
AcDbEntity
  8
TOU
100
AcDbPolyline
 90
4
 70
1
 10
16491.2985
 20
8272.4995
 10
16891.29825
 20
8272.4995
 10
16891.29825
 20
8282.5
 10
16491.2985
 20
8282.5
  0
LWPOLYLINE
  5
B35
330
17
100
AcDbEntity
  8
TOU
100
AcDbPolyline
 90
4
 70
1
 10
16518.7985
 20
7935.0
 10
16863.7985
 20
7935.0
 10
16863.7985
 20
8277.4995
 10
16518.7985
 20
8277.4995
  0
LWPOLYLINE
  5
B36
330
17
100
AcDbEntity
  8
TOU
100
AcDbPolyline
 90
4
 70
1
 10
16661.2985
 20
7602.5
 10
16721.2985
 20
7602.5
 10
16721.2985
 20
7644.9995
 10
16661.2985
 20
7644.9995
  0
LWPOLYLINE
  5
B37
330
17
100
AcDbEntity
  8
TOU
100
AcDbPolyline
 90
4
 70
1
 10
16493.7985
 20
7445.0
 10
16638.7985
 20
7445.0
 10
16638.7985
 20
7639.9995
 10
16493.7985
 20
7639.9995
  0
LWPOLYLINE
  5
B38
330
17
100
AcDbEntity
  8
TOU
100
AcDbPolyline
 90
4
 70
1
 10
16743.7985
 20
7445.0
 10
16888.7985
 20
7445.0
 10
16888.7985
 20
7639.9995
 10
16743.7985
 20
7639.9995
  0
LWPOLYLINE
  5
B39
330
17
100
AcDbEntity
  8
TOU
100
AcDbPolyline
 90
4
 70
1
 10
16493.7985
 20
7445.0
 10
16638.7985
 20
7445.0
 10
16638.7985
 20
7639.9995
 10
16493.7985
 20
7639.9995
  0
LWPOLYLINE
  5
B3A
330
17
100
AcDbEntity
  8
TOU
100
AcDbPolyline
 90
4
 70
1
 10
16743.7985
 20
7445.0
 10
16888.7985
 20
7445.0
 10
16888.7985
 20
7639.9995
 10
16743.7985
 20
7639.9995
  0
LWPOLYLINE
  5
B3B
330
17
100
AcDbEntity
  8
TOU
100
AcDbPolyline
 90
4
 70
1
 10
17458.80225
 20
7639.9995
 10
17958.80225
 20
7639.9995
 10
17958.80225
 20
8515.0
 10
17458.80225
 20
8515.0
  0
LWPOLYLINE
  5
B3C
330
17
100
AcDbEntity
  8
TOU
100
AcDbPolyline
 90
4
 70
1
 10
17513.80225
 20
8515.0
 10
17543.80225
 20
8515.0
 10
17543.80225
 20
8639.9995
 10
17513.80225
 20
8639.9995
  0
LWPOLYLINE
  5
B3D
330
17
100
AcDbEntity
  8
TOU
100
AcDbPolyline
 90
4
 70
1
 10
17873.80225
 20
8515.0
 10
17903.80225
 20
8515.0
 10
17903.80225
 20
8639.9995
 10
17873.80225
 20
8639.9995
  0
LWPOLYLINE
  5
B3E
330
17
100
AcDbEntity
  8
TOU
100
AcDbPolyline
 90
4
 70
1
 10
17513.80225
 20
8515.0
 10
17543.80225
 20
8515.0
 10
17543.80225
 20
8639.9995
 10
17513.80225
 20
8639.9995
  0
LWPOLYLINE
  5
B3F
330
17
100
AcDbEntity
  8
TOU
100
AcDbPolyline
 90
4
 70
1
 10
17873.80225
 20
8515.0
 10
17903.80225
 20
8515.0
 10
17903.80225
 20
8639.9995
 10
17873.80225
 20
8639.9995
  0
LWPOLYLINE
  5
B40
330
17
100
AcDbEntity
  8
TOU
100
AcDbPolyline
 90
4
 70
1
 10
17513.80225
 20
8515.0
 10
17543.80225
 20
8515.0
 10
17543.80225
 20
8639.9995
 10
17513.80225
 20
8639.9995
  0
LWPOLYLINE
  5
B41
330
17
100
AcDbEntity
  8
TOU
100
AcDbPolyline
 90
4
 70
1
 10
17873.80225
 20
8515.0
 10
17903.80225
 20
8515.0
 10
17903.80225
 20
8639.9995
 10
17873.80225
 20
8639.9995
  0
LWPOLYLINE
  5
B42
330
17
100
AcDbEntity
  8
TOU
100
AcDbPolyline
 90
4
 70
1
 10
17513.80225
 20
8515.0
 10
17543.80225
 20
8515.0
 10
17543.80225
 20
8639.9995
 10
17513.80225
 20
8639.9995
  0
LWPOLYLINE
  5
B43
330
17
100
AcDbEntity
  8
TOU
100
AcDbPolyline
 90
4
 70
1
 10
17873.80225
 20
8515.0
 10
17903.80225
 20
8515.0
 10
17903.80225
 20
8639.9995
 10
17873.80225
 20
8639.9995
  0
LWPOLYLINE
  5
B44
330
17
100
AcDbEntity
  8
TOU
100
AcDbPolyline
 90
4
 70
1
 10
17568.80225
 20
8515.0
 10
17608.80225
 20
8515.0
 10
17608.80225
 20
8740.0
 10
17568.80225
 20
8740.0
  0
LWPOLYLINE
  5
B45
330
17
100
AcDbEntity
  8
TOU
100
AcDbPolyline
 90
4
 70
1
 10
17628.80225
 20
8515.0
 10
17668.802
 20
8515.0
 10
17668.802
 20
8740.0
 10
17628.80225
 20
8740.0
  0
LWPOLYLINE
  5
B46
330
17
100
AcDbEntity
  8
TOU
100
AcDbPolyline
 90
4
 70
1
 10
17688.80225
 20
8515.0
 10
17728.802
 20
8515.0
 10
17728.802
 20
8740.0
 10
17688.80225
 20
8740.0
  0
LWPOLYLINE
  5
B47
330
17
100
AcDbEntity
  8
TOU
100
AcDbPolyline
 90
4
 70
1
 10
17748.80225
 20
8515.0
 10
17788.80225
 20
8515.0
 10
17788.80225
 20
8740.0
 10
17748.80225
 20
8740.0
  0
LWPOLYLINE
  5
B48
330
17
100
AcDbEntity
  8
TOU
100
AcDbPolyline
 90
4
 70
1
 10
17808.802
 20
8515.0
 10
17848.80225
 20
8515.0
 10
17848.80225
 20
8740.0
 10
17808.802
 20
8740.0
  0
LWPOLYLINE
  5
B49
330
17
100
AcDbEntity
  8
TOU
100
AcDbPolyline
 90
4
 70
1
 10
17508.80225
 20
8272.4995
 10
17908.80225
 20
8272.4995
 10
17908.80225
 20
8282.5
 10
17508.80225
 20
8282.5
  0
LWPOLYLINE
  5
B4A
330
17
100
AcDbEntity
  8
TOU
100
AcDbPolyline
 90
4
 70
1
 10
17536.30225
 20
7935.0
 10
17881.30225
 20
7935.0
 10
17881.30225
 20
8277.4995
 10
17536.30225
 20
8277.4995
  0
LWPOLYLINE
  5
B4B
330
17
100
AcDbEntity
  8
TOU
100
AcDbPolyline
 90
4
 70
1
 10
17678.80225
 20
7602.5
 10
17738.80225
 20
7602.5
 10
17738.80225
 20
7644.9995
 10
17678.80225
 20
7644.9995
  0
LWPOLYLINE
  5
B4C
330
17
100
AcDbEntity
  8
TOU
100
AcDbPolyline
 90
4
 70
1
 10
17511.30225
 20
7445.0
 10
17656.30225
 20
7445.0
 10
17656.30225
 20
7639.9995
 10
17511.30225
 20
7639.9995
  0
LWPOLYLINE
  5
B4D
330
17
100
AcDbEntity
  8
TOU
100
AcDbPolyline
 90
4
 70
1
 10
17761.30225
 20
7445.0
 10
17906.30225
 20
7445.0
 10
17906.30225
 20
7639.9995
 10
17761.30225
 20
7639.9995
  0
LWPOLYLINE
  5
B4E
330
17
100
AcDbEntity
  8
TOU
100
AcDbPolyline
 90
4
 70
1
 10
17511.30225
 20
7445.0
 10
17656.30225
 20
7445.0
 10
17656.30225
 20
7639.9995
 10
17511.30225
 20
7639.9995
  0
LWPOLYLINE
  5
B4F
330
17
100
AcDbEntity
  8
TOU
100
AcDbPolyline
 90
4
 70
1
 10
17761.30225
 20
7445.0
 10
17906.30225
 20
7445.0
 10
17906.30225
 20
7639.9995
 10
17761.30225
 20
7639.9995
  0
LWPOLYLINE
  5
B50
330
17
100
AcDbEntity
  8
TOU
100
AcDbPolyline
 90
4
 70
1
 10
16427.01825
 20
6913.407499999999
 10
16605.57875
 20
6913.407499999999
 10
16605.57875
 20
7456.592500000001
 10
16427.01825
 20
7456.592500000001
  0
LWPOLYLINE
  5
B51
330
17
100
AcDbEntity
  8
TOU
100
AcDbPolyline
 90
4
 70
1
 10
16328.7985
 20
6599.9995
 10
16603.7985
 20
6599.9995
 10
16603.7985
 20
6924.9995
 10
16328.7985
 20
6924.9995
  0
LWPOLYLINE
  5
B52
330
17
100
AcDbEntity
  8
TOU
100
AcDbPolyline
 90
4
 70
1
 10
16777.01825
 20
6913.407499999999
 10
16955.57875
 20
6913.407499999999
 10
16955.57875
 20
7456.592500000001
 10
16777.01825
 20
7456.592500000001
  0
LWPOLYLINE
  5
B53
330
17
100
AcDbEntity
  8
TOU
100
AcDbPolyline
 90
4
 70
1
 10
16778.7985
 20
6599.9995
 10
17053.79825
 20
6599.9995
 10
17053.79825
 20
6924.9995
 10
16778.7985
 20
6924.9995
  0
LWPOLYLINE
  5
B54
330
17
100
AcDbEntity
  8
TOU
100
AcDbPolyline
 90
4
 70
1
 10
17444.522
 20
6913.407499999999
 10
17623.0825
 20
6913.407499999999
 10
17623.0825
 20
7456.592500000001
 10
17444.522
 20
7456.592500000001
  0
LWPOLYLINE
  5
B55
330
17
100
AcDbEntity
  8
TOU
100
AcDbPolyline
 90
4
 70
1
 10
17346.30225
 20
6599.9995
 10
17621.30225
 20
6599.9995
 10
17621.30225
 20
6924.9995
 10
17346.30225
 20
6924.9995
  0
LWPOLYLINE
  5
B56
330
17
100
AcDbEntity
  8
TOU
100
AcDbPolyline
 90
4
 70
1
 10
17794.52175
 20
6913.407499999999
 10
17973.0825
 20
6913.407499999999
 10
17973.0825
 20
7456.592500000001
 10
17794.52175
 20
7456.592500000001
  0
LWPOLYLINE
  5
B57
330
17
100
AcDbEntity
  8
TOU
100
AcDbPolyline
 90
4
 70
1
 10
17796.30225
 20
6599.9995
 10
18071.30225
 20
6599.9995
 10
18071.30225
 20
6924.9995
 10
17796.30225
 20
6924.9995
  0
LWPOLYLINE
  5
B58
330
17
100
AcDbEntity
  8
TOU
100
AcDbPolyline
 90
4
 70
1
 10
16427.01825
 20
6913.407499999999
 10
16605.57875
 20
6913.407499999999
 10
16605.57875
 20
7456.592500000001
 10
16427.01825
 20
7456.592500000001
  0
LWPOLYLINE
  5
B59
330
17
100
AcDbEntity
  8
TOU
100
AcDbPolyline
 90
4
 70
1
 10
16328.7985
 20
6599.9995
 10
16603.7985
 20
6599.9995
 10
16603.7985
 20
6924.9995
 10
16328.7985
 20
6924.9995
  0
LWPOLYLINE
  5
B5A
330
17
100
AcDbEntity
  8
TOU
100
AcDbPolyline
 90
4
 70
1
 10
16777.01825
 20
6913.407499999999
 10
16955.57875
 20
6913.407499999999
 10
16955.57875
 20
7456.592500000001
 10
16777.01825
 20
7456.592500000001
  0
LWPOLYLINE
  5
B5B
330
17
100
AcDbEntity
  8
TOU
100
AcDbPolyline
 90
4
 70
1
 10
16778.7985
 20
6599.9995
 10
17053.79825
 20
6599.9995
 10
17053.79825
 20
6924.9995
 10
16778.7985
 20
6924.9995
  0
LWPOLYLINE
  5
B5C
330
17
100
AcDbEntity
  8
TOU
100
AcDbPolyline
 90
4
 70
1
 10
17444.522
 20
6913.407499999999
 10
17623.0825
 20
6913.407499999999
 10
17623.0825
 20
7456.592500000001
 10
17444.522
 20
7456.592500000001
  0
LWPOLYLINE
  5
B5D
330
17
100
AcDbEntity
  8
TOU
100
AcDbPolyline
 90
4
 70
1
 10
17346.30225
 20
6599.9995
 10
17621.30225
 20
6599.9995
 10
17621.30225
 20
6924.9995
 10
17346.30225
 20
6924.9995
  0
LWPOLYLINE
  5
B5E
330
17
100
AcDbEntity
  8
TOU
100
AcDbPolyline
 90
4
 70
1
 10
17794.52175
 20
6913.407499999999
 10
17973.0825
 20
6913.407499999999
 10
17973.0825
 20
7456.592500000001
 10
17794.52175
 20
7456.592500000001
  0
LWPOLYLINE
  5
B5F
330
17
100
AcDbEntity
  8
TOU
100
AcDbPolyline
 90
4
 70
1
 10
17796.30225
 20
6599.9995
 10
18071.30225
 20
6599.9995
 10
18071.30225
 20
6924.9995
 10
17796.30225
 20
6924.9995
  0
LWPOLYLINE
  5
B60
330
17
100
AcDbEntity
  8
TRUNK
100
AcDbPolyline
 90
4
 70
1
 10
16451.30025
 20
9052.5
 10
16931.3
 20
9052.5
 10
16931.3
 20
9067.4995
 10
16451.30025
 20
9067.4995
  0
LWPOLYLINE
  5
B61
330
17
100
AcDbEntity
  8
TRUNK
100
AcDbPolyline
 90
4
 70
1
 10
16511.30025
 20
8852.5
 10
16526.30025
 20
8852.5
 10
16526.30025
 20
9067.4995
 10
16511.30025
 20
9067.4995
  0
LWPOLYLINE
  5
B62
330
17
100
AcDbEntity
  8
TRUNK
100
AcDbPolyline
 90
4
 70
1
 10
16856.30025
 20
8852.5
 10
16871.30025
 20
8852.5
 10
16871.30025
 20
9067.4995
 10
16856.30025
 20
9067.4995
  0
LWPOLYLINE
  5
B63
330
17
100
AcDbEntity
  8
TRUNK
100
AcDbPolyline
 90
4
 70
1
 10
16461.30025
 20
9067.4995
 10
16491.30025
 20
9067.4995
 10
16491.30025
 20
9890.0
 10
16461.30025
 20
9890.0
  0
LWPOLYLINE
  5
B64
330
17
100
AcDbEntity
  8
TRUNK
100
AcDbPolyline
 90
4
 70
1
 10
16891.30025
 20
9067.4995
 10
16921.30025
 20
9067.4995
 10
16921.30025
 20
9890.0
 10
16891.30025
 20
9890.0
  0
LWPOLYLINE
  5
B65
330
17
100
AcDbEntity
  8
TRUNK
100
AcDbPolyline
 90
4
 70
1
 10
17468.80025
 20
9052.5
 10
17948.80025
 20
9052.5
 10
17948.80025
 20
9067.4995
 10
17468.80025
 20
9067.4995
  0
LWPOLYLINE
  5
B66
330
17
100
AcDbEntity
  8
TRUNK
100
AcDbPolyline
 90
4
 70
1
 10
17528.80025
 20
8852.5
 10
17543.80025
 20
8852.5
 10
17543.80025
 20
9067.4995
 10
17528.80025
 20
9067.4995
  0
LWPOLYLINE
  5
B67
330
17
100
AcDbEntity
  8
TRUNK
100
AcDbPolyline
 90
4
 70
1
 10
17873.80025
 20
8852.5
 10
17888.80025
 20
8852.5
 10
17888.80025
 20
9067.4995
 10
17873.80025
 20
9067.4995
  0
LWPOLYLINE
  5
B68
330
17
100
AcDbEntity
  8
TRUNK
100
AcDbPolyline
 90
4
 70
1
 10
17478.80025
 20
9067.4995
 10
17508.80025
 20
9067.4995
 10
17508.80025
 20
9890.0
 10
17478.80025
 20
9890.0
  0
LWPOLYLINE
  5
B69
330
17
100
AcDbEntity
  8
TRUNK
100
AcDbPolyline
 90
4
 70
1
 10
17908.80025
 20
9067.4995
 10
17938.80025
 20
9067.4995
 10
17938.80025
 20
9890.0
 10
17908.80025
 20
9890.0
  0
TEXT
  5
B6A
330
17
100
AcDbEntity
  8
TITLE
100
AcDbText
 10
16500.0
 20
11150.0
 30
0.0
 40
154.0
  1
VIEW 3   SECTION A-A @ TOU R01  断面     1:8
 11
16500.0
 21
11150.0
 31
0.0
100
AcDbText
  0
TEXT
  5
B6B
330
17
100
AcDbEntity
  8
TEXT
100
AcDbText
 10
16500.0
 20
11000.0
 30
0.0
 40
59.5
  1
TRUNK 2 x 2000 A, housing 132 (W) x 215 (H), 5 x Cu 12 x 171 (L1 L2 L3 N PE)
 11
16500.0
 21
11000.0
 31
0.0
100
AcDbText
  0
TEXT
  5
B6C
330
17
100
AcDbEntity
  8
TEXT
100
AcDbText
 10
16500.0
 20
10870.0
 30
0.0
 40
59.5
  1
TOU 400 A : 400 (L, along run) x 200 (W) x 350 (H), MCCB handle facing DOWN
 11
16500.0
 21
10870.0
 31
0.0
100
AcDbText
  0
TEXT
  5
B6D
330
17
100
AcDbEntity
  8
TEXT
100
AcDbText
 10
16500.0
 20
10740.0
 30
0.0
 40
59.5
  1
4 x IEC 60309 63A 5P 400V socket on flexible whip, gland O58, cable O32
 11
16500.0
 21
10740.0
 31
0.0
100
AcDbText
  0
TEXT
  5
B6E
330
17
100
AcDbEntity
  8
TEXT
100
AcDbText
 10
16500.0
 20
10610.0
 30
0.0
 40
59.5
  1
small TOU 100 A : 354 x 227 x 225, 1 x IEC 60309 63A 5P
 11
16500.0
 21
10610.0
 31
0.0
100
AcDbText
  0
TEXT
  5
B6F
330
17
100
AcDbEntity
  8
TEXT
100
AcDbText
 10
16500.0
 20
10480.0
 30
0.0
 40
59.5
  1
pump TOU 125 A : 354 x 227 x 225, whip to panel-mounted IEC 60309 125A 5P (VIEW 5)
 11
16500.0
 21
10480.0
 31
0.0
100
AcDbText
  0
DIMENSION
  5
B70
330
17
100
AcDbEntity
  8
DIM
100
AcDbDimension
280
0
  2
*D16
  3
EZDXF
 10
16040.0
 20
6600.0
 30
0.0
 11
15987.5
 21
8693.75
 31
0.0
 70
32
 71
5
  1
<>
100
AcDbAlignedDimension
 13
16300.0
 23
6600.0
 33
0.0
 14
16300.0
 24
10787.5
 34
0.0
 50
90.0
100
AcDbRotatedDimension
1001
ACAD
1000
DSTYLE
1002
{
1070
144
1040
0.4
1070
140
1040
70.0
1070
41
1040
42.0
1070
44
1040
24.5
1070
42
1040
21.0
1070
147
1040
17.5
1070
271
1070
0
1070
77
1070
1
1070
178
1070
7
1070
342
1005
74
1002
}
  0
TEXT
  5
B7F
330
17
100
AcDbEntity
  8
TITLE
100
AcDbText
 10
22600.0
 20
8740.0
 30
0.0
 40
154.0
  1
VIEW 4   TAP-OFF SCHEDULE  插接开关表
 11
22600.0
 21
8740.0
 31
0.0
100
AcDbText
  0
TEXT
  5
B80
330
17
100
AcDbEntity
  8
TEXT
100
AcDbText
 10
22650.0
 20
8500.0
 30
0.0
 40
63.0
  1
TAG
 11
22650.0
 21
8500.0
 31
0.0
100
AcDbText
  0
TEXT
  5
B81
330
17
100
AcDbEntity
  8
TEXT
100
AcDbText
 10
23800.0
 20
8500.0
 30
0.0
 40
63.0
  1
SERVES
 11
23800.0
 21
8500.0
 31
0.0
100
AcDbText
  0
TEXT
  5
B82
330
17
100
AcDbEntity
  8
TEXT
100
AcDbText
 10
25700.0
 20
8500.0
 30
0.0
 40
63.0
  1
x (mm)
 11
25700.0
 21
8500.0
 31
0.0
100
AcDbText
  0
TEXT
  5
B83
330
17
100
AcDbEntity
  8
TEXT
100
AcDbText
 10
26500.0
 20
8500.0
 30
0.0
 40
63.0
  1
FRAME
 11
26500.0
 21
8500.0
 31
0.0
100
AcDbText
  0
TEXT
  5
B84
330
17
100
AcDbEntity
  8
TEXT
100
AcDbText
 10
27550.0
 20
8500.0
 30
0.0
 40
63.0
  1
OUTLET
 11
27550.0
 21
8500.0
 31
0.0
100
AcDbText
  0
LINE
  5
B85
330
17
100
AcDbEntity
  8
GRID
100
AcDbLine
 10
22600.0
 20
8445.0
 30
0.0
 11
31300.0
 21
8445.0
 31
0.0
  0
TEXT
  5
B86
330
17
100
AcDbEntity
  8
TEXT
100
AcDbText
 10
22650.0
 20
8320.0
 30
0.0
 40
63.0
  1
TOU_R01
 11
22650.0
 21
8320.0
 31
0.0
100
AcDbText
  0
TEXT
  5
B87
330
17
100
AcDbEntity
  8
TEXT
100
AcDbText
 10
23800.0
 20
8320.0
 30
0.0
 40
63.0
  1
DLC rack EQ_02
 11
23800.0
 21
8320.0
 31
0.0
100
AcDbText
  0
TEXT
  5
B88
330
17
100
AcDbEntity
  8
TEXT
100
AcDbText
 10
25700.0
 20
8320.0
 30
0.0
 40
63.0
  1
1536
 11
25700.0
 21
8320.0
 31
0.0
100
AcDbText
  0
TEXT
  5
B89
330
17
100
AcDbEntity
  8
TEXT
100
AcDbText
 10
26500.0
 20
8320.0
 30
0.0
 40
63.0
  1
400 A 3P
 11
26500.0
 21
8320.0
 31
0.0
100
AcDbText
  0
TEXT
  5
B8A
330
17
100
AcDbEntity
  8
TEXT
100
AcDbText
 10
27550.0
 20
8320.0
 30
0.0
 40
63.0
  1
4 x IEC60309 63A 5P
 11
27550.0
 21
8320.0
 31
0.0
100
AcDbText
  0
LINE
  5
B8B
330
17
100
AcDbEntity
  8
GRID
100
AcDbLine
 10
22600.0
 20
8265.0
 30
0.0
 11
31300.0
 21
8265.0
 31
0.0
  0
TEXT
  5
B8C
330
17
100
AcDbEntity
  8
TEXT
100
AcDbText
 10
22650.0
 20
8140.0
 30
0.0
 40
63.0
  1
TOU_R02
 11
22650.0
 21
8140.0
 31
0.0
100
AcDbText
  0
TEXT
  5
B8D
330
17
100
AcDbEntity
  8
TEXT
100
AcDbText
 10
23800.0
 20
8140.0
 30
0.0
 40
63.0
  1
DLC rack EQ_04
 11
23800.0
 21
8140.0
 31
0.0
100
AcDbText
  0
TEXT
  5
B8E
330
17
100
AcDbEntity
  8
TEXT
100
AcDbText
 10
25700.0
 20
8140.0
 30
0.0
 40
63.0
  1
2686
 11
25700.0
 21
8140.0
 31
0.0
100
AcDbText
  0
TEXT
  5
B8F
330
17
100
AcDbEntity
  8
TEXT
100
AcDbText
 10
26500.0
 20
8140.0
 30
0.0
 40
63.0
  1
400 A 3P
 11
26500.0
 21
8140.0
 31
0.0
100
AcDbText
  0
TEXT
  5
B90
330
17
100
AcDbEntity
  8
TEXT
100
AcDbText
 10
27550.0
 20
8140.0
 30
0.0
 40
63.0
  1
4 x IEC60309 63A 5P
 11
27550.0
 21
8140.0
 31
0.0
100
AcDbText
  0
LINE
  5
B91
330
17
100
AcDbEntity
  8
GRID
100
AcDbLine
 10
22600.0
 20
8085.0
 30
0.0
 11
31300.0
 21
8085.0
 31
0.0
  0
TEXT
  5
B92
330
17
100
AcDbEntity
  8
TEXT
100
AcDbText
 10
22650.0
 20
7960.0
 30
0.0
 40
63.0
  1
TOU_R03
 11
22650.0
 21
7960.0
 31
0.0
100
AcDbText
  0
TEXT
  5
B93
330
17
100
AcDbEntity
  8
TEXT
100
AcDbText
 10
23800.0
 20
7960.0
 30
0.0
 40
63.0
  1
DLC rack EQ_06
 11
23800.0
 21
7960.0
 31
0.0
100
AcDbText
  0
TEXT
  5
B94
330
17
100
AcDbEntity
  8
TEXT
100
AcDbText
 10
25700.0
 20
7960.0
 30
0.0
 40
63.0
  1
3836
 11
25700.0
 21
7960.0
 31
0.0
100
AcDbText
  0
TEXT
  5
B95
330
17
100
AcDbEntity
  8
TEXT
100
AcDbText
 10
26500.0
 20
7960.0
 30
0.0
 40
63.0
  1
400 A 3P
 11
26500.0
 21
7960.0
 31
0.0
100
AcDbText
  0
TEXT
  5
B96
330
17
100
AcDbEntity
  8
TEXT
100
AcDbText
 10
27550.0
 20
7960.0
 30
0.0
 40
63.0
  1
4 x IEC60309 63A 5P
 11
27550.0
 21
7960.0
 31
0.0
100
AcDbText
  0
LINE
  5
B97
330
17
100
AcDbEntity
  8
GRID
100
AcDbLine
 10
22600.0
 20
7905.0
 30
0.0
 11
31300.0
 21
7905.0
 31
0.0
  0
TEXT
  5
B98
330
17
100
AcDbEntity
  8
TEXT
100
AcDbText
 10
22650.0
 20
7780.0
 30
0.0
 40
63.0
  1
TOU_R04
 11
22650.0
 21
7780.0
 31
0.0
100
AcDbText
  0
TEXT
  5
B99
330
17
100
AcDbEntity
  8
TEXT
100
AcDbText
 10
23800.0
 20
7780.0
 30
0.0
 40
63.0
  1
DLC rack EQ_08
 11
23800.0
 21
7780.0
 31
0.0
100
AcDbText
  0
TEXT
  5
B9A
330
17
100
AcDbEntity
  8
TEXT
100
AcDbText
 10
25700.0
 20
7780.0
 30
0.0
 40
63.0
  1
4986
 11
25700.0
 21
7780.0
 31
0.0
100
AcDbText
  0
TEXT
  5
B9B
330
17
100
AcDbEntity
  8
TEXT
100
AcDbText
 10
26500.0
 20
7780.0
 30
0.0
 40
63.0
  1
400 A 3P
 11
26500.0
 21
7780.0
 31
0.0
100
AcDbText
  0
TEXT
  5
B9C
330
17
100
AcDbEntity
  8
TEXT
100
AcDbText
 10
27550.0
 20
7780.0
 30
0.0
 40
63.0
  1
4 x IEC60309 63A 5P
 11
27550.0
 21
7780.0
 31
0.0
100
AcDbText
  0
LINE
  5
B9D
330
17
100
AcDbEntity
  8
GRID
100
AcDbLine
 10
22600.0
 20
7725.0
 30
0.0
 11
31300.0
 21
7725.0
 31
0.0
  0
TEXT
  5
B9E
330
17
100
AcDbEntity
  8
TEXT
100
AcDbText
 10
22650.0
 20
7600.0
 30
0.0
 40
63.0
  1
TOU_R05
 11
22650.0
 21
7600.0
 31
0.0
100
AcDbText
  0
TEXT
  5
B9F
330
17
100
AcDbEntity
  8
TEXT
100
AcDbText
 10
23800.0
 20
7600.0
 30
0.0
 40
63.0
  1
DLC rack EQ_12
 11
23800.0
 21
7600.0
 31
0.0
100
AcDbText
  0
TEXT
  5
BA0
330
17
100
AcDbEntity
  8
TEXT
100
AcDbText
 10
25700.0
 20
7600.0
 30
0.0
 40
63.0
  1
7536
 11
25700.0
 21
7600.0
 31
0.0
100
AcDbText
  0
TEXT
  5
BA1
330
17
100
AcDbEntity
  8
TEXT
100
AcDbText
 10
26500.0
 20
7600.0
 30
0.0
 40
63.0
  1
400 A 3P
 11
26500.0
 21
7600.0
 31
0.0
100
AcDbText
  0
TEXT
  5
BA2
330
17
100
AcDbEntity
  8
TEXT
100
AcDbText
 10
27550.0
 20
7600.0
 30
0.0
 40
63.0
  1
4 x IEC60309 63A 5P
 11
27550.0
 21
7600.0
 31
0.0
100
AcDbText
  0
LINE
  5
BA3
330
17
100
AcDbEntity
  8
GRID
100
AcDbLine
 10
22600.0
 20
7545.0
 30
0.0
 11
31300.0
 21
7545.0
 31
0.0
  0
TEXT
  5
BA4
330
17
100
AcDbEntity
  8
TEXT
100
AcDbText
 10
22650.0
 20
7420.0
 30
0.0
 40
63.0
  1
TOU_R06
 11
22650.0
 21
7420.0
 31
0.0
100
AcDbText
  0
TEXT
  5
BA5
330
17
100
AcDbEntity
  8
TEXT
100
AcDbText
 10
23800.0
 20
7420.0
 30
0.0
 40
63.0
  1
DLC rack EQ_14
 11
23800.0
 21
7420.0
 31
0.0
100
AcDbText
  0
TEXT
  5
BA6
330
17
100
AcDbEntity
  8
TEXT
100
AcDbText
 10
25700.0
 20
7420.0
 30
0.0
 40
63.0
  1
8686
 11
25700.0
 21
7420.0
 31
0.0
100
AcDbText
  0
TEXT
  5
BA7
330
17
100
AcDbEntity
  8
TEXT
100
AcDbText
 10
26500.0
 20
7420.0
 30
0.0
 40
63.0
  1
400 A 3P
 11
26500.0
 21
7420.0
 31
0.0
100
AcDbText
  0
TEXT
  5
BA8
330
17
100
AcDbEntity
  8
TEXT
100
AcDbText
 10
27550.0
 20
7420.0
 30
0.0
 40
63.0
  1
4 x IEC60309 63A 5P
 11
27550.0
 21
7420.0
 31
0.0
100
AcDbText
  0
LINE
  5
BA9
330
17
100
AcDbEntity
  8
GRID
100
AcDbLine
 10
22600.0
 20
7365.0
 30
0.0
 11
31300.0
 21
7365.0
 31
0.0
  0
TEXT
  5
BAA
330
17
100
AcDbEntity
  8
TEXT
100
AcDbText
 10
22650.0
 20
7240.0
 30
0.0
 40
63.0
  1
TOU_R07
 11
22650.0
 21
7240.0
 31
0.0
100
AcDbText
  0
TEXT
  5
BAB
330
17
100
AcDbEntity
  8
TEXT
100
AcDbText
 10
23800.0
 20
7240.0
 30
0.0
 40
63.0
  1
DLC rack EQ_16
 11
23800.0
 21
7240.0
 31
0.0
100
AcDbText
  0
TEXT
  5
BAC
330
17
100
AcDbEntity
  8
TEXT
100
AcDbText
 10
25700.0
 20
7240.0
 30
0.0
 40
63.0
  1
9836
 11
25700.0
 21
7240.0
 31
0.0
100
AcDbText
  0
TEXT
  5
BAD
330
17
100
AcDbEntity
  8
TEXT
100
AcDbText
 10
26500.0
 20
7240.0
 30
0.0
 40
63.0
  1
400 A 3P
 11
26500.0
 21
7240.0
 31
0.0
100
AcDbText
  0
TEXT
  5
BAE
330
17
100
AcDbEntity
  8
TEXT
100
AcDbText
 10
27550.0
 20
7240.0
 30
0.0
 40
63.0
  1
4 x IEC60309 63A 5P
 11
27550.0
 21
7240.0
 31
0.0
100
AcDbText
  0
LINE
  5
BAF
330
17
100
AcDbEntity
  8
GRID
100
AcDbLine
 10
22600.0
 20
7185.0
 30
0.0
 11
31300.0
 21
7185.0
 31
0.0
  0
TEXT
  5
BB0
330
17
100
AcDbEntity
  8
TEXT
100
AcDbText
 10
22650.0
 20
7060.0
 30
0.0
 40
63.0
  1
TOU_R08
 11
22650.0
 21
7060.0
 31
0.0
100
AcDbText
  0
TEXT
  5
BB1
330
17
100
AcDbEntity
  8
TEXT
100
AcDbText
 10
23800.0
 20
7060.0
 30
0.0
 40
63.0
  1
DLC rack EQ_18
 11
23800.0
 21
7060.0
 31
0.0
100
AcDbText
  0
TEXT
  5
BB2
330
17
100
AcDbEntity
  8
TEXT
100
AcDbText
 10
25700.0
 20
7060.0
 30
0.0
 40
63.0
  1
10986
 11
25700.0
 21
7060.0
 31
0.0
100
AcDbText
  0
TEXT
  5
BB3
330
17
100
AcDbEntity
  8
TEXT
100
AcDbText
 10
26500.0
 20
7060.0
 30
0.0
 40
63.0
  1
400 A 3P
 11
26500.0
 21
7060.0
 31
0.0
100
AcDbText
  0
TEXT
  5
BB4
330
17
100
AcDbEntity
  8
TEXT
100
AcDbText
 10
27550.0
 20
7060.0
 30
0.0
 40
63.0
  1
4 x IEC60309 63A 5P
 11
27550.0
 21
7060.0
 31
0.0
100
AcDbText
  0
LINE
  5
BB5
330
17
100
AcDbEntity
  8
GRID
100
AcDbLine
 10
22600.0
 20
7005.0
 30
0.0
 11
31300.0
 21
7005.0
 31
0.0
  0
TEXT
  5
BB6
330
17
100
AcDbEntity
  8
TEXT
100
AcDbText
 10
22650.0
 20
6880.0
 30
0.0
 40
63.0
  1
STU_CDU_L
 11
22650.0
 21
6880.0
 31
0.0
100
AcDbText
  0
TEXT
  5
BB7
330
17
100
AcDbEntity
  8
TEXT
100
AcDbText
 10
23800.0
 20
6880.0
 30
0.0
 40
63.0
  1
CDU_L
 11
23800.0
 21
6880.0
 31
0.0
100
AcDbText
  0
TEXT
  5
BB8
330
17
100
AcDbEntity
  8
TEXT
100
AcDbText
 10
25700.0
 20
6880.0
 30
0.0
 40
63.0
  1
711
 11
25700.0
 21
6880.0
 31
0.0
100
AcDbText
  0
TEXT
  5
BB9
330
17
100
AcDbEntity
  8
TEXT
100
AcDbText
 10
26500.0
 20
6880.0
 30
0.0
 40
63.0
  1
100 A 3P
 11
26500.0
 21
6880.0
 31
0.0
100
AcDbText
  0
TEXT
  5
BBA
330
17
100
AcDbEntity
  8
TEXT
100
AcDbText
 10
27550.0
 20
6880.0
 30
0.0
 40
63.0
  1
1 x IEC60309 63A 5P
 11
27550.0
 21
6880.0
 31
0.0
100
AcDbText
  0
LINE
  5
BBB
330
17
100
AcDbEntity
  8
GRID
100
AcDbLine
 10
22600.0
 20
6825.0
 30
0.0
 11
31300.0
 21
6825.0
 31
0.0
  0
TEXT
  5
BBC
330
17
100
AcDbEntity
  8
TEXT
100
AcDbText
 10
22650.0
 20
6700.0
 30
0.0
 40
63.0
  1
STU_CW03
 11
22650.0
 21
6700.0
 31
0.0
100
AcDbText
  0
TEXT
  5
BBD
330
17
100
AcDbEntity
  8
TEXT
100
AcDbText
 10
23800.0
 20
6700.0
 30
0.0
 40
63.0
  1
CW03
 11
23800.0
 21
6700.0
 31
0.0
100
AcDbText
  0
TEXT
  5
BBE
330
17
100
AcDbEntity
  8
TEXT
100
AcDbText
 10
25700.0
 20
6700.0
 30
0.0
 40
63.0
  1
2111
 11
25700.0
 21
6700.0
 31
0.0
100
AcDbText
  0
TEXT
  5
BBF
330
17
100
AcDbEntity
  8
TEXT
100
AcDbText
 10
26500.0
 20
6700.0
 30
0.0
 40
63.0
  1
100 A 3P
 11
26500.0
 21
6700.0
 31
0.0
100
AcDbText
  0
TEXT
  5
BC0
330
17
100
AcDbEntity
  8
TEXT
100
AcDbText
 10
27550.0
 20
6700.0
 30
0.0
 40
63.0
  1
1 x IEC60309 63A 5P
 11
27550.0
 21
6700.0
 31
0.0
100
AcDbText
  0
LINE
  5
BC1
330
17
100
AcDbEntity
  8
GRID
100
AcDbLine
 10
22600.0
 20
6645.0
 30
0.0
 11
31300.0
 21
6645.0
 31
0.0
  0
TEXT
  5
BC2
330
17
100
AcDbEntity
  8
TEXT
100
AcDbText
 10
22650.0
 20
6520.0
 30
0.0
 40
63.0
  1
STU_CW05
 11
22650.0
 21
6520.0
 31
0.0
100
AcDbText
  0
TEXT
  5
BC3
330
17
100
AcDbEntity
  8
TEXT
100
AcDbText
 10
23800.0
 20
6520.0
 30
0.0
 40
63.0
  1
CW05
 11
23800.0
 21
6520.0
 31
0.0
100
AcDbText
  0
TEXT
  5
BC4
330
17
100
AcDbEntity
  8
TEXT
100
AcDbText
 10
25700.0
 20
6520.0
 30
0.0
 40
63.0
  1
3261
 11
25700.0
 21
6520.0
 31
0.0
100
AcDbText
  0
TEXT
  5
BC5
330
17
100
AcDbEntity
  8
TEXT
100
AcDbText
 10
26500.0
 20
6520.0
 30
0.0
 40
63.0
  1
100 A 3P
 11
26500.0
 21
6520.0
 31
0.0
100
AcDbText
  0
TEXT
  5
BC6
330
17
100
AcDbEntity
  8
TEXT
100
AcDbText
 10
27550.0
 20
6520.0
 30
0.0
 40
63.0
  1
1 x IEC60309 63A 5P
 11
27550.0
 21
6520.0
 31
0.0
100
AcDbText
  0
LINE
  5
BC7
330
17
100
AcDbEntity
  8
GRID
100
AcDbLine
 10
22600.0
 20
6465.0
 30
0.0
 11
31300.0
 21
6465.0
 31
0.0
  0
TEXT
  5
BC8
330
17
100
AcDbEntity
  8
TEXT
100
AcDbText
 10
22650.0
 20
6340.0
 30
0.0
 40
63.0
  1
STU_CW07
 11
22650.0
 21
6340.0
 31
0.0
100
AcDbText
  0
TEXT
  5
BC9
330
17
100
AcDbEntity
  8
TEXT
100
AcDbText
 10
23800.0
 20
6340.0
 30
0.0
 40
63.0
  1
CW07
 11
23800.0
 21
6340.0
 31
0.0
100
AcDbText
  0
TEXT
  5
BCA
330
17
100
AcDbEntity
  8
TEXT
100
AcDbText
 10
25700.0
 20
6340.0
 30
0.0
 40
63.0
  1
4411
 11
25700.0
 21
6340.0
 31
0.0
100
AcDbText
  0
TEXT
  5
BCB
330
17
100
AcDbEntity
  8
TEXT
100
AcDbText
 10
26500.0
 20
6340.0
 30
0.0
 40
63.0
  1
100 A 3P
 11
26500.0
 21
6340.0
 31
0.0
100
AcDbText
  0
TEXT
  5
BCC
330
17
100
AcDbEntity
  8
TEXT
100
AcDbText
 10
27550.0
 20
6340.0
 30
0.0
 40
63.0
  1
1 x IEC60309 63A 5P
 11
27550.0
 21
6340.0
 31
0.0
100
AcDbText
  0
LINE
  5
BCD
330
17
100
AcDbEntity
  8
GRID
100
AcDbLine
 10
22600.0
 20
6285.0
 30
0.0
 11
31300.0
 21
6285.0
 31
0.0
  0
TEXT
  5
BCE
330
17
100
AcDbEntity
  8
TEXT
100
AcDbText
 10
22650.0
 20
6160.0
 30
0.0
 40
63.0
  1
STU_CW09
 11
22650.0
 21
6160.0
 31
0.0
100
AcDbText
  0
TEXT
  5
BCF
330
17
100
AcDbEntity
  8
TEXT
100
AcDbText
 10
23800.0
 20
6160.0
 30
0.0
 40
63.0
  1
CW09
 11
23800.0
 21
6160.0
 31
0.0
100
AcDbText
  0
TEXT
  5
BD0
330
17
100
AcDbEntity
  8
TEXT
100
AcDbText
 10
25700.0
 20
6160.0
 30
0.0
 40
63.0
  1
5661
 11
25700.0
 21
6160.0
 31
0.0
100
AcDbText
  0
TEXT
  5
BD1
330
17
100
AcDbEntity
  8
TEXT
100
AcDbText
 10
26500.0
 20
6160.0
 30
0.0
 40
63.0
  1
100 A 3P
 11
26500.0
 21
6160.0
 31
0.0
100
AcDbText
  0
TEXT
  5
BD2
330
17
100
AcDbEntity
  8
TEXT
100
AcDbText
 10
27550.0
 20
6160.0
 30
0.0
 40
63.0
  1
1 x IEC60309 63A 5P
 11
27550.0
 21
6160.0
 31
0.0
100
AcDbText
  0
LINE
  5
BD3
330
17
100
AcDbEntity
  8
GRID
100
AcDbLine
 10
22600.0
 20
6105.0
 30
0.0
 11
31300.0
 21
6105.0
 31
0.0
  0
TEXT
  5
BD4
330
17
100
AcDbEntity
  8
TEXT
100
AcDbText
 10
22650.0
 20
5980.0
 30
0.0
 40
63.0
  1
STU_AIR
 11
22650.0
 21
5980.0
 31
0.0
100
AcDbText
  0
TEXT
  5
BD5
330
17
100
AcDbEntity
  8
TEXT
100
AcDbText
 10
23800.0
 20
5980.0
 30
0.0
 40
63.0
  1
AIR
 11
23800.0
 21
5980.0
 31
0.0
100
AcDbText
  0
TEXT
  5
BD6
330
17
100
AcDbEntity
  8
TEXT
100
AcDbText
 10
25700.0
 20
5980.0
 30
0.0
 40
63.0
  1
6261
 11
25700.0
 21
5980.0
 31
0.0
100
AcDbText
  0
TEXT
  5
BD7
330
17
100
AcDbEntity
  8
TEXT
100
AcDbText
 10
26500.0
 20
5980.0
 30
0.0
 40
63.0
  1
100 A 3P
 11
26500.0
 21
5980.0
 31
0.0
100
AcDbText
  0
TEXT
  5
BD8
330
17
100
AcDbEntity
  8
TEXT
100
AcDbText
 10
27550.0
 20
5980.0
 30
0.0
 40
63.0
  1
1 x IEC60309 63A 5P
 11
27550.0
 21
5980.0
 31
0.0
100
AcDbText
  0
LINE
  5
BD9
330
17
100
AcDbEntity
  8
GRID
100
AcDbLine
 10
22600.0
 20
5925.0
 30
0.0
 11
31300.0
 21
5925.0
 31
0.0
  0
TEXT
  5
BDA
330
17
100
AcDbEntity
  8
TEXT
100
AcDbText
 10
22650.0
 20
5800.0
 30
0.0
 40
63.0
  1
STU_CW11
 11
22650.0
 21
5800.0
 31
0.0
100
AcDbText
  0
TEXT
  5
BDB
330
17
100
AcDbEntity
  8
TEXT
100
AcDbText
 10
23800.0
 20
5800.0
 30
0.0
 40
63.0
  1
CW11
 11
23800.0
 21
5800.0
 31
0.0
100
AcDbText
  0
TEXT
  5
BDC
330
17
100
AcDbEntity
  8
TEXT
100
AcDbText
 10
25700.0
 20
5800.0
 30
0.0
 40
63.0
  1
6861
 11
25700.0
 21
5800.0
 31
0.0
100
AcDbText
  0
TEXT
  5
BDD
330
17
100
AcDbEntity
  8
TEXT
100
AcDbText
 10
26500.0
 20
5800.0
 30
0.0
 40
63.0
  1
100 A 3P
 11
26500.0
 21
5800.0
 31
0.0
100
AcDbText
  0
TEXT
  5
BDE
330
17
100
AcDbEntity
  8
TEXT
100
AcDbText
 10
27550.0
 20
5800.0
 30
0.0
 40
63.0
  1
1 x IEC60309 63A 5P
 11
27550.0
 21
5800.0
 31
0.0
100
AcDbText
  0
LINE
  5
BDF
330
17
100
AcDbEntity
  8
GRID
100
AcDbLine
 10
22600.0
 20
5745.0
 30
0.0
 11
31300.0
 21
5745.0
 31
0.0
  0
TEXT
  5
BE0
330
17
100
AcDbEntity
  8
TEXT
100
AcDbText
 10
22650.0
 20
5620.0
 30
0.0
 40
63.0
  1
STU_CW13
 11
22650.0
 21
5620.0
 31
0.0
100
AcDbText
  0
TEXT
  5
BE1
330
17
100
AcDbEntity
  8
TEXT
100
AcDbText
 10
23800.0
 20
5620.0
 30
0.0
 40
63.0
  1
CW13
 11
23800.0
 21
5620.0
 31
0.0
100
AcDbText
  0
TEXT
  5
BE2
330
17
100
AcDbEntity
  8
TEXT
100
AcDbText
 10
25700.0
 20
5620.0
 30
0.0
 40
63.0
  1
8111
 11
25700.0
 21
5620.0
 31
0.0
100
AcDbText
  0
TEXT
  5
BE3
330
17
100
AcDbEntity
  8
TEXT
100
AcDbText
 10
26500.0
 20
5620.0
 30
0.0
 40
63.0
  1
100 A 3P
 11
26500.0
 21
5620.0
 31
0.0
100
AcDbText
  0
TEXT
  5
BE4
330
17
100
AcDbEntity
  8
TEXT
100
AcDbText
 10
27550.0
 20
5620.0
 30
0.0
 40
63.0
  1
1 x IEC60309 63A 5P
 11
27550.0
 21
5620.0
 31
0.0
100
AcDbText
  0
LINE
  5
BE5
330
17
100
AcDbEntity
  8
GRID
100
AcDbLine
 10
22600.0
 20
5565.0
 30
0.0
 11
31300.0
 21
5565.0
 31
0.0
  0
TEXT
  5
BE6
330
17
100
AcDbEntity
  8
TEXT
100
AcDbText
 10
22650.0
 20
5440.0
 30
0.0
 40
63.0
  1
STU_CW15
 11
22650.0
 21
5440.0
 31
0.0
100
AcDbText
  0
TEXT
  5
BE7
330
17
100
AcDbEntity
  8
TEXT
100
AcDbText
 10
23800.0
 20
5440.0
 30
0.0
 40
63.0
  1
CW15
 11
23800.0
 21
5440.0
 31
0.0
100
AcDbText
  0
TEXT
  5
BE8
330
17
100
AcDbEntity
  8
TEXT
100
AcDbText
 10
25700.0
 20
5440.0
 30
0.0
 40
63.0
  1
9261
 11
25700.0
 21
5440.0
 31
0.0
100
AcDbText
  0
TEXT
  5
BE9
330
17
100
AcDbEntity
  8
TEXT
100
AcDbText
 10
26500.0
 20
5440.0
 30
0.0
 40
63.0
  1
100 A 3P
 11
26500.0
 21
5440.0
 31
0.0
100
AcDbText
  0
TEXT
  5
BEA
330
17
100
AcDbEntity
  8
TEXT
100
AcDbText
 10
27550.0
 20
5440.0
 30
0.0
 40
63.0
  1
1 x IEC60309 63A 5P
 11
27550.0
 21
5440.0
 31
0.0
100
AcDbText
  0
LINE
  5
BEB
330
17
100
AcDbEntity
  8
GRID
100
AcDbLine
 10
22600.0
 20
5385.0
 30
0.0
 11
31300.0
 21
5385.0
 31
0.0
  0
TEXT
  5
BEC
330
17
100
AcDbEntity
  8
TEXT
100
AcDbText
 10
22650.0
 20
5260.0
 30
0.0
 40
63.0
  1
STU_CW17
 11
22650.0
 21
5260.0
 31
0.0
100
AcDbText
  0
TEXT
  5
BED
330
17
100
AcDbEntity
  8
TEXT
100
AcDbText
 10
23800.0
 20
5260.0
 30
0.0
 40
63.0
  1
CW17
 11
23800.0
 21
5260.0
 31
0.0
100
AcDbText
  0
TEXT
  5
BEE
330
17
100
AcDbEntity
  8
TEXT
100
AcDbText
 10
25700.0
 20
5260.0
 30
0.0
 40
63.0
  1
10411
 11
25700.0
 21
5260.0
 31
0.0
100
AcDbText
  0
TEXT
  5
BEF
330
17
100
AcDbEntity
  8
TEXT
100
AcDbText
 10
26500.0
 20
5260.0
 30
0.0
 40
63.0
  1
100 A 3P
 11
26500.0
 21
5260.0
 31
0.0
100
AcDbText
  0
TEXT
  5
BF0
330
17
100
AcDbEntity
  8
TEXT
100
AcDbText
 10
27550.0
 20
5260.0
 30
0.0
 40
63.0
  1
1 x IEC60309 63A 5P
 11
27550.0
 21
5260.0
 31
0.0
100
AcDbText
  0
LINE
  5
BF1
330
17
100
AcDbEntity
  8
GRID
100
AcDbLine
 10
22600.0
 20
5205.0
 30
0.0
 11
31300.0
 21
5205.0
 31
0.0
  0
TEXT
  5
BF2
330
17
100
AcDbEntity
  8
TEXT
100
AcDbText
 10
22650.0
 20
5080.0
 30
0.0
 40
63.0
  1
STU_CDU_R
 11
22650.0
 21
5080.0
 31
0.0
100
AcDbText
  0
TEXT
  5
BF3
330
17
100
AcDbEntity
  8
TEXT
100
AcDbText
 10
23800.0
 20
5080.0
 30
0.0
 40
63.0
  1
CDU_R
 11
23800.0
 21
5080.0
 31
0.0
100
AcDbText
  0
TEXT
  5
BF4
330
17
100
AcDbEntity
  8
TEXT
100
AcDbText
 10
25700.0
 20
5080.0
 30
0.0
 40
63.0
  1
11811
 11
25700.0
 21
5080.0
 31
0.0
100
AcDbText
  0
TEXT
  5
BF5
330
17
100
AcDbEntity
  8
TEXT
100
AcDbText
 10
26500.0
 20
5080.0
 30
0.0
 40
63.0
  1
100 A 3P
 11
26500.0
 21
5080.0
 31
0.0
100
AcDbText
  0
TEXT
  5
BF6
330
17
100
AcDbEntity
  8
TEXT
100
AcDbText
 10
27550.0
 20
5080.0
 30
0.0
 40
63.0
  1
1 x IEC60309 63A 5P
 11
27550.0
 21
5080.0
 31
0.0
100
AcDbText
  0
LINE
  5
BF7
330
17
100
AcDbEntity
  8
GRID
100
AcDbLine
 10
22600.0
 20
5025.0
 30
0.0
 11
31300.0
 21
5025.0
 31
0.0
  0
TEXT
  5
BF8
330
17
100
AcDbEntity
  8
TEXT
100
AcDbText
 10
22650.0
 20
4900.0
 30
0.0
 40
63.0
  1
STU_LTG
 11
22650.0
 21
4900.0
 31
0.0
100
AcDbText
  0
TEXT
  5
BF9
330
17
100
AcDbEntity
  8
TEXT
100
AcDbText
 10
23800.0
 20
4900.0
 30
0.0
 40
63.0
  1
LTG
 11
23800.0
 21
4900.0
 31
0.0
100
AcDbText
  0
TEXT
  5
BFA
330
17
100
AcDbEntity
  8
TEXT
100
AcDbText
 10
25700.0
 20
4900.0
 30
0.0
 40
63.0
  1
12200
 11
25700.0
 21
4900.0
 31
0.0
100
AcDbText
  0
TEXT
  5
BFB
330
17
100
AcDbEntity
  8
TEXT
100
AcDbText
 10
26500.0
 20
4900.0
 30
0.0
 40
63.0
  1
100 A 3P
 11
26500.0
 21
4900.0
 31
0.0
100
AcDbText
  0
TEXT
  5
BFC
330
17
100
AcDbEntity
  8
TEXT
100
AcDbText
 10
27550.0
 20
4900.0
 30
0.0
 40
63.0
  1
1 x IEC60309 63A 5P
 11
27550.0
 21
4900.0
 31
0.0
100
AcDbText
  0
LINE
  5
BFD
330
17
100
AcDbEntity
  8
GRID
100
AcDbLine
 10
22600.0
 20
4845.0
 30
0.0
 11
31300.0
 21
4845.0
 31
0.0
  0
TEXT
  5
BFE
330
17
100
AcDbEntity
  8
TEXT
100
AcDbText
 10
22650.0
 20
4720.0
 30
0.0
 40
63.0
  1
STU_PUMP
 11
22650.0
 21
4720.0
 31
0.0
100
AcDbText
  0
TEXT
  5
BFF
330
17
100
AcDbEntity
  8
TEXT
100
AcDbText
 10
23800.0
 20
4720.0
 30
0.0
 40
63.0
  1
PUMP
 11
23800.0
 21
4720.0
 31
0.0
100
AcDbText
  0
TEXT
  5
C00
330
17
100
AcDbEntity
  8
TEXT
100
AcDbText
 10
25700.0
 20
4720.0
 30
0.0
 40
63.0
  1
12650
 11
25700.0
 21
4720.0
 31
0.0
100
AcDbText
  0
TEXT
  5
C01
330
17
100
AcDbEntity
  8
TEXT
100
AcDbText
 10
26500.0
 20
4720.0
 30
0.0
 40
63.0
  1
125 A 3P
 11
26500.0
 21
4720.0
 31
0.0
100
AcDbText
  0
TEXT
  5
C02
330
17
100
AcDbEntity
  8
TEXT
100
AcDbText
 10
27550.0
 20
4720.0
 30
0.0
 40
63.0
  1
1 x IEC60309 125A 5P panel skt (end-wall recess, see VIEW 5)
 11
27550.0
 21
4720.0
 31
0.0
100
AcDbText
  0
LINE
  5
C03
330
17
100
AcDbEntity
  8
GRID
100
AcDbLine
 10
22600.0
 20
4665.0
 30
0.0
 11
31300.0
 21
4665.0
 31
0.0
  0
LINE
  5
C04
330
17
100
AcDbEntity
  8
GRID
100
AcDbLine
 10
22600.0
 20
8620.0
 30
0.0
 11
31300.0
 21
8620.0
 31
0.0
  0
LWPOLYLINE
  5
C07
330
17
100
AcDbEntity
  8
STOU
100
AcDbPolyline
 90
4
 70
1
 10
22919.0
 20
2873.0
 10
23981.0
 20
2873.0
 10
23981.0
 20
3548.0
 10
22919.0
 20
3548.0
  0
LWPOLYLINE
  5
C08
330
17
100
AcDbEntity
  8
STOU
100
AcDbPolyline
 90
4
 70
1
 10
23042.298799999997
 20
3548.0
 10
23114.298799999997
 20
3548.0
 10
23114.298799999997
 20
3697.9994
 10
23042.298799999997
 20
3697.9994
  0
LWPOLYLINE
  5
C09
330
17
100
AcDbEntity
  8
STOU
100
AcDbPolyline
 90
4
 70
1
 10
23042.298799999997
 20
3548.0
 10
23114.298799999997
 20
3548.0
 10
23114.298799999997
 20
3697.9994
 10
23042.298799999997
 20
3697.9994
  0
LWPOLYLINE
  5
C0A
330
17
100
AcDbEntity
  8
STOU
100
AcDbPolyline
 90
4
 70
1
 10
23286.5
 20
3548.0
 10
23358.497
 20
3548.0
 10
23358.497
 20
3697.9994
 10
23286.5
 20
3697.9994
  0
LWPOLYLINE
  5
C0B
330
17
100
AcDbEntity
  8
STOU
100
AcDbPolyline
 90
4
 70
1
 10
23286.5
 20
3548.0
 10
23358.497
 20
3548.0
 10
23358.497
 20
3697.9994
 10
23286.5
 20
3697.9994
  0
LWPOLYLINE
  5
C0C
330
17
100
AcDbEntity
  8
STOU
100
AcDbPolyline
 90
4
 70
1
 10
23541.5
 20
3548.0
 10
23613.497
 20
3548.0
 10
23613.497
 20
3697.9994
 10
23541.5
 20
3697.9994
  0
LWPOLYLINE
  5
C0D
330
17
100
AcDbEntity
  8
STOU
100
AcDbPolyline
 90
4
 70
1
 10
23541.5
 20
3548.0
 10
23613.497
 20
3548.0
 10
23613.497
 20
3697.9994
 10
23541.5
 20
3697.9994
  0
LWPOLYLINE
  5
C0E
330
17
100
AcDbEntity
  8
STOU
100
AcDbPolyline
 90
4
 70
1
 10
23785.701200000003
 20
3548.0
 10
23857.6982
 20
3548.0
 10
23857.6982
 20
3697.9994
 10
23785.701200000003
 20
3697.9994
  0
LWPOLYLINE
  5
C0F
330
17
100
AcDbEntity
  8
STOU
100
AcDbPolyline
 90
4
 70
1
 10
23785.701200000003
 20
3548.0
 10
23857.6982
 20
3548.0
 10
23857.6982
 20
3697.9994
 10
23785.701200000003
 20
3697.9994
  0
LWPOLYLINE
  5
C10
330
17
100
AcDbEntity
  8
STOU
100
AcDbPolyline
 90
4
 70
1
 10
23419.997
 20
3548.0
 10
23480.0
 20
3548.0
 10
23480.0
 20
3818.0
 10
23419.997
 20
3818.0
  0
LWPOLYLINE
  5
C11
330
17
100
AcDbEntity
  8
STOU
100
AcDbPolyline
 90
4
 70
1
 10
23419.997
 20
3548.0
 10
23480.0
 20
3548.0
 10
23480.0
 20
3818.0
 10
23419.997
 20
3818.0
  0
LWPOLYLINE
  5
C12
330
17
100
AcDbEntity
  8
STOU
100
AcDbPolyline
 90
4
 70
1
 10
23419.997
 20
3548.0
 10
23480.0
 20
3548.0
 10
23480.0
 20
3818.0
 10
23419.997
 20
3818.0
  0
LWPOLYLINE
  5
C13
330
17
100
AcDbEntity
  8
STOU
100
AcDbPolyline
 90
4
 70
1
 10
23419.997
 20
3548.0
 10
23480.0
 20
3548.0
 10
23480.0
 20
3818.0
 10
23419.997
 20
3818.0
  0
LWPOLYLINE
  5
C14
330
17
100
AcDbEntity
  8
STOU
100
AcDbPolyline
 90
4
 70
1
 10
23419.997
 20
3548.0
 10
23480.0
 20
3548.0
 10
23480.0
 20
3818.0
 10
23419.997
 20
3818.0
  0
LWPOLYLINE
  5
C15
330
17
100
AcDbEntity
  8
STOU
100
AcDbPolyline
 90
4
 70
1
 10
22979.0
 20
3266.0
 10
23920.997
 20
3266.0
 10
23920.997
 20
3278.0
 10
22979.0
 20
3278.0
  0
LWPOLYLINE
  5
C16
330
17
100
AcDbEntity
  8
STOU
100
AcDbPolyline
 90
4
 70
1
 10
23219.0
 20
3007.9994
 10
23609.0
 20
3007.9994
 10
23609.0
 20
3272.0
 10
23219.0
 20
3272.0
  0
LWPOLYLINE
  5
C17
330
17
100
AcDbEntity
  8
STOU
100
AcDbPolyline
 90
4
 70
1
 10
23367.1982
 20
2828.0
 10
23460.798799999997
 20
2828.0
 10
23460.798799999997
 20
2878.9994
 10
23367.1982
 20
2878.9994
  0
LWPOLYLINE
  5
C18
330
17
100
AcDbEntity
  8
STOU
100
AcDbPolyline
 90
4
 70
1
 10
23585.0
 20
2648.0
 10
23794.997
 20
2648.0
 10
23794.997
 20
2873.0
 10
23585.0
 20
2873.0
  0
LWPOLYLINE
  5
C19
330
17
100
AcDbEntity
  8
STOU
100
AcDbPolyline
 90
4
 70
1
 10
22919.0
 20
2873.0
 10
23981.0
 20
2873.0
 10
23981.0
 20
3548.0
 10
22919.0
 20
3548.0
  0
LWPOLYLINE
  5
C1A
330
17
100
AcDbEntity
  8
STOU
100
AcDbPolyline
 90
4
 70
1
 10
23042.298799999997
 20
3548.0
 10
23114.298799999997
 20
3548.0
 10
23114.298799999997
 20
3697.9994
 10
23042.298799999997
 20
3697.9994
  0
LWPOLYLINE
  5
C1B
330
17
100
AcDbEntity
  8
STOU
100
AcDbPolyline
 90
4
 70
1
 10
23042.298799999997
 20
3548.0
 10
23114.298799999997
 20
3548.0
 10
23114.298799999997
 20
3697.9994
 10
23042.298799999997
 20
3697.9994
  0
LWPOLYLINE
  5
C1C
330
17
100
AcDbEntity
  8
STOU
100
AcDbPolyline
 90
4
 70
1
 10
23286.5
 20
3548.0
 10
23358.497
 20
3548.0
 10
23358.497
 20
3697.9994
 10
23286.5
 20
3697.9994
  0
LWPOLYLINE
  5
C1D
330
17
100
AcDbEntity
  8
STOU
100
AcDbPolyline
 90
4
 70
1
 10
23286.5
 20
3548.0
 10
23358.497
 20
3548.0
 10
23358.497
 20
3697.9994
 10
23286.5
 20
3697.9994
  0
LWPOLYLINE
  5
C1E
330
17
100
AcDbEntity
  8
STOU
100
AcDbPolyline
 90
4
 70
1
 10
23541.5
 20
3548.0
 10
23613.497
 20
3548.0
 10
23613.497
 20
3697.9994
 10
23541.5
 20
3697.9994
  0
LWPOLYLINE
  5
C1F
330
17
100
AcDbEntity
  8
STOU
100
AcDbPolyline
 90
4
 70
1
 10
23541.5
 20
3548.0
 10
23613.497
 20
3548.0
 10
23613.497
 20
3697.9994
 10
23541.5
 20
3697.9994
  0
LWPOLYLINE
  5
C20
330
17
100
AcDbEntity
  8
STOU
100
AcDbPolyline
 90
4
 70
1
 10
23785.701200000003
 20
3548.0
 10
23857.6982
 20
3548.0
 10
23857.6982
 20
3697.9994
 10
23785.701200000003
 20
3697.9994
  0
LWPOLYLINE
  5
C21
330
17
100
AcDbEntity
  8
STOU
100
AcDbPolyline
 90
4
 70
1
 10
23785.701200000003
 20
3548.0
 10
23857.6982
 20
3548.0
 10
23857.6982
 20
3697.9994
 10
23785.701200000003
 20
3697.9994
  0
LWPOLYLINE
  5
C22
330
17
100
AcDbEntity
  8
STOU
100
AcDbPolyline
 90
4
 70
1
 10
23419.997
 20
3548.0
 10
23480.0
 20
3548.0
 10
23480.0
 20
3818.0
 10
23419.997
 20
3818.0
  0
LWPOLYLINE
  5
C23
330
17
100
AcDbEntity
  8
STOU
100
AcDbPolyline
 90
4
 70
1
 10
23419.997
 20
3548.0
 10
23480.0
 20
3548.0
 10
23480.0
 20
3818.0
 10
23419.997
 20
3818.0
  0
LWPOLYLINE
  5
C24
330
17
100
AcDbEntity
  8
STOU
100
AcDbPolyline
 90
4
 70
1
 10
23419.997
 20
3548.0
 10
23480.0
 20
3548.0
 10
23480.0
 20
3818.0
 10
23419.997
 20
3818.0
  0
LWPOLYLINE
  5
C25
330
17
100
AcDbEntity
  8
STOU
100
AcDbPolyline
 90
4
 70
1
 10
23419.997
 20
3548.0
 10
23480.0
 20
3548.0
 10
23480.0
 20
3818.0
 10
23419.997
 20
3818.0
  0
LWPOLYLINE
  5
C26
330
17
100
AcDbEntity
  8
STOU
100
AcDbPolyline
 90
4
 70
1
 10
23419.997
 20
3548.0
 10
23480.0
 20
3548.0
 10
23480.0
 20
3818.0
 10
23419.997
 20
3818.0
  0
LWPOLYLINE
  5
C27
330
17
100
AcDbEntity
  8
STOU
100
AcDbPolyline
 90
4
 70
1
 10
22979.0
 20
3266.0
 10
23920.997
 20
3266.0
 10
23920.997
 20
3278.0
 10
22979.0
 20
3278.0
  0
LWPOLYLINE
  5
C28
330
17
100
AcDbEntity
  8
STOU
100
AcDbPolyline
 90
4
 70
1
 10
23219.0
 20
3007.9994
 10
23609.0
 20
3007.9994
 10
23609.0
 20
3272.0
 10
23219.0
 20
3272.0
  0
LWPOLYLINE
  5
C29
330
17
100
AcDbEntity
  8
STOU
100
AcDbPolyline
 90
4
 70
1
 10
23367.1982
 20
2828.0
 10
23460.798799999997
 20
2828.0
 10
23460.798799999997
 20
2878.9994
 10
23367.1982
 20
2878.9994
  0
LWPOLYLINE
  5
C2A
330
17
100
AcDbEntity
  8
STOU
100
AcDbPolyline
 90
4
 70
1
 10
23585.0
 20
2648.0
 10
23794.997
 20
2648.0
 10
23794.997
 20
2873.0
 10
23585.0
 20
2873.0
  0
LWPOLYLINE
  5
C2B
330
17
100
AcDbEntity
  8
WHIP
100
AcDbPolyline
 90
4
 70
1
 10
23622.5
 20
1440.5
 10
26037.503
 20
1440.5
 10
26037.503
 20
2786.0006
 10
23622.5
 20
2786.0006
  0
LWPOLYLINE
  5
C2C
330
17
100
AcDbEntity
  8
WHIP
100
AcDbPolyline
 90
4
 70
1
 10
23622.5
 20
1440.5
 10
26037.503
 20
1440.5
 10
26037.503
 20
2786.0006
 10
23622.5
 20
2786.0006
  0
LWPOLYLINE
  5
C2D
330
17
100
AcDbEntity
  8
WALL
100
AcDbPolyline
 90
4
 70
1
 10
26144.0
 20
1664.0
 10
26180.0
 20
1664.0
 10
26180.0
 20
3548.0
 10
26144.0
 20
3548.0
  0
LWPOLYLINE
  5
C2E
330
17
100
AcDbEntity
  8
WALL
100
AcDbPolyline
 90
4
 70
1
 10
26144.0
 20
4193.0
 10
26180.0
 20
4193.0
 10
26180.0
 20
4454.0
 10
26144.0
 20
4454.0
  0
LWPOLYLINE
  5
C2F
330
17
100
AcDbEntity
  8
WALL
100
AcDbPolyline
 90
4
 70
1
 10
26144.0
 20
3548.0
 10
26180.0
 20
3548.0
 10
26180.0
 20
4193.0
 10
26144.0
 20
4193.0
  0
LWPOLYLINE
  5
C30
330
17
100
AcDbEntity
  8
WALL
100
AcDbPolyline
 90
4
 70
1
 10
26144.0
 20
3548.0
 10
26180.0
 20
3548.0
 10
26180.0
 20
4193.0
 10
26144.0
 20
4193.0
  0
LWPOLYLINE
  5
C31
330
17
100
AcDbEntity
  8
WALL
100
AcDbPolyline
 90
4
 70
1
 10
26144.0
 20
3548.0
 10
26180.0
 20
3548.0
 10
26180.0
 20
4193.0
 10
26144.0
 20
4193.0
  0
LWPOLYLINE
  5
C32
330
17
100
AcDbEntity
  8
WALL
100
AcDbPolyline
 90
4
 70
1
 10
26180.0
 20
4418.0
 10
26624.0
 20
4418.0
 10
26624.0
 20
4454.0
 10
26180.0
 20
4454.0
  0
LWPOLYLINE
  5
C33
330
17
100
AcDbEntity
  8
WALL
100
AcDbPolyline
 90
4
 70
1
 10
26180.0
 20
1664.0
 10
26624.0
 20
1664.0
 10
26624.0
 20
1700.0
 10
26180.0
 20
1700.0
  0
LWPOLYLINE
  5
C34
330
17
100
AcDbEntity
  8
WALL
100
AcDbPolyline
 90
4
 70
1
 10
26180.0
 20
1664.0
 10
26624.0
 20
1664.0
 10
26624.0
 20
4454.0
 10
26180.0
 20
4454.0
  0
LWPOLYLINE
  5
C35
330
17
100
AcDbEntity
  8
WALL
100
AcDbPolyline
 90
4
 70
1
 10
26180.0
 20
1664.0
 10
26624.0
 20
1664.0
 10
26624.0
 20
4454.0
 10
26180.0
 20
4454.0
  0
LWPOLYLINE
  5
C36
330
17
100
AcDbEntity
  8
SKT
100
AcDbPolyline
 90
4
 70
1
 10
26180.0
 20
2750.0
 10
26216.003
 20
2750.0
 10
26216.003
 20
3230.0006
 10
26180.0
 20
3230.0006
  0
LWPOLYLINE
  5
C37
330
17
100
AcDbEntity
  8
SKT
100
AcDbPolyline
 90
4
 70
1
 10
26216.003
 20
2787.5006
 10
26546.003
 20
2787.5006
 10
26546.003
 20
3192.5006
 10
26216.003
 20
3192.5006
  0
LWPOLYLINE
  5
C38
330
17
100
AcDbEntity
  8
SKT
100
AcDbPolyline
 90
4
 70
1
 10
26180.0
 20
2750.0
 10
26216.003
 20
2750.0
 10
26216.003
 20
3230.0006
 10
26180.0
 20
3230.0006
  0
LWPOLYLINE
  5
C39
330
17
100
AcDbEntity
  8
SKT
100
AcDbPolyline
 90
4
 70
1
 10
26216.003
 20
2787.5006
 10
26546.003
 20
2787.5006
 10
26546.003
 20
3192.5006
 10
26216.003
 20
3192.5006
  0
LWPOLYLINE
  5
C3A
330
17
100
AcDbEntity
  8
SKT
100
AcDbPolyline
 90
4
 70
1
 10
25844.003
 20
2780.0
 10
26144.0
 20
2780.0
 10
26144.0
 20
3200.0006
 10
25844.003
 20
3200.0006
  0
LWPOLYLINE
  5
C3B
330
17
100
AcDbEntity
  8
SKT
100
AcDbPolyline
 90
4
 70
1
 10
25844.003
 20
2780.0
 10
26144.0
 20
2780.0
 10
26144.0
 20
3200.0006
 10
25844.003
 20
3200.0006
  0
TEXT
  5
C3C
330
17
100
AcDbEntity
  8
TITLE
100
AcDbText
 10
22700.0
 20
4000.0
 30
0.0
 40
154.0
  1
VIEW 5   DETAIL  PUMP 125 A QUICK-CONNECT  水泵快插详图     1:6
 11
22700.0
 21
4000.0
 31
0.0
100
AcDbText
  0
TEXT
  5
C3D
330
17
100
AcDbEntity
  8
TEXT
100
AcDbText
 10
27050.0
 20
3850.0
 30
0.0
 40
59.5
  1
STU_PUMP tap-off unit : 125 AF / 125 AT 3P MCCB, enclosure 354 x 227 x 225, x 12473-12827
 11
27050.0
 21
3850.0
 31
0.0
100
AcDbText
  0
TEXT
  5
C3E
330
17
100
AcDbEntity
  8
TEXT
100
AcDbText
 10
27050.0
 20
3700.0
 30
0.0
 40
59.5
  1
whip : 5G25 mm2 flexible cable, O45 over-sheath, gland O58, developed length 1257 mm
 11
27050.0
 21
3700.0
 31
0.0
100
AcDbText
  0
TEXT
  5
C3F
330
17
100
AcDbEntity
  8
TEXT
100
AcDbText
 10
27050.0
 20
3550.0
 30
0.0
 40
59.5
  1
routing : down from TOU -> R360 bend -> horizontal at z 2986 -> R360 bend -> up to socket
 11
27050.0
 21
3550.0
 31
0.0
100
AcDbText
  0
TEXT
  5
C40
330
17
100
AcDbEntity
  8
TEXT
100
AcDbText
 10
27050.0
 20
3400.0
 30
0.0
 40
59.5
  1
min bend radius 359.2 mm = 8 x OD45  (cable maker's min = 6 x OD)
 11
27050.0
 21
3400.0
 31
0.0
100
AcDbText
  0
TEXT
  5
C41
330
17
100
AcDbEntity
  8
TEXT
100
AcDbText
 10
27050.0
 20
3250.0
 30
0.0
 40
59.5
  1
socket : IEC 60309 125 A 5P 400 V IP67 panel-mount, flange 160 x 160 x 12, CL z 3480
 11
27050.0
 21
3250.0
 31
0.0
100
AcDbText
  0
TEXT
  5
C42
330
17
100
AcDbEntity
  8
TEXT
100
AcDbText
 10
27050.0
 20
3100.0
 30
0.0
 40
59.5
  1
flange face x 13560 = end-wall recess back panel (EXTC2_Pocket_Back_B), below busway inlet
 11
27050.0
 21
3100.0
 31
0.0
100
AcDbText
  0
TEXT
  5
C43
330
17
100
AcDbEntity
  8
TEXT
100
AcDbText
 10
27050.0
 20
2950.0
 30
0.0
 40
59.5
  1
junction box 100 x 140 x 140 behind panel, x 13448-13548, IP65, gland entry from whip
 11
27050.0
 21
2950.0
 31
0.0
100
AcDbText
  0
TEXT
  5
C44
330
17
100
AcDbEntity
  8
TEXT
100
AcDbText
 10
27050.0
 20
2800.0
 30
0.0
 40
59.5
  1
socket is the ONLY field connection point for the CDU pump skid : plug-and-play
 11
27050.0
 21
2800.0
 31
0.0
100
AcDbText
  0
DIMENSION
  5
C45
330
17
100
AcDbEntity
  8
DIM
100
AcDbDimension
280
0
  2
*D17
  3
EZDXF
 10
22919.0
 20
800.0
 30
0.0
 11
24567.5
 21
852.5
 31
0.0
 70
32
 71
5
  1
<>
100
AcDbAlignedDimension
 13
22919.0
 23
1100.0
 33
0.0
 14
26216.0
 24
1100.0
 34
0.0
 50
0.0
100
AcDbRotatedDimension
1001
ACAD
1000
DSTYLE
1002
{
1070
144
1040
0.3333333333333333
1070
140
1040
70.0
1070
41
1040
42.0
1070
44
1040
24.5
1070
42
1040
21.0
1070
147
1040
17.5
1070
271
1070
0
1070
77
1070
1
1070
178
1070
7
1070
342
1005
74
1002
}
  0
DIMENSION
  5
C54
330
17
100
AcDbEntity
  8
DIM
100
AcDbDimension
280
0
  2
*D18
  3
EZDXF
 10
22240.0
 20
1508.0
 30
0.0
 11
22187.5
 21
2249.0
 31
0.0
 70
32
 71
5
  1
<>
100
AcDbAlignedDimension
 13
22500.0
 23
1508.0
 33
0.0
 14
22500.0
 24
2990.0
 34
0.0
 50
90.0
100
AcDbRotatedDimension
1001
ACAD
1000
DSTYLE
1002
{
1070
144
1040
0.3333333333333333
1070
140
1040
70.0
1070
41
1040
42.0
1070
44
1040
24.5
1070
42
1040
21.0
1070
147
1040
17.5
1070
271
1070
0
1070
77
1070
1
1070
178
1070
7
1070
342
1005
74
1002
}
  0
TEXT
  5
C63
330
17
100
AcDbEntity
  8
TEXT
100
AcDbText
 10
26600.0
 20
2960.0
 30
0.0
 40
56.0
  1
CL z 3480
 11
26600.0
 21
2960.0
 31
0.0
100
AcDbText
  0
TEXT
  5
C64
330
17
100
AcDbEntity
  8
TEXT
100
AcDbText
 10
23000.0
 20
1348.0
 30
0.0
 40
56.0
  1
z 2986 (whip low point)
 11
23000.0
 21
1348.0
 31
0.0
100
AcDbText
  0
LWPOLYLINE
  5
C65
330
17
100
AcDbEntity
  8
FRAME
100
AcDbPolyline
 90
4
 70
1
 10
0.0
 20
0.0
 10
31600.0
 20
0.0
 10
31600.0
 20
12200.0
 10
0.0
 20
12200.0
  0
LWPOLYLINE
  5
C66
330
17
100
AcDbEntity
  8
FRAME
100
AcDbPolyline
 90
4
 70
1
 10
0.0
 20
0.0
 10
31600.0
 20
0.0
 10
31600.0
 20
700.0
 10
0.0
 20
700.0
  0
TEXT
  5
C67
330
17
100
AcDbEntity
  8
TEXT
100
AcDbText
 10
200.0
 20
420.0
 30
0.0
 40
91.0
  1
MDCX  DC45 L1800  TOP Add-on  |  BUSWAY + TAP-OFF SYSTEM  GENERAL ARRANGEMENT  |  RFI-BUS-001 Rev.1  |  2026-09-05
 11
200.0
 21
420.0
 31
0.0
100
AcDbText
  0
TEXT
  5
C68
330
17
100
AcDbEntity
  8
TEXT
100
AcDbText
 10
200.0
 20
180.0
 30
0.0
 40
66.5
  1
UNITS mm  |  origin = container coordinate system  |  all dims are model-derived  |  Pan's Future Holding Tech Group / MDCX
 11
200.0
 21
180.0
 31
0.0
100
AcDbText
  0
ENDSEC
  0
SECTION
  2
OBJECTS
  0
DICTIONARY
  5
A
330
0
100
AcDbDictionary
281
1
  3
ACAD_COLOR
350
B
  3
ACAD_GROUP
350
C
  3
ACAD_LAYOUT
350
D
  3
ACAD_MATERIAL
350
E
  3
ACAD_MLEADERSTYLE
350
F
  3
ACAD_MLINESTYLE
350
10
  3
ACAD_PLOTSETTINGS
350
11
  3
ACAD_PLOTSTYLENAME
350
12
  3
ACAD_SCALELIST
350
14
  3
ACAD_TABLESTYLE
350
15
  3
ACAD_VISUALSTYLE
350
16
  3
EZDXF_META
350
2D
  0
DICTIONARY
  5
B
330
A
100
AcDbDictionary
281
1
  0
DICTIONARY
  5
C
330
A
100
AcDbDictionary
281
1
  0
DICTIONARY
  5
D
330
A
100
AcDbDictionary
281
1
  3
Model
350
1A
  3
Layout1
350
1E
  0
DICTIONARY
  5
E
330
A
100
AcDbDictionary
281
1
  3
ByBlock
350
1F
  3
ByLayer
350
20
  3
Global
350
21
  0
DICTIONARY
  5
F
330
A
100
AcDbDictionary
281
1
  3
Standard
350
2C
  0
DICTIONARY
  5
10
330
A
100
AcDbDictionary
281
1
  3
Standard
350
22
  0
DICTIONARY
  5
11
330
A
100
AcDbDictionary
281
1
  0
ACDBDICTIONARYWDFLT
  5
12
330
A
100
AcDbDictionary
281
1
  3
Normal
350
13
100
AcDbDictionaryWithDefault
340
13
  0
ACDBPLACEHOLDER
  5
13
330
12
  0
DICTIONARY
  5
14
330
A
100
AcDbDictionary
281
1
  0
DICTIONARY
  5
15
330
A
100
AcDbDictionary
281
1
  0
DICTIONARY
  5
16
330
A
100
AcDbDictionary
281
1
  3
2dWireframe
350
5A
  3
Basic
350
5B
  3
Brighten
350
5C
  3
ColorChange
350
5D
  3
Conceptual
350
5E
  3
Dim
350
5F
  3
EdgeColorOff
350
60
  3
Facepattern
350
61
  3
Flat
350
62
  3
FlatWithEdges
350
63
  3
Gouraud
350
64
  3
GouraudWithEdges
350
65
  3
Hidden
350
66
  3
JitterOff
350
67
  3
Linepattern
350
68
  3
Modeling
350
69
  3
OverhangOff
350
6A
  3
Realistic
350
6B
  3
Shaded
350
6C
  3
Shaded with edges
350
6D
  3
Shades of Gray
350
6E
  3
Sketchy
350
6F
  3
Thicken
350
70
  3
Wireframe
350
71
  3
X-Ray
350
72
  0
LAYOUT
  5
1A
330
D
100
AcDbPlotSettings
  1

  4
A3
  6

 40
7.5
 41
20.0
 42
7.5
 43
20.0
 44
420.0
 45
297.0
 46
0.0
 47
0.0
 48
0.0
 49
0.0
140
0.0
141
0.0
142
1.0
143
1.0
 70
1024
 72
1
 73
0
 74
5
  7

 75
16
 76
0
 77
2
 78
300
147
1.0
148
0.0
149
0.0
100
AcDbLayout
  1
Model
 70
1
 71
0
 10
0.0
 20
0.0
 11
420.0
 21
297.0
 12
0.0
 22
0.0
 32
0.0
 14
1e+20
 24
1e+20
 34
1e+20
 15
-1e+20
 25
-1e+20
 35
-1e+20
146
0.0
 13
0.0
 23
0.0
 33
0.0
 16
1.0
 26
0.0
 36
0.0
 17
0.0
 27
1.0
 37
0.0
 76
1
330
17
  0
LAYOUT
  5
1E
330
D
100
AcDbPlotSettings
  1

  4
A3
  6

 40
7.5
 41
20.0
 42
7.5
 43
20.0
 44
420.0
 45
297.0
 46
0.0
 47
0.0
 48
0.0
 49
0.0
140
0.0
141
0.0
142
1.0
143
1.0
 70
0
 72
1
 73
0
 74
5
  7

 75
16
 76
0
 77
2
 78
300
147
1.0
148
0.0
149
0.0
100
AcDbLayout
  1
Layout1
 70
1
 71
1
 10
0.0
 20
0.0
 11
420.0
 21
297.0
 12
0.0
 22
0.0
 32
0.0
 14
1e+20
 24
1e+20
 34
1e+20
 15
-1e+20
 25
-1e+20
 35
-1e+20
146
0.0
 13
0.0
 23
0.0
 33
0.0
 16
1.0
 26
0.0
 36
0.0
 17
0.0
 27
1.0
 37
0.0
 76
1
330
1B
  0
MATERIAL
  5
1F
102
{ACAD_REACTORS
330
E
102
}
330
E
100
AcDbMaterial
  1
ByBlock
  2

 70
0
 40
1.0
 71
1
 41
1.0
 91
-1023410177
 42
1.0
 72
1
  3

 73
1
 74
1
 75
1
 44
0.5
 73
0
 45
1.0
 46
1.0
 77
1
  4

 78
1
 79
1
170
1
 48
1.0
171
1
  6

172
1
173
1
174
1
140
1.0
141
1.0
175
1
  7

176
1
177
1
178
1
143
1.0
179
1
  8

270
1
271
1
272
1
145
1.0
146
1.0
273
1
  9

274
1
275
1
276
1
 42
1.0
 72
1
  3

 73
1
 74
1
 75
1
 94
63
  0
MATERIAL
  5
20
102
{ACAD_REACTORS
330
E
102
}
330
E
100
AcDbMaterial
  1
ByLayer
  2

 70
0
 40
1.0
 71
1
 41
1.0
 91
-1023410177
 42
1.0
 72
1
  3

 73
1
 74
1
 75
1
 44
0.5
 73
0
 45
1.0
 46
1.0
 77
1
  4

 78
1
 79
1
170
1
 48
1.0
171
1
  6

172
1
173
1
174
1
140
1.0
141
1.0
175
1
  7

176
1
177
1
178
1
143
1.0
179
1
  8

270
1
271
1
272
1
145
1.0
146
1.0
273
1
  9

274
1
275
1
276
1
 42
1.0
 72
1
  3

 73
1
 74
1
 75
1
 94
63
  0
MATERIAL
  5
21
102
{ACAD_REACTORS
330
E
102
}
330
E
100
AcDbMaterial
  1
Global
  2

 70
0
 40
1.0
 71
1
 41
1.0
 91
-1023410177
 42
1.0
 72
1
  3

 73
1
 74
1
 75
1
 44
0.5
 73
0
 45
1.0
 46
1.0
 77
1
  4

 78
1
 79
1
170
1
 48
1.0
171
1
  6

172
1
173
1
174
1
140
1.0
141
1.0
175
1
  7

176
1
177
1
178
1
143
1.0
179
1
  8

270
1
271
1
272
1
145
1.0
146
1.0
273
1
  9

274
1
275
1
276
1
 42
1.0
 72
1
  3

 73
1
 74
1
 75
1
 94
63
  0
MLINESTYLE
  5
22
102
{ACAD_REACTORS
330
10
102
}
330
10
100
AcDbMlineStyle
  2
Standard
 70
0
  3

 62
256
 51
90.0
 52
90.0
 71
2
 49
0.5
 62
256
  6
BYLAYER
 49
-0.5
 62
256
  6
BYLAYER
  0
MLEADERSTYLE
  5
2C
102
{ACAD_REACTORS
330
F
102
}
330
F
100
AcDbMLeaderStyle
179
2
170
2
171
1
172
0
 90
2
 40
0.0
 41
0.0
173
1
 91
-1056964608
 92
-2
290
1
 42
2.0
291
1
 43
8.0
  3
Standard
 44
4.0
300

342
29
174
1
175
1
176
0
178
1
 93
-1056964608
 45
4.0
292
0
297
0
 46
4.0
 94
-1056964608
 47
1.0
 49
1.0
140
1.0
294
1
141
0.0
177
0
142
1.0
295
0
296
0
143
3.75
271
0
272
9
273
9
  0
DICTIONARY
  5
2D
330
A
100
AcDbDictionary
280
1
281
1
  3
CREATED_BY_EZDXF
350
2E
  3
WRITTEN_BY_EZDXF
350
C6B
  0
DICTIONARYVAR
  5
2E
330
2D
100
DictionaryVariables
280
0
  1
1.4.4 @ 2026-09-05T13:08:48.579632+00:00
  0
VISUALSTYLE
  5
5A
102
{ACAD_REACTORS
330
16
102
}
330
16
100
AcDbVisualStyle
  2
2dWireframe
 70
4
177
3
291
0
 70
58
 90
2
176
1
 90
2
176
1
 90
0
176
1
 90
0
176
1
 40
0.6
176
1
 40
30.0
176
1
 62
7
420
16777215
176
1
 90
1
176
1
 90
4
176
1
 62
7
176
1
 62
257
176
1
 90
1
176
1
 90
1
176
1
 40
1.0
176
1
 90
8
176
1
 62
7
176
1
 40
1.0
176
1
 90
1
176
1
 90
6
176
1
 90
2
176
1
 62
7
176
1
 90
5
176
1
 90
0
176
1
 90
0
176
1
290
0
176
1
 90
1
176
1
 40
0.0
176
1
 90
0
176
1
290
1
176
1
290
1
176
1
290
0
176
1
290
0
176
1
290
0
176
1
290
0
176
1
290
0
176
1
290
0
176
1
290
0
176
1
 90
50
176
1
 40
0.0
176
1
 40
1.0
176
1
 90
0
176
1
 62
18
420
0
176
1
 90
50
176
1
 90
3
176
1
 62
5
420
255
176
1
290
0
176
1
 90
50
176
1
 90
50
176
1
 90
50
176
1
290
0
176
1
 90
50
176
1
 62
256
176
0
 40
1.0
176
0
 90
2
176
1
  1
strokes_ogs.tif
176
1
290
0
176
1
 40
1.0
176
1
 40
1.0
176
1
  0
VISUALSTYLE
  5
5B
102
{ACAD_REACTORS
330
16
102
}
330
16
100
AcDbVisualStyle
  2
Basic
 70
7
177
3
291
1
 70
58
 90
2
176
1
 90
2
176
1
 90
0
176
1
 90
1
176
1
 40
0.6
176
1
 40
30.0
176
1
 62
7
420
16777215
176
1
 90
1
176
1
 90
4
176
1
 62
7
176
1
 62
257
176
1
 90
1
176
1
 90
1
176
1
 40
1.0
176
1
 90
8
176
1
 62
7
176
1
 40
1.0
176
1
 90
1
176
1
 90
6
176
1
 90
2
176
1
 62
7
176
1
 90
5
176
1
 90
0
176
1
 90
0
176
1
290
0
176
1
 90
1
176
1
 40
0.0
176
1
 90
0
176
1
290
0
176
1
290
1
176
1
290
1
176
1
290
0
176
1
290
0
176
1
290
0
176
1
290
0
176
1
290
0
176
1
290
0
176
1
 90
50
176
1
 40
0.0
176
1
 40
1.0
176
1
 90
0
176
1
 62
18
420
0
176
1
 90
50
176
1
 90
3
176
1
 62
5
420
255
176
1
290
0
176
1
 90
50
176
1
 90
50
176
1
 90
50
176
1
290
0
176
1
 90
50
176
1
 62
256
176
0
 40
1.0
176
0
 90
2
176
1
  1
strokes_ogs.tif
176
1
290
0
176
1
 40
1.0
176
1
 40
1.0
176
1
  0
VISUALSTYLE
  5
5C
102
{ACAD_REACTORS
330
16
102
}
330
16
100
AcDbVisualStyle
  2
Brighten
 70
12
177
3
291
1
 70
58
 90
2
176
1
 90
2
176
1
 90
0
176
1
 90
2
176
1
 40
0.6
176
1
 40
30.0
176
1
 62
7
420
16777215
176
1
 90
1
176
1
 90
4
176
1
 62
7
176
1
 62
257
176
1
 90
1
176
1
 90
1
176
1
 40
1.0
176
1
 90
8
176
1
 62
7
176
1
 40
1.0
176
1
 90
1
176
1
 90
6
176
1
 90
2
176
1
 62
7
176
1
 90
5
176
1
 90
0
176
1
 90
0
176
1
290
0
176
1
 90
1
176
1
 40
0.0
176
1
 90
0
176
1
290
0
176
1
290
1
176
1
290
1
176
1
290
0
176
1
290
0
176
1
290
0
176
1
290
0
176
1
290
0
176
1
290
0
176
1
 90
50
176
1
 40
0.0
176
1
 40
1.0
176
1
 90
0
176
1
 62
18
420
0
176
1
 90
50
176
1
 90
3
176
1
 62
5
420
255
176
1
290
0
176
1
 90
50
176
1
 90
50
176
1
 90
50
176
1
290
0
176
1
 90
50
176
1
 62
256
176
0
 40
1.0
176
0
 90
2
176
1
  1
strokes_ogs.tif
176
1
290
0
176
1
 40
1.0
176
1
 40
1.0
176
1
  0
VISUALSTYLE
  5
5D
102
{ACAD_REACTORS
330
16
102
}
330
16
100
AcDbVisualStyle
  2
ColorChange
 70
16
177
3
291
1
 70
58
 90
2
176
1
 90
2
176
1
 90
0
176
1
 90
2
176
1
 40
0.6
176
1
 40
30.0
176
1
 62
7
420
16777215
176
1
 90
1
176
1
 90
4
176
1
 62
7
176
1
 62
257
176
1
 90
1
176
1
 90
1
176
1
 40
1.0
176
1
 90
8
176
1
 62
7
176
1
 40
1.0
176
1
 90
1
176
1
 90
6
176
1
 90
2
176
1
 62
7
176
1
 90
5
176
1
 90
0
176
1
 90
0
176
1
290
0
176
1
 90
1
176
1
 40
0.0
176
1
 90
0
176
1
290
0
176
1
290
1
176
1
290
1
176
1
290
0
176
1
290
0
176
1
290
0
176
1
290
0
176
1
290
0
176
1
290
0
176
1
 90
50
176
1
 40
0.0
176
1
 40
1.0
176
1
 90
0
176
1
 62
18
420
0
176
1
 90
50
176
1
 90
3
176
1
 62
5
420
255
176
1
290
0
176
1
 90
50
176
1
 90
50
176
1
 90
50
176
1
290
0
176
1
 90
50
176
1
 62
256
176
0
 40
1.0
176
0
 90
2
176
1
  1
strokes_ogs.tif
176
1
290
0
176
1
 40
1.0
176
1
 40
1.0
176
1
  0
VISUALSTYLE
  5
5E
102
{ACAD_REACTORS
330
16
102
}
330
16
100
AcDbVisualStyle
  2
Conceptual
 70
9
177
3
291
0
 70
58
 90
2
176
1
 90
2
176
1
 90
0
176
1
 90
3
176
1
 40
0.6
176
1
 40
30.0
176
1
 62
7
420
16777215
176
1
 90
1
176
1
 90
4
176
1
 62
7
176
1
 62
257
176
1
 90
1
176
1
 90
1
176
1
 40
1.0
176
1
 90
8
176
1
 62
7
176
1
 40
1.0
176
1
 90
1
176
1
 90
6
176
1
 90
2
176
1
 62
7
176
1
 90
5
176
1
 90
0
176
1
 90
0
176
1
290
0
176
1
 90
1
176
1
 40
0.0
176
1
 90
0
176
1
290
0
176
1
290
1
176
1
290
1
176
1
290
0
176
1
290
0
176
1
290
0
176
1
290
0
176
1
290
0
176
1
290
0
176
1
 90
50
176
1
 40
0.0
176
1
 40
1.0
176
1
 90
0
176
1
 62
18
420
0
176
1
 90
50
176
1
 90
3
176
1
 62
5
420
255
176
1
290
0
176
1
 90
50
176
1
 90
50
176
1
 90
50
176
1
290
0
176
1
 90
50
176
1
 62
256
176
0
 40
1.0
176
0
 90
2
176
1
  1
strokes_ogs.tif
176
1
290
0
176
1
 40
1.0
176
1
 40
1.0
176
1
  0
VISUALSTYLE
  5
5F
102
{ACAD_REACTORS
330
16
102
}
330
16
100
AcDbVisualStyle
  2
Dim
 70
11
177
3
291
1
 70
58
 90
2
176
1
 90
2
176
1
 90
0
176
1
 90
2
176
1
 40
0.6
176
1
 40
30.0
176
1
 62
7
420
16777215
176
1
 90
1
176
1
 90
4
176
1
 62
7
176
1
 62
257
176
1
 90
1
176
1
 90
1
176
1
 40
1.0
176
1
 90
8
176
1
 62
7
176
1
 40
1.0
176
1
 90
1
176
1
 90
6
176
1
 90
2
176
1
 62
7
176
1
 90
5
176
1
 90
0
176
1
 90
0
176
1
290
0
176
1
 90
1
176
1
 40
0.0
176
1
 90
0
176
1
290
0
176
1
290
1
176
1
290
1
176
1
290
0
176
1
290
0
176
1
290
0
176
1
290
0
176
1
290
0
176
1
290
0
176
1
 90
50
176
1
 40
0.0
176
1
 40
1.0
176
1
 90
0
176
1
 62
18
420
0
176
1
 90
50
176
1
 90
3
176
1
 62
5
420
255
176
1
290
0
176
1
 90
50
176
1
 90
50
176
1
 90
50
176
1
290
0
176
1
 90
50
176
1
 62
256
176
0
 40
1.0
176
0
 90
2
176
1
  1
strokes_ogs.tif
176
1
290
0
176
1
 40
1.0
176
1
 40
1.0
176
1
  0
VISUALSTYLE
  5
60
102
{ACAD_REACTORS
330
16
102
}
330
16
100
AcDbVisualStyle
  2
EdgeColorOff
 70
22
177
3
291
1
 70
58
 90
2
176
1
 90
2
176
1
 90
0
176
1
 90
2
176
1
 40
0.6
176
1
 40
30.0
176
1
 62
7
420
16777215
176
1
 90
1
176
1
 90
4
176
1
 62
7
176
1
 62
257
176
1
 90
1
176
1
 90
1
176
1
 40
1.0
176
1
 90
8
176
1
 62
7
176
1
 40
1.0
176
1
 90
1
176
1
 90
6
176
1
 90
2
176
1
 62
7
176
1
 90
5
176
1
 90
0
176
1
 90
0
176
1
290
0
176
1
 90
1
176
1
 40
0.0
176
1
 90
0
176
1
290
0
176
1
290
1
176
1
290
1
176
1
290
0
176
1
290
0
176
1
290
0
176
1
290
0
176
1
290
0
176
1
290
0
176
1
 90
50
176
1
 40
0.0
176
1
 40
1.0
176
1
 90
0
176
1
 62
18
420
0
176
1
 90
50
176
1
 90
3
176
1
 62
5
420
255
176
1
290
0
176
1
 90
50
176
1
 90
50
176
1
 90
50
176
1
290
0
176
1
 90
50
176
1
 62
256
176
0
 40
1.0
176
0
 90
2
176
1
  1
strokes_ogs.tif
176
1
290
0
176
1
 40
1.0
176
1
 40
1.0
176
1
  0
VISUALSTYLE
  5
61
102
{ACAD_REACTORS
330
16
102
}
330
16
100
AcDbVisualStyle
  2
Facepattern
 70
15
177
3
291
1
 70
58
 90
2
176
1
 90
2
176
1
 90
0
176
1
 90
2
176
1
 40
0.6
176
1
 40
30.0
176
1
 62
7
420
16777215
176
1
 90
1
176
1
 90
4
176
1
 62
7
176
1
 62
257
176
1
 90
1
176
1
 90
1
176
1
 40
1.0
176
1
 90
8
176
1
 62
7
176
1
 40
1.0
176
1
 90
1
176
1
 90
6
176
1
 90
2
176
1
 62
7
176
1
 90
5
176
1
 90
0
176
1
 90
0
176
1
290
0
176
1
 90
1
176
1
 40
0.0
176
1
 90
0
176
1
290
0
176
1
290
1
176
1
290
1
176
1
290
0
176
1
290
0
176
1
290
0
176
1
290
0
176
1
290
0
176
1
290
0
176
1
 90
50
176
1
 40
0.0
176
1
 40
1.0
176
1
 90
0
176
1
 62
18
420
0
176
1
 90
50
176
1
 90
3
176
1
 62
5
420
255
176
1
290
0
176
1
 90
50
176
1
 90
50
176
1
 90
50
176
1
290
0
176
1
 90
50
176
1
 62
256
176
0
 40
1.0
176
0
 90
2
176
1
  1
strokes_ogs.tif
176
1
290
0
176
1
 40
1.0
176
1
 40
1.0
176
1
  0
VISUALSTYLE
  5
62
102
{ACAD_REACTORS
330
16
102
}
330
16
100
AcDbVisualStyle
  2
Flat
 70
0
177
3
291
1
 70
58
 90
2
176
1
 90
2
176
1
 90
0
176
1
 90
2
176
1
 40
0.6
176
1
 40
30.0
176
1
 62
7
420
16777215
176
1
 90
1
176
1
 90
4
176
1
 62
7
176
1
 62
257
176
1
 90
1
176
1
 90
1
176
1
 40
1.0
176
1
 90
8
176
1
 62
7
176
1
 40
1.0
176
1
 90
1
176
1
 90
6
176
1
 90
2
176
1
 62
7
176
1
 90
5
176
1
 90
0
176
1
 90
0
176
1
290
0
176
1
 90
1
176
1
 40
0.0
176
1
 90
0
176
1
290
0
176
1
290
1
176
1
290
1
176
1
290
0
176
1
290
0
176
1
290
0
176
1
290
0
176
1
290
0
176
1
290
0
176
1
 90
50
176
1
 40
0.0
176
1
 40
1.0
176
1
 90
0
176
1
 62
18
420
0
176
1
 90
50
176
1
 90
3
176
1
 62
5
420
255
176
1
290
0
176
1
 90
50
176
1
 90
50
176
1
 90
50
176
1
290
0
176
1
 90
50
176
1
 62
256
176
0
 40
1.0
176
0
 90
2
176
1
  1
strokes_ogs.tif
176
1
290
0
176
1
 40
1.0
176
1
 40
1.0
176
1
  0
VISUALSTYLE
  5
63
102
{ACAD_REACTORS
330
16
102
}
330
16
100
AcDbVisualStyle
  2
FlatWithEdges
 70
1
177
3
291
1
 70
58
 90
2
176
1
 90
2
176
1
 90
0
176
1
 90
2
176
1
 40
0.6
176
1
 40
30.0
176
1
 62
7
420
16777215
176
1
 90
1
176
1
 90
4
176
1
 62
7
176
1
 62
257
176
1
 90
1
176
1
 90
1
176
1
 40
1.0
176
1
 90
8
176
1
 62
7
176
1
 40
1.0
176
1
 90
1
176
1
 90
6
176
1
 90
2
176
1
 62
7
176
1
 90
5
176
1
 90
0
176
1
 90
0
176
1
290
0
176
1
 90
1
176
1
 40
0.0
176
1
 90
0
176
1
290
0
176
1
290
1
176
1
290
1
176
1
290
0
176
1
290
0
176
1
290
0
176
1
290
0
176
1
290
0
176
1
290
0
176
1
 90
50
176
1
 40
0.0
176
1
 40
1.0
176
1
 90
0
176
1
 62
18
420
0
176
1
 90
50
176
1
 90
3
176
1
 62
5
420
255
176
1
290
0
176
1
 90
50
176
1
 90
50
176
1
 90
50
176
1
290
0
176
1
 90
50
176
1
 62
256
176
0
 40
1.0
176
0
 90
2
176
1
  1
strokes_ogs.tif
176
1
290
0
176
1
 40
1.0
176
1
 40
1.0
176
1
  0
VISUALSTYLE
  5
64
102
{ACAD_REACTORS
330
16
102
}
330
16
100
AcDbVisualStyle
  2
Gouraud
 70
2
177
3
291
1
 70
58
 90
2
176
1
 90
2
176
1
 90
0
176
1
 90
2
176
1
 40
0.6
176
1
 40
30.0
176
1
 62
7
420
16777215
176
1
 90
1
176
1
 90
4
176
1
 62
7
176
1
 62
257
176
1
 90
1
176
1
 90
1
176
1
 40
1.0
176
1
 90
8
176
1
 62
7
176
1
 40
1.0
176
1
 90
1
176
1
 90
6
176
1
 90
2
176
1
 62
7
176
1
 90
5
176
1
 90
0
176
1
 90
0
176
1
290
0
176
1
 90
1
176
1
 40
0.0
176
1
 90
0
176
1
290
0
176
1
290
1
176
1
290
1
176
1
290
0
176
1
290
0
176
1
290
0
176
1
290
0
176
1
290
0
176
1
290
0
176
1
 90
50
176
1
 40
0.0
176
1
 40
1.0
176
1
 90
0
176
1
 62
18
420
0
176
1
 90
50
176
1
 90
3
176
1
 62
5
420
255
176
1
290
0
176
1
 90
50
176
1
 90
50
176
1
 90
50
176
1
290
0
176
1
 90
50
176
1
 62
256
176
0
 40
1.0
176
0
 90
2
176
1
  1
strokes_ogs.tif
176
1
290
0
176
1
 40
1.0
176
1
 40
1.0
176
1
  0
VISUALSTYLE
  5
65
102
{ACAD_REACTORS
330
16
102
}
330
16
100
AcDbVisualStyle
  2
GouraudWithEdges
 70
3
177
3
291
1
 70
58
 90
2
176
1
 90
2
176
1
 90
0
176
1
 90
2
176
1
 40
0.6
176
1
 40
30.0
176
1
 62
7
420
16777215
176
1
 90
1
176
1
 90
4
176
1
 62
7
176
1
 62
257
176
1
 90
1
176
1
 90
1
176
1
 40
1.0
176
1
 90
8
176
1
 62
7
176
1
 40
1.0
176
1
 90
1
176
1
 90
6
176
1
 90
2
176
1
 62
7
176
1
 90
5
176
1
 90
0
176
1
 90
0
176
1
290
0
176
1
 90
1
176
1
 40
0.0
176
1
 90
0
176
1
290
0
176
1
290
1
176
1
290
1
176
1
290
0
176
1
290
0
176
1
290
0
176
1
290
0
176
1
290
0
176
1
290
0
176
1
 90
50
176
1
 40
0.0
176
1
 40
1.0
176
1
 90
0
176
1
 62
18
420
0
176
1
 90
50
176
1
 90
3
176
1
 62
5
420
255
176
1
290
0
176
1
 90
50
176
1
 90
50
176
1
 90
50
176
1
290
0
176
1
 90
50
176
1
 62
256
176
0
 40
1.0
176
0
 90
2
176
1
  1
strokes_ogs.tif
176
1
290
0
176
1
 40
1.0
176
1
 40
1.0
176
1
  0
VISUALSTYLE
  5
66
102
{ACAD_REACTORS
330
16
102
}
330
16
100
AcDbVisualStyle
  2
Hidden
 70
6
177
3
291
0
 70
58
 90
2
176
1
 90
2
176
1
 90
0
176
1
 90
1
176
1
 40
0.6
176
1
 40
30.0
176
1
 62
7
420
16777215
176
1
 90
1
176
1
 90
4
176
1
 62
7
176
1
 62
257
176
1
 90
1
176
1
 90
1
176
1
 40
1.0
176
1
 90
8
176
1
 62
7
176
1
 40
1.0
176
1
 90
1
176
1
 90
6
176
1
 90
2
176
1
 62
7
176
1
 90
5
176
1
 90
0
176
1
 90
0
176
1
290
0
176
1
 90
1
176
1
 40
0.0
176
1
 90
0
176
1
290
0
176
1
290
1
176
1
290
1
176
1
290
0
176
1
290
0
176
1
290
0
176
1
290
0
176
1
290
0
176
1
290
0
176
1
 90
50
176
1
 40
0.0
176
1
 40
1.0
176
1
 90
0
176
1
 62
18
420
0
176
1
 90
50
176
1
 90
3
176
1
 62
5
420
255
176
1
290
0
176
1
 90
50
176
1
 90
50
176
1
 90
50
176
1
290
0
176
1
 90
50
176
1
 62
256
176
0
 40
1.0
176
0
 90
2
176
1
  1
strokes_ogs.tif
176
1
290
0
176
1
 40
1.0
176
1
 40
1.0
176
1
  0
VISUALSTYLE
  5
67
102
{ACAD_REACTORS
330
16
102
}
330
16
100
AcDbVisualStyle
  2
JitterOff
 70
20
177
3
291
1
 70
58
 90
2
176
1
 90
2
176
1
 90
0
176
1
 90
2
176
1
 40
0.6
176
1
 40
30.0
176
1
 62
7
420
16777215
176
1
 90
1
176
1
 90
4
176
1
 62
7
176
1
 62
257
176
1
 90
1
176
1
 90
1
176
1
 40
1.0
176
1
 90
8
176
1
 62
7
176
1
 40
1.0
176
1
 90
1
176
1
 90
6
176
1
 90
2
176
1
 62
7
176
1
 90
5
176
1
 90
0
176
1
 90
0
176
1
290
0
176
1
 90
1
176
1
 40
0.0
176
1
 90
0
176
1
290
0
176
1
290
1
176
1
290
1
176
1
290
0
176
1
290
0
176
1
290
0
176
1
290
0
176
1
290
0
176
1
290
0
176
1
 90
50
176
1
 40
0.0
176
1
 40
1.0
176
1
 90
0
176
1
 62
18
420
0
176
1
 90
50
176
1
 90
3
176
1
 62
5
420
255
176
1
290
0
176
1
 90
50
176
1
 90
50
176
1
 90
50
176
1
290
0
176
1
 90
50
176
1
 62
256
176
0
 40
1.0
176
0
 90
2
176
1
  1
strokes_ogs.tif
176
1
290
0
176
1
 40
1.0
176
1
 40
1.0
176
1
  0
VISUALSTYLE
  5
68
102
{ACAD_REACTORS
330
16
102
}
330
16
100
AcDbVisualStyle
  2
Linepattern
 70
14
177
3
291
1
 70
58
 90
2
176
1
 90
2
176
1
 90
0
176
1
 90
2
176
1
 40
0.6
176
1
 40
30.0
176
1
 62
7
420
16777215
176
1
 90
1
176
1
 90
4
176
1
 62
7
176
1
 62
257
176
1
 90
1
176
1
 90
1
176
1
 40
1.0
176
1
 90
8
176
1
 62
7
176
1
 40
1.0
176
1
 90
1
176
1
 90
6
176
1
 90
2
176
1
 62
7
176
1
 90
5
176
1
 90
0
176
1
 90
0
176
1
290
0
176
1
 90
1
176
1
 40
0.0
176
1
 90
0
176
1
290
0
176
1
290
1
176
1
290
1
176
1
290
0
176
1
290
0
176
1
290
0
176
1
290
0
176
1
290
0
176
1
290
0
176
1
 90
50
176
1
 40
0.0
176
1
 40
1.0
176
1
 90
0
176
1
 62
18
420
0
176
1
 90
50
176
1
 90
3
176
1
 62
5
420
255
176
1
290
0
176
1
 90
50
176
1
 90
50
176
1
 90
50
176
1
290
0
176
1
 90
50
176
1
 62
256
176
0
 40
1.0
176
0
 90
2
176
1
  1
strokes_ogs.tif
176
1
290
0
176
1
 40
1.0
176
1
 40
1.0
176
1
  0
VISUALSTYLE
  5
69
102
{ACAD_REACTORS
330
16
102
}
330
16
100
AcDbVisualStyle
  2
Modeling
 70
10
177
3
291
0
 70
58
 90
2
176
1
 90
2
176
1
 90
0
176
1
 90
2
176
1
 40
0.6
176
1
 40
30.0
176
1
 62
7
420
16777215
176
1
 90
1
176
1
 90
4
176
1
 62
7
176
1
 62
257
176
1
 90
1
176
1
 90
1
176
1
 40
1.0
176
1
 90
8
176
1
 62
7
176
1
 40
1.0
176
1
 90
1
176
1
 90
6
176
1
 90
2
176
1
 62
7
176
1
 90
5
176
1
 90
0
176
1
 90
0
176
1
290
0
176
1
 90
1
176
1
 40
0.0
176
1
 90
0
176
1
290
0
176
1
290
1
176
1
290
1
176
1
290
0
176
1
290
0
176
1
290
0
176
1
290
0
176
1
290
0
176
1
290
0
176
1
 90
50
176
1
 40
0.0
176
1
 40
1.0
176
1
 90
0
176
1
 62
18
420
0
176
1
 90
50
176
1
 90
3
176
1
 62
5
420
255
176
1
290
0
176
1
 90
50
176
1
 90
50
176
1
 90
50
176
1
290
0
176
1
 90
50
176
1
 62
256
176
0
 40
1.0
176
0
 90
2
176
1
  1
strokes_ogs.tif
176
1
290
0
176
1
 40
1.0
176
1
 40
1.0
176
1
  0
VISUALSTYLE
  5
6A
102
{ACAD_REACTORS
330
16
102
}
330
16
100
AcDbVisualStyle
  2
OverhangOff
 70
21
177
3
291
1
 70
58
 90
2
176
1
 90
2
176
1
 90
0
176
1
 90
2
176
1
 40
0.6
176
1
 40
30.0
176
1
 62
7
420
16777215
176
1
 90
1
176
1
 90
4
176
1
 62
7
176
1
 62
257
176
1
 90
1
176
1
 90
1
176
1
 40
1.0
176
1
 90
8
176
1
 62
7
176
1
 40
1.0
176
1
 90
1
176
1
 90
6
176
1
 90
2
176
1
 62
7
176
1
 90
5
176
1
 90
0
176
1
 90
0
176
1
290
0
176
1
 90
1
176
1
 40
0.0
176
1
 90
0
176
1
290
0
176
1
290
1
176
1
290
1
176
1
290
0
176
1
290
0
176
1
290
0
176
1
290
0
176
1
290
0
176
1
290
0
176
1
 90
50
176
1
 40
0.0
176
1
 40
1.0
176
1
 90
0
176
1
 62
18
420
0
176
1
 90
50
176
1
 90
3
176
1
 62
5
420
255
176
1
290
0
176
1
 90
50
176
1
 90
50
176
1
 90
50
176
1
290
0
176
1
 90
50
176
1
 62
256
176
0
 40
1.0
176
0
 90
2
176
1
  1
strokes_ogs.tif
176
1
290
0
176
1
 40
1.0
176
1
 40
1.0
176
1
  0
VISUALSTYLE
  5
6B
102
{ACAD_REACTORS
330
16
102
}
330
16
100
AcDbVisualStyle
  2
Realistic
 70
8
177
3
291
0
 70
58
 90
2
176
1
 90
2
176
1
 90
0
176
1
 90
2
176
1
 40
0.6
176
1
 40
30.0
176
1
 62
7
420
16777215
176
1
 90
1
176
1
 90
4
176
1
 62
7
176
1
 62
257
176
1
 90
1
176
1
 90
1
176
1
 40
1.0
176
1
 90
8
176
1
 62
7
176
1
 40
1.0
176
1
 90
1
176
1
 90
6
176
1
 90
2
176
1
 62
7
176
1
 90
5
176
1
 90
0
176
1
 90
0
176
1
290
0
176
1
 90
1
176
1
 40
0.0
176
1
 90
0
176
1
290
0
176
1
290
1
176
1
290
1
176
1
290
0
176
1
290
0
176
1
290
0
176
1
290
0
176
1
290
0
176
1
290
0
176
1
 90
50
176
1
 40
0.0
176
1
 40
1.0
176
1
 90
0
176
1
 62
18
420
0
176
1
 90
50
176
1
 90
3
176
1
 62
5
420
255
176
1
290
0
176
1
 90
50
176
1
 90
50
176
1
 90
50
176
1
290
0
176
1
 90
50
176
1
 62
256
176
0
 40
1.0
176
0
 90
2
176
1
  1
strokes_ogs.tif
176
1
290
0
176
1
 40
1.0
176
1
 40
1.0
176
1
  0
VISUALSTYLE
  5
6C
102
{ACAD_REACTORS
330
16
102
}
330
16
100
AcDbVisualStyle
  2
Shaded
 70
27
177
3
291
0
 70
58
 90
2
176
1
 90
2
176
1
 90
0
176
1
 90
2
176
1
 40
0.6
176
1
 40
30.0
176
1
 62
7
420
16777215
176
1
 90
1
176
1
 90
4
176
1
 62
7
176
1
 62
257
176
1
 90
1
176
1
 90
1
176
1
 40
1.0
176
1
 90
8
176
1
 62
7
176
1
 40
1.0
176
1
 90
1
176
1
 90
6
176
1
 90
2
176
1
 62
7
176
1
 90
5
176
1
 90
0
176
1
 90
0
176
1
290
0
176
1
 90
1
176
1
 40
0.0
176
1
 90
0
176
1
290
0
176
1
290
1
176
1
290
1
176
1
290
0
176
1
290
0
176
1
290
0
176
1
290
0
176
1
290
0
176
1
290
0
176
1
 90
50
176
1
 40
0.0
176
1
 40
1.0
176
1
 90
0
176
1
 62
18
420
0
176
1
 90
50
176
1
 90
3
176
1
 62
5
420
255
176
1
290
0
176
1
 90
50
176
1
 90
50
176
1
 90
50
176
1
290
0
176
1
 90
50
176
1
 62
256
176
0
 40
1.0
176
0
 90
2
176
1
  1
strokes_ogs.tif
176
1
290
0
176
1
 40
1.0
176
1
 40
1.0
176
1
  0
VISUALSTYLE
  5
6D
102
{ACAD_REACTORS
330
16
102
}
330
16
100
AcDbVisualStyle
  2
Shaded with edges
 70
26
177
3
291
0
 70
58
 90
2
176
1
 90
2
176
1
 90
0
176
1
 90
2
176
1
 40
0.6
176
1
 40
30.0
176
1
 62
7
420
16777215
176
1
 90
1
176
1
 90
4
176
1
 62
7
176
1
 62
257
176
1
 90
1
176
1
 90
1
176
1
 40
1.0
176
1
 90
8
176
1
 62
7
176
1
 40
1.0
176
1
 90
1
176
1
 90
6
176
1
 90
2
176
1
 62
7
176
1
 90
5
176
1
 90
0
176
1
 90
0
176
1
290
0
176
1
 90
1
176
1
 40
0.0
176
1
 90
0
176
1
290
0
176
1
290
1
176
1
290
1
176
1
290
0
176
1
290
0
176
1
290
0
176
1
290
0
176
1
290
0
176
1
290
0
176
1
 90
50
176
1
 40
0.0
176
1
 40
1.0
176
1
 90
0
176
1
 62
18
420
0
176
1
 90
50
176
1
 90
3
176
1
 62
5
420
255
176
1
290
0
176
1
 90
50
176
1
 90
50
176
1
 90
50
176
1
290
0
176
1
 90
50
176
1
 62
256
176
0
 40
1.0
176
0
 90
2
176
1
  1
strokes_ogs.tif
176
1
290
0
176
1
 40
1.0
176
1
 40
1.0
176
1
  0
VISUALSTYLE
  5
6E
102
{ACAD_REACTORS
330
16
102
}
330
16
100
AcDbVisualStyle
  2
Shades of Gray
 70
23
177
3
291
0
 70
58
 90
2
176
1
 90
2
176
1
 90
0
176
1
 90
2
176
1
 40
0.6
176
1
 40
30.0
176
1
 62
7
420
16777215
176
1
 90
1
176
1
 90
4
176
1
 62
7
176
1
 62
257
176
1
 90
1
176
1
 90
1
176
1
 40
1.0
176
1
 90
8
176
1
 62
7
176
1
 40
1.0
176
1
 90
1
176
1
 90
6
176
1
 90
2
176
1
 62
7
176
1
 90
5
176
1
 90
0
176
1
 90
0
176
1
290
0
176
1
 90
1
176
1
 40
0.0
176
1
 90
0
176
1
290
0
176
1
290
1
176
1
290
1
176
1
290
0
176
1
290
0
176
1
290
0
176
1
290
0
176
1
290
0
176
1
290
0
176
1
 90
50
176
1
 40
0.0
176
1
 40
1.0
176
1
 90
0
176
1
 62
18
420
0
176
1
 90
50
176
1
 90
3
176
1
 62
5
420
255
176
1
290
0
176
1
 90
50
176
1
 90
50
176
1
 90
50
176
1
290
0
176
1
 90
50
176
1
 62
256
176
0
 40
1.0
176
0
 90
2
176
1
  1
strokes_ogs.tif
176
1
290
0
176
1
 40
1.0
176
1
 40
1.0
176
1
  0
VISUALSTYLE
  5
6F
102
{ACAD_REACTORS
330
16
102
}
330
16
100
AcDbVisualStyle
  2
Sketchy
 70
24
177
3
291
0
 70
58
 90
2
176
1
 90
2
176
1
 90
0
176
1
 90
1
176
1
 40
0.6
176
1
 40
30.0
176
1
 62
7
420
16777215
176
1
 90
1
176
1
 90
4
176
1
 62
7
176
1
 62
257
176
1
 90
1
176
1
 90
1
176
1
 40
1.0
176
1
 90
8
176
1
 62
7
176
1
 40
1.0
176
1
 90
1
176
1
 90
6
176
1
 90
2
176
1
 62
7
176
1
 90
5
176
1
 90
0
176
1
 90
0
176
1
290
0
176
1
 90
1
176
1
 40
0.0
176
1
 90
0
176
1
290
0
176
1
290
1
176
1
290
1
176
1
290
0
176
1
290
0
176
1
290
0
176
1
290
0
176
1
290
0
176
1
290
0
176
1
 90
50
176
1
 40
0.0
176
1
 40
1.0
176
1
 90
0
176
1
 62
18
420
0
176
1
 90
50
176
1
 90
3
176
1
 62
5
420
255
176
1
290
0
176
1
 90
50
176
1
 90
50
176
1
 90
50
176
1
290
0
176
1
 90
50
176
1
 62
256
176
0
 40
1.0
176
0
 90
2
176
1
  1
strokes_ogs.tif
176
1
290
0
176
1
 40
1.0
176
1
 40
1.0
176
1
  0
VISUALSTYLE
  5
70
102
{ACAD_REACTORS
330
16
102
}
330
16
100
AcDbVisualStyle
  2
Thicken
 70
13
177
3
291
1
 70
58
 90
2
176
1
 90
2
176
1
 90
0
176
1
 90
2
176
1
 40
0.6
176
1
 40
30.0
176
1
 62
7
420
16777215
176
1
 90
1
176
1
 90
4
176
1
 62
7
176
1
 62
257
176
1
 90
1
176
1
 90
1
176
1
 40
1.0
176
1
 90
8
176
1
 62
7
176
1
 40
1.0
176
1
 90
1
176
1
 90
6
176
1
 90
2
176
1
 62
7
176
1
 90
5
176
1
 90
0
176
1
 90
0
176
1
290
0
176
1
 90
1
176
1
 40
0.0
176
1
 90
0
176
1
290
0
176
1
290
1
176
1
290
1
176
1
290
0
176
1
290
0
176
1
290
0
176
1
290
0
176
1
290
0
176
1
290
0
176
1
 90
50
176
1
 40
0.0
176
1
 40
1.0
176
1
 90
0
176
1
 62
18
420
0
176
1
 90
50
176
1
 90
3
176
1
 62
5
420
255
176
1
290
0
176
1
 90
50
176
1
 90
50
176
1
 90
50
176
1
290
0
176
1
 90
50
176
1
 62
256
176
0
 40
1.0
176
0
 90
2
176
1
  1
strokes_ogs.tif
176
1
290
0
176
1
 40
1.0
176
1
 40
1.0
176
1
  0
VISUALSTYLE
  5
71
102
{ACAD_REACTORS
330
16
102
}
330
16
100
AcDbVisualStyle
  2
Wireframe
 70
5
177
3
291
0
 70
58
 90
2
176
1
 90
2
176
1
 90
0
176
1
 90
0
176
1
 40
0.6
176
1
 40
30.0
176
1
 62
7
420
16777215
176
1
 90
1
176
1
 90
4
176
1
 62
7
176
1
 62
257
176
1
 90
1
176
1
 90
1
176
1
 40
1.0
176
1
 90
8
176
1
 62
7
176
1
 40
1.0
176
1
 90
1
176
1
 90
6
176
1
 90
2
176
1
 62
7
176
1
 90
5
176
1
 90
0
176
1
 90
0
176
1
290
0
176
1
 90
1
176
1
 40
0.0
176
1
 90
0
176
1
290
0
176
1
290
1
176
1
290
1
176
1
290
0
176
1
290
0
176
1
290
0
176
1
290
0
176
1
290
0
176
1
290
0
176
1
 90
50
176
1
 40
0.0
176
1
 40
1.0
176
1
 90
0
176
1
 62
18
420
0
176
1
 90
50
176
1
 90
3
176
1
 62
5
420
255
176
1
290
0
176
1
 90
50
176
1
 90
50
176
1
 90
50
176
1
290
0
176
1
 90
50
176
1
 62
256
176
0
 40
1.0
176
0
 90
2
176
1
  1
strokes_ogs.tif
176
1
290
0
176
1
 40
1.0
176
1
 40
1.0
176
1
  0
VISUALSTYLE
  5
72
102
{ACAD_REACTORS
330
16
102
}
330
16
100
AcDbVisualStyle
  2
X-Ray
 70
25
177
3
291
0
 70
58
 90
2
176
1
 90
2
176
1
 90
0
176
1
 90
2
176
1
 40
0.5
176
1
 40
30.0
176
1
 62
7
420
16777215
176
1
 90
1
176
1
 90
4
176
1
 62
7
176
1
 62
257
176
1
 90
1
176
1
 90
1
176
1
 40
1.0
176
1
 90
8
176
1
 62
7
176
1
 40
1.0
176
1
 90
1
176
1
 90
6
176
1
 90
2
176
1
 62
7
176
1
 90
5
176
1
 90
0
176
1
 90
0
176
1
290
0
176
1
 90
1
176
1
 40
0.0
176
1
 90
0
176
1
290
0
176
1
290
1
176
1
290
1
176
1
290
0
176
1
290
0
176
1
290
0
176
1
290
0
176
1
290
0
176
1
290
0
176
1
 90
50
176
1
 40
0.0
176
1
 40
1.0
176
1
 90
0
176
1
 62
18
420
0
176
1
 90
50
176
1
 90
3
176
1
 62
5
420
255
176
1
290
0
176
1
 90
50
176
1
 90
50
176
1
 90
50
176
1
290
0
176
1
 90
50
176
1
 62
256
176
0
 40
1.0
176
0
 90
2
176
1
  1
strokes_ogs.tif
176
1
290
0
176
1
 40
1.0
176
1
 40
1.0
176
1
  0
DICTIONARYVAR
  5
C6B
330
2D
100
DictionaryVariables
280
0
  1
1.4.4 @ 2026-09-05T13:08:48.720201+00:00
  0
ENDSEC
  0
EOF
